<?xml version="1.0" encoding="utf-8"?>
<COLLADA xmlns="http://www.collada.org/2005/11/COLLADASchema" version="1.4.1" xmlns:xsi="http://www.w3.org/2001/XMLSchema-instance">
  <asset>
    <contributor>
      <author>Blender User</author>
      <authoring_tool>Blender 3.5.1 commit date:2023-04-24, commit time:18:11, hash:e1ccd9d4a1d3</authoring_tool>
    </contributor>
    <created>2023-07-07T16:10:40</created>
    <modified>2023-07-07T16:10:40</modified>
    <unit name="meter" meter="1"/>
    <up_axis>Z_UP</up_axis>
  </asset>
  <library_effects>
    <effect id="MTL0-effect">
      <profile_COMMON>
        <technique sid="common">
          <lambert>
            <emission>
              <color sid="emission">0 0 0 1</color>
            </emission>
            <diffuse>
              <color sid="diffuse">0.6 0.6 0.6 1</color>
            </diffuse>
            <index_of_refraction>
              <float sid="ior">1.45</float>
            </index_of_refraction>
          </lambert>
        </technique>
      </profile_COMMON>
    </effect>
  </library_effects>
  <library_images/>
  <library_materials>
    <material id="MTL0-material" name="MTL0">
      <instance_effect url="#MTL0-effect"/>
    </material>
  </library_materials>
  <library_geometries>
    <geometry id="imetro_finger_v2_m_vis-mesh" name="imetro_finger_v2_m_vis">
      <mesh>
        <source id="imetro_finger_v2_m_vis-mesh-positions">
          <float_array id="imetro_finger_v2_m_vis-mesh-positions-array" count="6393">0.003447949 -0.01418095 0 0.003447949 -0.01418095 0 0.003447949 -0.01418095 0 0.004195988 -0.01415795 0 0.004195988 -0.01415795 0 0.004941999 -0.01408696 0 0.004941999 -0.01408696 0 0.004941999 -0.01408696 0 0.004941999 -0.01408696 0 0.004941999 0.005130946 0 0.004941999 0.005130946 0 0.004941999 0.005130946 0 0.004941999 0.005130946 0 0.00258398 0.003922998 0 0.00258398 0.003922998 0 0.002419948 0.003797948 0 0.002419948 0.003797948 0 4.21e-4 0.001708984 0 4.21e-4 0.001708984 0 4.21e-4 0.001708984 0 -0.002307951 -0.002136945 0 -0.002307951 -0.002136945 0 -0.002307951 -0.002136945 0 -0.007116973 -0.006313979 0 -0.007116973 -0.006313979 0 -0.01330697 -0.007818996 0 -0.01330697 -0.007818996 0 -0.01330697 -0.007818996 0 -0.01782494 -0.007818996 0 -0.01782494 -0.007818996 0 -0.01782494 -0.007818996 0 -0.01951295 -0.00851798 0 -0.01951295 -0.00851798 0 -0.02021294 -0.01020598 0 -0.02021294 -0.01020598 0 -0.02021294 -0.01020598 0 -0.02021294 -0.01179397 0 -0.02021294 -0.01179397 0 -0.02021294 -0.01179397 0 -0.01951295 -0.01348197 0 -0.01951295 -0.01348197 0 -0.01782494 -0.01418095 0 -0.01782494 -0.01418095 0 -0.01782494 -0.01418095 0 -0.005563974 -0.01099997 0 -0.005563974 -0.01099997 0 -0.005563974 -0.01099997 0 -0.006275951 -0.01272195 0 -0.006275951 -0.01272195 0 -0.007989943 -0.01343595 0 -0.007989943 -0.01343595 0 -0.009712994 -0.01273298 0 -0.009712994 -0.01273298 0 -0.01024794 -0.01193898 0 -0.01024794 -0.01193898 0 -0.01043695 -0.01099997 0 -0.01043695 -0.01099997 0 -0.01043695 -0.01099997 0 -0.009723961 -0.009277999 0 -0.009723961 -0.009277999 0 -0.00800997 -0.008563995 0 -0.00800997 -0.008563995 0 -0.006286978 -0.009266972 0 -0.006286978 -0.009266972 0 -0.005751967 -0.01006096 0 -0.005751967 -0.01006096 0 -0.01456397 -0.01099997 0 -0.01456397 -0.01099997 0 -0.01456397 -0.01099997 0 -0.01527595 -0.01272195 0 -0.01527595 -0.01272195 0 -0.01699 -0.01343595 0 -0.01699 -0.01343595 0 -0.01871299 -0.01273298 0 -0.01871299 -0.01273298 0 -0.01924794 -0.01193898 0 -0.01924794 -0.01193898 0 -0.01943695 -0.01099997 0 -0.01943695 -0.01099997 0 -0.01943695 -0.01099997 0 -0.01872396 -0.009277999 0 -0.01872396 -0.009277999 0 -0.01700997 -0.008563995 0 -0.01700997 -0.008563995 0 -0.01528698 -0.009266972 0 -0.01528698 -0.009266972 0 -0.01475197 -0.01006096 0 -0.01475197 -0.01006096 0 0.003435969 -0.01099997 0 0.003435969 -0.01099997 0 0.003435969 -0.01099997 0 0.002723991 -0.01272195 0 0.002723991 -0.01272195 0 0.001009941 -0.01343595 0 0.001009941 -0.01343595 0 -7.13e-4 -0.01273298 0 -7.13e-4 -0.01273298 0 -0.001247942 -0.01193898 0 -0.001247942 -0.01193898 0 -0.001435995 -0.01099997 0 -0.001435995 -0.01099997 0 -0.001435995 -0.01099997 0 -7.24e-4 -0.009277999 0 -7.24e-4 -0.009277999 0 9.9e-4 -0.008563995 0 9.9e-4 -0.008563995 0 0.002712965 -0.009266972 0 0.002712965 -0.009266972 0 0.003247976 -0.01006096 0 0.003247976 -0.01006096 0 0.003447949 -0.01496899 7.87e-4 0.003447949 -0.01496899 7.87e-4 0.003447949 -0.01496899 7.87e-4 0.003447949 -0.01496899 7.87e-4 0.004245996 -0.01494395 7.87e-4 0.004245996 -0.01494395 7.87e-4 0.005040943 -0.01486796 7.87e-4 0.005040943 -0.01486796 7.87e-4 0.005040943 -0.01486796 7.87e-4 0.005010962 -0.01463097 2.22e-4 0.005010962 -0.01463097 2.22e-4 0.003447949 -0.01473796 2.31e-4 0.003447949 -0.01473796 2.31e-4 0.01057898 -0.01277697 0.001709997 0.01057898 -0.01277697 0.001709997 0.01057898 -0.01277697 0.001709997 0.01057898 -0.01277697 0.001709997 0.007883965 -0.01416897 0.001023948 0.007883965 -0.01416897 0.001023948 0.003447949 -0.01496899 0.01021295 0.003447949 -0.01496899 0.01021295 0.003447949 -0.01496899 0.01021295 0.003447949 -0.01496899 0.01021295 0.004680991 -0.01490896 0.01021295 0.004680991 -0.01490896 0.01021295 0.005901992 -0.01472896 0.01021295 0.005901992 -0.01472896 0.01021295 0.005901992 -0.01472896 0.01021295 0.007621943 -0.01426297 0.01084095 0.007621943 -0.01426297 0.01084095 0.007643997 -0.01425498 0.01085996 0.007643997 -0.01425498 0.01085996 0.008442997 -0.01394498 0.01245397 0.008442997 -0.01394498 0.01245397 0.008442997 -0.01394498 0.01245397 0.008442997 -0.01394498 0.01245397 0.009504973 -0.01343095 0.01282095 0.009504973 -0.01343095 0.01282095 0.01057898 -0.01277697 0.013206 0.01057898 -0.01277697 0.013206 0.01057898 -0.01277697 0.013206 0.01057898 -0.01277697 0.013206 0.01059699 -0.01254194 0.001225948 0.01059699 -0.01254194 0.001225948 0.01040798 -0.01212596 9.71e-4 0.01040798 -0.01212596 9.71e-4 0.01040798 -0.01212596 9.71e-4 0.007713973 -0.01344496 2.44e-4 0.007713973 -0.01344496 2.44e-4 0.01381897 -0.01057898 0.00336498 0.01381897 -0.01057898 0.00336498 0.01381897 -0.01057898 0.00336498 0.01392096 -0.01032894 0.002961993 0.01392096 -0.01032894 0.002961993 0.002566993 -0.010342 0.00276196 0.002566993 -0.010342 0.00276196 0.01381695 -0.009926974 0.002711951 0.01381695 -0.009926974 0.002711951 0.01381695 -0.009926974 0.002711951 0.01381695 -0.009926974 0.002711951 0.01221597 -0.01095998 0.001763999 0.01221597 -0.01095998 0.001763999 0.01229596 -0.01161199 0.002462983 0.01229596 -0.01161199 0.002462983 0.01641398 -0.008816957 0.02865898 0.01641398 -0.008816957 0.02865898 0.01641398 -0.008816957 0.02865898 0.01641398 -0.008816957 0.02865898 0.01887196 -0.007149994 0.01541596 0.01887196 -0.007149994 0.01541596 0.01887196 -0.007149994 0.01541596 0.01887196 -0.007148981 0.01107197 0.01887196 -0.007148981 0.01107197 0.017232 -0.008262991 0.006881952 0.017232 -0.008262991 0.006881952 0.015751 -0.009267985 0.004989981 0.015751 -0.009267985 0.004989981 0.01666295 -0.008533954 0.028741 0.01666295 -0.008533954 0.028741 0.01674598 -0.008165955 0.02880197 0.01674598 -0.008165955 0.02880197 0.01674598 -0.008165955 0.02880197 0.01920396 -0.006497979 0.01555997 0.01920396 -0.006497979 0.01555997 0.01920396 -0.006497979 0.01555997 0.01920396 -0.006497979 0.01555997 0.01915997 -0.006774961 0.01551699 0.01915997 -0.006774961 0.01551699 0.01911896 -0.006869971 0.01549696 0.01911896 -0.006869971 0.01549696 0.01442795 -0.008261978 0.03717297 0.01442795 -0.008261978 0.03717297 0.01442795 -0.008261978 0.03717297 0.01442795 -0.008261978 0.03717297 0.01495599 -0.00803399 0.03721296 0.01495599 -0.00803399 0.03721296 0.01520198 -0.007498979 0.03712195 0.01520198 -0.007498979 0.03712195 0.01520198 -0.007498979 0.03712195 0.01604998 -0.008247971 0.032552 0.01604998 -0.008247971 0.032552 0.01551795 -0.008988976 0.032525 0.01551795 -0.008988976 0.032525 0.009493947 -0.01343494 0.01286298 0.009493947 -0.01343494 0.01286298 0.008415997 -0.01395195 0.01253396 0.008415997 -0.01395195 0.01253396 0.008415997 -0.01395195 0.01253396 0.008415997 -0.01395195 0.01253396 0.00841695 -0.01394295 0.01260799 0.00841695 -0.01394295 0.01260799 0.008415997 -0.01393496 0.01268297 0.008415997 -0.01393496 0.01268297 0.008415997 -0.01393496 0.01268297 0.008276998 -0.01337999 0.01662498 0.008276998 -0.01337999 0.01662498 0.008136987 -0.01253098 0.02051395 0.008136987 -0.01253098 0.02051395 0.008136987 -0.01253098 0.02051395 0.008136987 -0.01253098 0.02051395 0.008429944 -0.01394897 0.01249396 0.008429944 -0.01394897 0.01249396 0.007346987 -0.01322096 0.01250195 0.007346987 -0.01322096 0.01250195 0.007346987 -0.01322096 0.01250195 0.007346987 -0.01322096 0.01250195 0.007537961 -0.01372694 0.01255798 0.007537961 -0.01372694 0.01255798 0.007873952 -0.01395595 0.01256799 0.007873952 -0.01395595 0.01256799 0.008176982 -0.01400095 0.01255297 0.008176982 -0.01400095 0.01255297 0.008262991 -0.01399195 0.012546 0.008262991 -0.01399195 0.012546 0.007700979 -0.01387798 0.01249694 0.007700979 -0.01387798 0.01249694 0.007349967 -0.01320296 0.0126 0.007349967 -0.01320296 0.0126 0.007349967 -0.01320296 0.0126 0.007349967 -0.01320296 0.0126 0.007449984 -0.01358497 0.01264297 0.007449984 -0.01358497 0.01264297 0.00770998 -0.01385998 0.01267397 0.00770998 -0.01385998 0.01267397 0.007348954 -0.01321196 0.01255095 0.007348954 -0.01321196 0.01255095 0.006879985 -0.01349395 0.01146697 0.006879985 -0.01349395 0.01146697 0.00683099 -0.01351898 0.01142096 0.00683099 -0.01351898 0.01142096 0.00575 -0.01395696 0.01099997 0.00575 -0.01395696 0.01099997 0.00575 -0.01395696 0.01099997 0.00575 -0.01395696 0.01099997 0.00575 -0.008737981 0.01099997 0.00575 -0.008737981 0.01099997 0.00575 -0.008737981 0.01099997 0.006380975 -0.008737981 0.01112997 0.006380975 -0.008737981 0.01112997 0.006881952 -0.008737981 0.01146894 0.006881952 -0.008737981 0.01146894 0.006897985 -0.008737981 0.01148599 0.006897985 -0.008737981 0.01148599 0.007349967 -0.008737981 0.0126 0.007349967 -0.008737981 0.0126 0.007349967 -0.008737981 0.0126 0.007349967 -0.008737981 0.0126 0.00713396 -0.01410597 0.01131296 0.005858957 -0.014512 0.01076096 0.005858957 -0.014512 0.01076096 0.003447949 -0.01473796 0.01076894 0.003447949 -0.01473796 0.01076894 0.003447949 -0.01418095 0.01099997 0.003447949 -0.01418095 0.01099997 0.003447949 -0.01418095 0.01099997 0.004603981 -0.01412498 0.01099997 0.004603981 -0.01412498 0.01099997 -0.006609976 -0.008414983 0.01099997 -0.006609976 -0.008414983 0.01099997 -0.006609976 -0.008414983 0.01099997 -0.006610989 -0.008825957 0.01099997 -0.006610989 -0.008825957 0.01099997 -0.006610989 -0.008825957 0.01099997 -0.006610989 -0.008825957 0.01099997 -9.41e-4 -0.008156955 0.01099997 -9.41e-4 -0.008156955 0.01099997 0.004961967 -0.007949948 0.01099997 0.004961967 -0.007949948 0.01099997 0.004961967 -0.007949948 0.01099997 0.005518972 -0.008180975 0.01099997 0.005518972 -0.008180975 0.01099997 -0.01782494 -0.01418095 0.01099997 -0.01782494 -0.01418095 0.01099997 -0.01782494 -0.01418095 0.01099997 -0.01951295 -0.01348197 0.01099997 -0.01951295 -0.01348197 0.01099997 -0.02021294 -0.01179397 0.01099997 -0.02021294 -0.01179397 0.01099997 -0.02021294 -0.01179397 0.01099997 -0.02021294 -0.01020598 0.01099997 -0.02021294 -0.01020598 0.01099997 -0.02021294 -0.01020598 0.01099997 -0.01951295 -0.00851798 0.01099997 -0.01951295 -0.00851798 0.01099997 -0.01782494 -0.007818996 0.01099997 -0.01782494 -0.007818996 0.01099997 -0.01782494 -0.007818996 0.01099997 -0.01330697 -0.007818996 0.01099997 -0.01330697 -0.007818996 0.01099997 -0.01330697 -0.007818996 0.01099997 -0.01027995 -0.007473945 0.01099997 -0.01027995 -0.007473945 0.01099997 -0.007407963 -0.006459951 0.01099997 -0.007407963 -0.006459951 0.01099997 -0.007407963 -0.006459951 0.01099997 -0.007407963 -0.006459951 0.01099997 -0.007304966 -0.007129967 0.01099997 -0.007304966 -0.007129967 0.01099997 -0.007111966 -0.007680952 0.01099997 -0.007111966 -0.007680952 0.01099997 -0.0097 -0.01099997 0.01099997 -0.0097 -0.01099997 0.01099997 -0.0097 -0.01099997 0.01099997 -0.009199976 -0.01220399 0.01099997 -0.009199976 -0.01220399 0.01099997 -0.008006989 -0.01269996 0.01099997 -0.008006989 -0.01269996 0.01099997 -0.006806969 -0.01221096 0.01099997 -0.006806969 -0.01221096 0.01099997 -0.00643295 -0.01165795 0.01099997 -0.00643295 -0.01165795 0.01099997 -0.006299972 -0.01099997 0.01099997 -0.006299972 -0.01099997 0.01099997 -0.006299972 -0.01099997 0.01099997 -0.006799995 -0.009795963 0.01099997 -0.006799995 -0.009795963 0.01099997 -0.007992982 -0.009299993 0.01099997 -0.007992982 -0.009299993 0.01099997 -0.009192943 -0.00978899 0.01099997 -0.009192943 -0.00978899 0.01099997 -0.009566962 -0.010342 0.01099997 -0.009566962 -0.010342 0.01099997 -0.0187 -0.01099997 0.01099997 -0.0187 -0.01099997 0.01099997 -0.0187 -0.01099997 0.01099997 -0.01819998 -0.01220399 0.01099997 -0.01819998 -0.01220399 0.01099997 -0.01700699 -0.01269996 0.01099997 -0.01700699 -0.01269996 0.01099997 -0.01580697 -0.01221096 0.01099997 -0.01580697 -0.01221096 0.01099997 -0.01543295 -0.01165795 0.01099997 -0.01543295 -0.01165795 0.01099997 -0.01529997 -0.01099997 0.01099997 -0.01529997 -0.01099997 0.01099997 -0.01529997 -0.01099997 0.01099997 -0.01579999 -0.009795963 0.01099997 -0.01579999 -0.009795963 0.01099997 -0.01699298 -0.009299993 0.01099997 -0.01699298 -0.009299993 0.01099997 -0.018193 -0.00978899 0.01099997 -0.018193 -0.00978899 0.01099997 -0.01856696 -0.010342 0.01099997 -0.01856696 -0.010342 0.01099997 -7e-4 -0.01099997 0.01099997 -7e-4 -0.01099997 0.01099997 -7e-4 -0.01099997 0.01099997 -2e-4 -0.01220399 0.01099997 -2e-4 -0.01220399 0.01099997 9.93e-4 -0.01269996 0.01099997 9.93e-4 -0.01269996 0.01099997 0.002192974 -0.01221096 0.01099997 0.002192974 -0.01221096 0.01099997 0.002566993 -0.01165795 0.01099997 0.002566993 -0.01165795 0.01099997 0.002699971 -0.01099997 0.01099997 0.002699971 -0.01099997 0.01099997 0.002699971 -0.01099997 0.01099997 0.002199947 -0.009795963 0.01099997 0.002199947 -0.009795963 0.01099997 0.00100696 -0.009299993 0.01099997 0.00100696 -0.009299993 0.01099997 -1.93e-4 -0.00978899 0.01099997 -1.93e-4 -0.00978899 0.01099997 -5.67e-4 -0.010342 0.01099997 -5.67e-4 -0.010342 0.01099997 -0.006059944 -0.007749974 0.01109796 -0.006059944 -0.007749974 0.01109796 -0.006059944 -0.007749974 0.01109796 -0.006329953 -0.008081972 0.01102495 -0.006329953 -0.008081972 0.01102495 -0.006145954 -0.006385982 0.01121598 -0.006145954 -0.006385982 0.01121598 -0.005025982 -0.006319999 0.01183897 -0.005025982 -0.006319999 0.01183897 -0.005025982 -0.006319999 0.01183897 -0.005239963 -0.006686985 0.01163697 -0.005239963 -0.006686985 0.01163697 -0.005386948 -0.007047951 0.01146298 -0.005386948 -0.007047951 0.01146298 -0.005386948 -0.007047951 0.01146298 -0.005736947 -0.007379949 0.01124399 -0.005736947 -0.007379949 0.01124399 -0.005215942 -0.007182955 0.01146495 -0.005215942 -0.007182955 0.01146495 -0.005032956 -0.007291972 0.01141297 -0.005032956 -0.007291972 0.01141297 -0.005032956 -0.007291972 0.01141297 -0.005884945 -0.008106946 0.011078 -0.005884945 -0.008106946 0.011078 -0.006355941 -0.008322954 0.01102 -0.006355941 -0.008322954 0.01102 -0.004997968 -0.006278991 0.01186299 -0.004997968 -0.006278991 0.01186299 -0.004970967 -0.00623697 0.01188695 -0.004970967 -0.00623697 0.01188695 -0.004970967 -0.00623697 0.01188695 -0.004970967 -0.00623697 0.01188695 -0.004400968 -0.005887985 0.01236397 -0.004400968 -0.005887985 0.01236397 -0.004155993 -0.006317973 0.01236796 -0.003833949 -0.006576955 0.01213997 -0.003833949 -0.006576955 0.01213997 -0.003893971 -0.006597995 0.01210397 -0.003893971 -0.006597995 0.01210397 -0.004054963 -0.00574696 0.01265496 -0.004054963 -0.00574696 0.01265496 -0.002991974 -0.005562961 0.013547 -0.002991974 -0.005562961 0.013547 -0.002991974 -0.005562961 0.013547 -0.002848982 -0.006110966 0.01337695 -0.002848982 -0.006110966 0.01337695 -0.00248599 -0.00634998 0.01294398 -0.00248599 -0.00634998 0.01294398 -0.00248599 -0.00634998 0.01294398 -0.00248599 -0.00634998 0.01294398 -0.007343947 -0.006389975 0.01099896 -0.007343947 -0.006389975 0.01099896 -0.007343947 -0.006389975 0.01099896 -0.006080985 -0.006317973 0.01123899 -0.006080985 -0.006317973 0.01123899 -0.007375955 -0.006424963 0.01099997 -0.007375955 -0.006424963 0.01099997 -0.01330697 -0.007261991 0.01076894 -0.01330697 -0.007261991 0.01076894 -0.01330697 -0.007030963 0.01021295 -0.01330697 -0.007030963 0.01021295 -0.01330697 -0.007030963 0.01021295 -0.01330697 -0.007030963 0.01021295 -0.01122695 -0.006859958 0.01021295 -0.01122695 -0.006859958 0.01021295 -0.009202957 -0.00634998 0.01021295 -0.009202957 -0.00634998 0.01021295 -0.009202957 -0.00634998 0.01021295 -0.009202957 -0.00634998 0.01021295 -0.009022951 -0.00634998 0.01051294 -0.009022951 -0.00634998 0.01051294 -0.00852096 -0.00634998 0.01077497 -0.00852096 -0.00634998 0.01077497 -0.007682979 -0.00634998 0.01096898 -0.007682979 -0.00634998 0.01096898 -0.007682979 -0.00634998 0.01096898 -0.007490992 -0.00634998 0.01098799 -0.007490992 -0.00634998 0.01098799 -0.007398962 -0.00634998 0.01099395 -0.007398962 -0.00634998 0.01099395 -0.007308959 -0.00634998 0.01099795 -0.007308959 -0.00634998 0.01099795 -0.007308959 -0.00634998 0.01099795 -0.007325947 -0.006369948 0.01099896 -0.007325947 -0.006369948 0.01099896 -0.01782494 -0.007261991 0.01076894 -0.01782494 -0.007261991 0.01076894 -0.01782494 -0.007030963 0.01021295 -0.01782494 -0.007030963 0.01021295 -0.01782494 -0.007030963 0.01021295 -0.01782494 -0.007030963 0.01021295 -0.020769 -0.01020598 0.01076894 -0.020769 -0.01020598 0.01076894 -0.02037495 -0.008733987 0.01076894 -0.019297 -0.007655978 0.01076894 -0.02099996 -0.01020598 0.01021295 -0.02099996 -0.01020598 0.01021295 -0.02099996 -0.01020598 0.01021295 -0.02099996 -0.01020598 0.01021295 -0.02006995 -0.007960975 0.01021295 -0.02006995 -0.007960975 0.01021295 -0.020769 -0.01179397 0.01076894 -0.020769 -0.01179397 0.01076894 -0.02099996 -0.01179397 0.01021295 -0.02099996 -0.01179397 0.01021295 -0.02099996 -0.01179397 0.01021295 -0.02099996 -0.01179397 0.01021295 -0.01782494 -0.01473796 0.01076894 -0.01782494 -0.01473796 0.01076894 -0.019297 -0.01434397 0.01076894 -0.02037495 -0.01326596 0.01076894 -0.01782494 -0.01496899 0.01021295 -0.01782494 -0.01496899 0.01021295 -0.01782494 -0.01496899 0.01021295 -0.01782494 -0.01496899 0.01021295 -0.02006995 -0.01403898 0.01021295 -0.02006995 -0.01403898 0.01021295 -0.01782494 -0.01496899 7.87e-4 -0.01782494 -0.01496899 7.87e-4 -0.01782494 -0.01496899 7.87e-4 -0.01782494 -0.01496899 7.87e-4 -0.01782494 -0.01473796 2.31e-4 -0.01782494 -0.01473796 2.31e-4 -0.02099996 -0.01179397 7.87e-4 -0.02099996 -0.01179397 7.87e-4 -0.02099996 -0.01179397 7.87e-4 -0.02099996 -0.01179397 7.87e-4 -0.02006995 -0.01403898 7.87e-4 -0.02006995 -0.01403898 7.87e-4 -0.019297 -0.01434397 2.31e-4 -0.02037495 -0.01326596 2.31e-4 -0.020769 -0.01179397 2.31e-4 -0.020769 -0.01179397 2.31e-4 -0.02099996 -0.01020598 7.87e-4 -0.02099996 -0.01020598 7.87e-4 -0.02099996 -0.01020598 7.87e-4 -0.02099996 -0.01020598 7.87e-4 -0.020769 -0.01020598 2.31e-4 -0.020769 -0.01020598 2.31e-4 -0.01782494 -0.007030963 7.87e-4 -0.01782494 -0.007030963 7.87e-4 -0.01782494 -0.007030963 7.87e-4 -0.01782494 -0.007030963 7.87e-4 -0.02006995 -0.007960975 7.87e-4 -0.02006995 -0.007960975 7.87e-4 -0.02037495 -0.008733987 2.31e-4 -0.019297 -0.007655978 2.31e-4 -0.01782494 -0.007261991 2.31e-4 -0.01782494 -0.007261991 2.31e-4 -0.01330697 -0.007030963 7.87e-4 -0.01330697 -0.007030963 7.87e-4 -0.01330697 -0.007030963 7.87e-4 -0.01330697 -0.007030963 7.87e-4 -0.01330697 -0.007261991 2.31e-4 -0.01330697 -0.007261991 2.31e-4 -0.002949953 -0.00168097 7.87e-4 -0.002949953 -0.00168097 7.87e-4 -0.002949953 -0.00168097 7.87e-4 -0.002949953 -0.00168097 7.87e-4 -0.007478952 -0.005614995 7.87e-4 -0.007478952 -0.005614995 7.87e-4 -0.009265959 -0.006613969 2.31e-4 -0.005628943 -0.004735946 2.31e-4 -0.00276196 -0.001814961 2.31e-4 -0.00276196 -0.001814961 2.31e-4 -0.007696986 -0.005724966 0.00959897 -0.007696986 -0.005724966 0.00959897 -0.007696986 -0.005724966 0.00959897 -0.008094966 -0.005912959 0.009264945 -0.008094966 -0.005912959 0.009264945 -0.008501946 -0.006086945 0.008922994 -0.008501946 -0.006086945 0.008922994 -0.008501946 -0.006086945 0.008922994 -0.008847951 -0.006222963 0.008632957 -0.008847951 -0.006222963 0.008632957 -0.009202957 -0.00634998 0.008334994 -0.009202957 -0.00634998 0.008334994 -0.009202957 -0.00634998 0.009196996 -0.009202957 -0.00634998 0.009196996 -0.009202957 -0.00634998 0.009196996 -0.002949953 -0.00168097 0.01358199 -0.002949953 -0.00168097 0.01358199 -0.002949953 -0.00168097 0.01358199 -0.00417 -0.003153979 0.01255798 -0.00417 -0.003153979 0.01255798 -0.005634963 -0.00445199 0.01132994 -0.005634963 -0.00445199 0.01132994 -0.005634963 -0.00445199 0.01132994 -0.005634963 -0.00445199 0.01132994 -0.006006956 -0.004722952 0.01101696 -0.006006956 -0.004722952 0.01101696 -0.006495952 -0.005049943 0.010607 -0.006495952 -0.005049943 0.010607 -0.008412957 -0.006130993 0.009896993 -0.008412957 -0.006130993 0.009896993 -0.00654596 -0.005468964 0.01091396 -0.00654596 -0.005468964 0.01091396 -0.008845984 -0.006237983 0.009060978 -0.008845984 -0.006237983 0.009060978 -0.005366981 -0.004844963 0.011554 -0.005366981 -0.004844963 0.011554 -0.005170941 -0.005254983 0.01171797 -0.005170941 -0.005254983 0.01171797 -0.004977941 -0.006111979 0.01187998 -0.004977941 -0.006111979 0.01187998 -0.004977941 -0.006111979 0.01187998 -0.006067991 -0.006237983 0.01124197 -0.006067991 -0.006237983 0.01124197 -0.004973948 -0.006173968 0.01188397 -0.004973948 -0.006173968 0.01188397 0.006777942 0.01202696 0.02174496 0.006777942 0.01202696 0.02174496 0.006777942 0.01202696 0.02174496 0.006777942 -0.005562961 0.02174496 0.006777942 -0.005562961 0.02174496 0.006777942 -0.005562961 0.02174496 0.006777942 -0.005562961 0.02174496 -2.21e-4 0.002163946 7.87e-4 -2.21e-4 0.002163946 7.87e-4 -2.21e-4 0.002163946 7.87e-4 -2.21e-4 0.002163946 7.87e-4 0.006871998 0.01215797 0.01432496 0.006871998 0.01215797 0.01432496 0.006871998 0.01215797 0.01432496 0.006871998 0.01215797 0.01432496 0.006871998 0.01215797 0.02182996 0.006871998 0.01215797 0.02182996 0.006871998 0.01215797 0.02182996 0.00682497 0.01209294 0.02178597 0.00682497 0.01209294 0.02178597 -4e-5 0.002035975 2.39e-4 -4e-5 0.002035975 2.39e-4 0.002121984 0.004164993 1.57e-4 0.001952946 0.004399955 5.86e-4 0.001952946 0.004399955 5.86e-4 0.002118945 0.004520952 5.73e-4 0.002118945 0.004520952 5.73e-4 0.004825949 0.005510985 1.08e-4 0.004825949 0.005510985 1.08e-4 0.004739999 0.005789995 4.07e-4 0.004739999 0.005789995 4.07e-4 0.004739999 0.005789995 4.07e-4 0.005665957 0.005995988 3.85e-4 0.005665957 0.005995988 3.85e-4 0.00674498 0.006116986 4.28e-4 0.00674498 0.006116986 4.28e-4 0.00674498 0.006116986 4.28e-4 0.00674498 0.006116986 4.28e-4 0.01062995 0.01159095 0.007843971 0.01062995 0.01159095 0.007843971 0.01062995 0.01159095 0.007843971 0.01062995 0.01159095 0.007843971 0.009181976 0.01233297 0.009384989 0.009181976 0.01233297 0.009384989 0.007881999 0.01248699 0.01114696 0.007881999 0.01248699 0.01114696 0.007881999 0.01248699 0.01114696 0.007216989 0.01235496 0.01256096 0.007216989 0.01235496 0.01256096 0.005796968 0.005337953 2.3e-5 0.005796968 0.005337953 2.3e-5 0.006838977 0.005482971 1.14e-4 0.006838977 0.005482971 1.14e-4 0.006838977 0.005482971 1.14e-4 0.006797969 0.005836963 1.94e-4 0.006797969 0.005836963 1.94e-4 0.01381695 0.007305979 0.002711951 0.01381695 0.007305979 0.002711951 0.01381695 0.007305979 0.002711951 0.01381695 0.007305979 0.002711951 0.01214098 0.006613969 0.001725971 0.01214098 0.006613969 0.001725971 0.010405 0.006083965 9.69e-4 0.010405 0.006083965 9.69e-4 0.01920396 0.01204496 0.01555997 0.01920396 0.01204496 0.01555997 0.01920396 0.01204496 0.01555997 0.01920396 0.01204496 0.01555997 0.01941394 0.01204496 0.01353698 0.01941394 0.01204496 0.01353698 0.01929795 0.01204496 0.01150697 0.01929795 0.01204496 0.01150697 0.01929795 0.01204496 0.01150697 0.018911 0.01177996 0.009692966 0.018911 0.01177996 0.009692966 0.018278 0.010957 0.007984995 0.018278 0.010957 0.007984995 0.018278 0.010957 0.007984995 0.01646596 0.008961975 0.005102992 0.01646596 0.008961975 0.005102992 0.01634198 0.008859992 0.00495696 0.01634198 0.008859992 0.00495696 0.01585495 -0.008629977 0.004422962 0.01585495 -0.008629977 0.004422962 0.017434 -0.007624983 0.00642699 0.017434 -0.007624983 0.00642699 0.01919996 -0.006500959 0.010903 0.01919996 -0.006500959 0.010903 0.01927995 -0.006691992 0.01175296 0.018296 -0.007359981 0.008181989 0.01641398 -0.008636951 0.005191981 0.01436996 -0.00634998 0.04160398 0.01436996 -0.00634998 0.04160398 0.01436996 -0.00634998 0.04160398 0.01408696 -0.00634998 0.04313296 0.01408696 -0.00634998 0.04313296 0.01408696 -0.00634998 0.04313296 0.01408696 0.01204496 0.04313296 0.01408696 0.01204496 0.04313296 0.01408696 0.01204496 0.04313296 0.01408696 0.01204496 0.04313296 0.01331299 -0.00672096 0.04318499 0.01331299 -0.00672096 0.04318499 0.01331299 -0.00672096 0.04318499 0.01368194 -0.006611943 0.043226 0.01368194 -0.006611943 0.043226 0.01395899 -0.00634998 0.04320996 0.01395899 -0.00634998 0.04320996 0.01395899 -0.00634998 0.04320996 0.014189 -0.00634998 0.04243499 0.014189 -0.00634998 0.04243499 0.008136987 -0.006793975 0.04289996 0.008136987 -0.006793975 0.04289996 0.008136987 -0.006793975 0.04289996 0.008136987 -0.006793975 0.04289996 0.009857952 -0.006793975 0.04289996 0.009857952 -0.006793975 0.04289996 0.009857952 -0.006793975 0.04289996 0.009857952 -0.006793975 0.04289996 0.009942948 -0.006681978 0.043338 0.009942948 -0.006681978 0.043338 0.01003897 -0.006591975 0.04368597 0.01003897 -0.006591975 0.04368597 0.01026099 -0.006469964 0.044164 0.01026099 -0.006469964 0.044164 0.01052498 -0.006424963 0.04434096 0.01052498 -0.006424963 0.04434096 0.01052498 -0.006424963 0.04434096 0.01305896 -0.006424963 0.04434096 0.01305896 -0.006424963 0.04434096 0.01305896 -0.006424963 0.04434096 0.01305896 -0.006424963 0.04434096 0.01319497 -0.006571948 0.04376494 0.01319497 -0.006571948 0.04376494 0.007349967 -0.006030976 0.04270499 0.007349967 -0.006030976 0.04270499 0.007349967 -0.006030976 0.04270499 0.007580995 -0.006570994 0.04284298 0.007580995 -0.006570994 0.04284298 0.007826983 -0.01246899 0.02049797 0.007826983 -0.01246899 0.02049797 0.007570981 -0.01229798 0.02045398 0.007570981 -0.01229798 0.02045398 0.007349967 -0.01176798 0.02031797 0.007349967 -0.01176798 0.02031797 0.007349967 -0.01176798 0.02031797 0.007349967 -0.008737981 0.01919394 0.007349967 -0.008737981 0.01919394 0.007349967 -0.008737981 0.01919394 0.007349967 -0.008369982 0.02072 0.007349967 -0.008369982 0.02072 0.007349967 -0.007789969 0.02168399 0.007349967 -0.007789969 0.02168399 0.007349967 -0.007010996 0.02245599 0.007349967 -0.007010996 0.02245599 0.007349967 -0.005562961 0.02297097 0.007349967 -0.005562961 0.02297097 0.007349967 -0.005562961 0.02297097 0.007349967 0.01260197 0.02297097 0.007349967 0.01260197 0.02297097 0.007349967 0.01260197 0.02297097 0.007349967 0.01260197 0.04349398 0.007349967 0.01260197 0.04349398 0.007349967 0.01260197 0.04349398 0.007349967 0.01260399 0.04368996 0.007349967 0.01260399 0.04368996 0.007349967 0.01260995 0.04388594 0.007349967 0.01260995 0.04388594 0.007349967 0.01260995 0.04388594 0.007349967 -0.005860984 0.04388594 0.007349967 -0.005860984 0.04388594 0.007349967 -0.005860984 0.04388594 0.007349967 -0.005860984 0.04388594 0.007349967 -0.005913972 0.04329097 0.007349967 -0.005913972 0.04329097 0.007349967 -0.01261997 0.01648497 0.007349967 -0.01261997 0.01648497 0.007155954 -0.007794976 0.0126 0.007155954 -0.007794976 0.0126 0.006624996 -0.00702399 0.0126 0.006624996 -0.00702399 0.0126 0.004961967 -0.00634998 0.0126 0.004961967 -0.00634998 0.0126 0.004961967 -0.00634998 0.0126 0.004961967 -0.00634998 0.0126 0.004961967 -0.00634998 0.01919394 0.004961967 -0.00634998 0.01919394 0.004961967 -0.00634998 0.01919394 0.004961967 -0.00634998 0.01919394 0.006650984 -0.007048964 0.01919394 0.006650984 -0.007048964 0.01919394 0.007198989 -0.005562961 0.02229297 0.007198989 -0.005562961 0.02229297 0.007343947 -0.005562961 0.02283197 0.007343947 -0.005562961 0.02283197 0.007273972 -0.006892979 0.02188599 0.00702697 -0.007248997 0.02042096 0.005419969 -0.00632596 0.019831 0.005419969 -0.00632596 0.019831 0.005799949 -0.006272971 0.02033996 0.005799949 -0.006272971 0.02033996 0.006348967 -0.006109952 0.021097 0.006348967 -0.006109952 0.021097 0.006668984 -0.005869984 0.02157199 0.006668984 -0.005869984 0.02157199 0.007200956 0.01249998 0.02229595 0.007200956 0.01249998 0.02229595 0.008176982 0.01283198 0.01432496 0.008176982 0.01283198 0.01432496 0.008176982 0.01283198 0.01432496 0.008176982 0.01283198 0.04349398 0.008176982 0.01283198 0.04349398 0.008176982 0.01283198 0.04349398 0.008176982 0.01283198 0.04349398 0.007746994 0.01277297 0.04349398 0.007746994 0.01277297 0.04349398 0.007445991 0.01265597 0.01432496 0.007445991 0.01265597 0.01432496 0.008295953 0.01274394 0.01136797 0.008295953 0.01274394 0.01136797 0.008757948 0.01283198 0.01161497 0.008757948 0.01283198 0.01161497 0.008757948 0.01283198 0.01161497 0.008757948 0.01283198 0.01161497 0.00832498 0.01283198 0.01283395 0.00832498 0.01283198 0.01283395 0.01851797 0.01283198 0.01161497 0.01851797 0.01283198 0.01161497 0.01851797 0.01283198 0.01161497 0.01851797 0.01283198 0.01161497 0.01862597 0.01283198 0.01351898 0.01862597 0.01283198 0.01351898 0.01842999 0.01283198 0.01541596 0.01842999 0.01283198 0.01541596 0.01842999 0.01283198 0.01541596 0.01331299 0.01283198 0.04298895 0.01331299 0.01283198 0.04298895 0.01331299 0.01283198 0.04298895 0.01226794 0.01283198 0.04655098 0.01226794 0.01283198 0.04655098 0.01052498 0.01283198 0.04982799 0.01052498 0.01283198 0.04982799 0.01052498 0.01283198 0.04982799 0.01052498 0.01283198 0.04982799 0.01052498 0.01283198 0.04349398 0.01052498 0.01283198 0.04349398 0.01052498 0.01283198 0.04349398 0.01052498 0.01283198 0.04349398 0.009639978 0.01251697 0.009638965 0.009639978 0.01251697 0.009638965 0.01756095 0.01159095 0.007843971 0.01756095 0.01159095 0.007843971 0.01756095 0.01159095 0.007843971 0.01756095 0.01159095 0.007843971 0.01814299 0.01251196 0.009622991 0.01814299 0.01251196 0.009622991 0.01012498 0.006714999 0.001237988 0.01012498 0.006714999 0.001237988 0.01178097 0.007246971 0.001958966 0.01178097 0.007246971 0.001958966 0.01337695 0.007939994 0.002897977 0.01337695 0.007939994 0.002897977 0.01337695 0.007939994 0.002897977 0.01573795 0.009487986 0.004994988 0.01573795 0.009487986 0.004994988 0.01585996 0.009593963 0.005138993 0.01585996 0.009593963 0.005138993 0.01363295 0.007669985 0.002715945 0.01363295 0.007669985 0.002715945 0.01622796 0.009351968 0.005029976 0.01801997 0.01135396 0.007809996 0.01801997 0.01135396 0.007809996 0.01907795 0.01259297 0.01153796 0.01907795 0.01259297 0.01153796 0.01897698 0.01260095 0.01551795 0.01897698 0.01260095 0.01551795 0.01385998 0.01260095 0.04309099 0.01385998 0.01260095 0.04309099 0.01299697 0.01204496 0.04684799 0.01299697 0.01204496 0.04684799 0.01117897 0.01204496 0.05026596 0.01117897 0.01204496 0.05026596 0.01117897 0.01204496 0.05026596 0.01097995 0.01260995 0.05013298 0.01097995 0.01260995 0.05013298 0.01289498 -0.00634998 0.04709196 0.01289498 -0.00634998 0.04709196 0.01087796 -0.00634998 0.05070197 0.01087796 -0.00634998 0.05070197 0.01087796 -0.00634998 0.05070197 0.01087796 0.01205497 0.05070197 0.01087796 0.01205497 0.05070197 0.01087796 0.01205497 0.05070197 0.01087796 0.01205497 0.05070197 0.01102995 0.01204699 0.05048596 0.01102995 0.01204699 0.05048596 0.01367098 -0.00634998 0.04389697 0.01367098 -0.00634998 0.04389697 0.01334899 -0.00634998 0.04439496 0.01334899 -0.00634998 0.04439496 0.01334899 -0.00634998 0.04439496 0.01310497 -0.00634998 0.04466396 0.01310497 -0.00634998 0.04466396 0.01283997 -0.00634998 0.04493397 0.01283997 -0.00634998 0.04493397 0.01283997 -0.00634998 0.04493397 0.01052498 -0.00634998 0.04493397 0.01052498 -0.00634998 0.04493397 0.01052498 -0.00634998 0.04493397 0.01052498 -0.00634998 0.04493397 0.01052498 -0.00634998 0.04982799 0.01052498 -0.00634998 0.04982799 0.01052498 -0.00634998 0.04982799 0.01043999 -0.00634998 0.05006599 0.01043999 -0.00634998 0.05006599 0.01035195 -0.00634998 0.05030298 0.01035195 -0.00634998 0.05030298 0.01035195 -0.00634998 0.05030298 0.01028198 -0.00634998 0.05043399 0.01028198 -0.00634998 0.05043399 0.01018196 -0.00634998 0.05054599 0.01018196 -0.00634998 0.05054599 0.01018196 -0.00634998 0.05054599 0.009752988 -0.00634998 0.050906 0.009752988 -0.00634998 0.050906 0.009635984 -0.00634998 0.05100399 0.009635984 -0.00634998 0.05100399 0.009635984 -0.00634998 0.05100399 0.009635984 -0.00634998 0.05269795 0.009635984 -0.00634998 0.05269795 0.009635984 -0.00634998 0.05269795 0.01022595 -0.00634998 0.05167996 0.01022595 -0.00634998 0.05167996 0.01320797 -0.006400942 0.04437297 0.01320797 -0.006400942 0.04437297 0.01295495 -0.006368994 0.04463595 0.01295495 -0.006368994 0.04463595 0.01052498 -0.006368994 0.04463499 0.01052498 -0.006368994 0.04463499 0.009644985 -0.006684958 0.04340595 0.009644985 -0.006684958 0.04340595 0.009482979 -0.00662297 0.04384797 0.009482979 -0.00662297 0.04384797 0.009262979 -0.006610989 0.04468095 0.009262979 -0.006610989 0.04468095 0.009262979 -0.006610989 0.04468095 0.009262979 -0.006610989 0.04468095 0.009887993 -0.006414949 0.04487097 0.009887993 -0.006414949 0.04487097 0.008949995 -0.006671965 0.04459697 0.008949995 -0.006671965 0.04459697 0.008949995 -0.006671965 0.04459697 0.009110987 -0.006658971 0.04463797 0.009110987 -0.006658971 0.04463797 0.009296 -0.006654977 0.04377299 0.009296 -0.006654977 0.04377299 0.00624895 -0.007152974 0.04622995 0.00624895 -0.007152974 0.04622995 0.00624895 -0.007152974 0.04622995 0.00624895 -0.007152974 0.04622995 0.008026957 -0.007152974 0.04622995 0.008026957 -0.007152974 0.04622995 0.008026957 -0.007152974 0.04622995 0.008026957 -0.007152974 0.04622995 0.008569955 -0.006834983 0.04541999 0.008569955 -0.006834983 0.04541999 0.008136987 -0.006692945 0.04340398 0.008136987 -0.006692945 0.04340398 0.008136987 -0.006647944 0.04391497 0.008136987 -0.006647944 0.04391497 0.008136987 -0.006647944 0.04391497 0.007922947 -0.006693959 0.04476898 0.007922947 -0.006693959 0.04476898 0.007284998 -0.006853997 0.04548496 0.007284998 -0.006853997 0.04548496 0.007284998 -0.006853997 0.04548496 0.006755948 -0.006987988 0.04586499 0.006755948 -0.006987988 0.04586499 0.001001954 -0.009365975 0.05063295 0.001001954 -0.009365975 0.05063295 0.001001954 -0.009365975 0.05063295 0.001001954 -0.009365975 0.05063295 0.006644964 -0.009365975 0.05063295 0.006644964 -0.009365975 0.05063295 0.006644964 -0.009365975 0.05063295 0.006644964 -0.009365975 0.05063295 0.006697952 -0.009185969 0.05027395 0.006697952 -0.009185969 0.05027395 0.006757974 -0.008999943 0.04990398 0.006757974 -0.008999943 0.04990398 0.006757974 -0.008999943 0.04990398 0.00722599 -0.008029997 0.047975 0.00722599 -0.008029997 0.047975 0.005937993 -0.006874978 0.04599899 0.005937993 -0.006874978 0.04599899 0.005742967 -0.006449997 0.04598098 0.005742967 -0.006449997 0.04598098 0.005742967 -0.006449997 0.04598098 4.96e-4 -0.008662998 0.05038398 4.96e-4 -0.008662998 0.05038398 4.96e-4 -0.008662998 0.05038398 4.96e-4 -0.008662998 0.05038398 6.94e-4 -0.009091973 0.05040299 6.94e-4 -0.009091973 0.05040299 6.09e-4 -0.009157955 0.05051797 6.09e-4 -0.009157955 0.05051797 6.9e-4 -0.009281992 0.05061399 6.9e-4 -0.009281992 0.05061399 7.88e-4 -0.009375989 0.050731 7.88e-4 -0.009375989 0.050731 8.92e-4 -0.009430944 0.05085498 8.92e-4 -0.009430944 0.05085498 0.001001954 -0.009449958 0.050987 0.001001954 -0.009449958 0.050987 0.001001954 -0.009449958 0.050987 0.001001954 -0.009449958 0.050987 0.001001954 -0.009428977 0.05080497 0.001001954 -0.009428977 0.05080497 5.6e-4 -0.009043991 0.05045896 5.6e-4 -0.009043991 0.05045896 -1.42e-4 -0.008662998 0.05091899 -1.42e-4 -0.008662998 0.05091899 -1.42e-4 -0.008662998 0.05091899 -9.2e-5 -0.00880897 0.05089497 -9.2e-5 -0.00880897 0.05089497 -4.2e-5 -0.009030997 0.05095499 -4.2e-5 -0.009030997 0.05095499 -2.6e-5 -0.009112 0.05100494 -2.6e-5 -0.009112 0.05100494 0 -0.009290993 0.05120897 0 -0.009290993 0.05120897 0 -0.009290993 0.05120897 0 -0.009407997 0.05149596 0 -0.009407997 0.05149596 0 -0.009449958 0.05182796 0 -0.009449958 0.05182796 0 -0.009449958 0.05182796 -0.00179398 0.01197099 0.05230498 -0.00179398 0.01197099 0.05230498 -0.00179398 0.01197099 0.05230498 -0.001667976 0.01162695 0.05219995 -0.001667976 0.01162695 0.05219995 -0.001494944 0.01149195 0.05205398 -0.001494944 0.01149195 0.05205398 -0.001260995 0.01143699 0.05185794 -0.001260995 0.01143699 0.05185794 -0.001260995 0.01143699 0.05185794 -0.001116991 0.01143699 0.05173796 -0.001116991 0.01143699 0.05173796 -0.001116991 0.01143699 0.05173796 -2.2e-5 0.01119899 0.05081897 -2.2e-5 0.01119899 0.05081897 8.06e-4 0.010607 0.05012398 8.06e-4 0.010607 0.05012398 8.06e-4 0.010607 0.05012398 0.00247997 0.008265972 0.04871898 0.00247997 0.008265972 0.04871898 0.003422975 0.005774974 0.04792797 0.003422975 0.005774974 0.04792797 0.003723978 0.003248989 0.04767495 0.003723978 0.003248989 0.04767495 0.003422975 7.24e-4 0.04792797 0.003422975 7.24e-4 0.04792797 0.00247997 -0.001765966 0.04871898 0.00247997 -0.001765966 0.04871898 8.06e-4 -0.004106998 0.05012398 8.06e-4 -0.004106998 0.05012398 8.06e-4 -0.004106998 0.05012398 -2.4e-5 -0.004699945 0.05081999 -2.4e-5 -0.004699945 0.05081999 -0.001116991 -0.004936993 0.05173796 -0.001116991 -0.004936993 0.05173796 -0.001116991 -0.004936993 0.05173796 -0.001260995 -0.004936993 0.05185794 -0.001260995 -0.004936993 0.05185794 -0.001260995 -0.004936993 0.05185794 -0.001492977 -0.004990994 0.05205297 -0.001492977 -0.004990994 0.05205297 -0.001666963 -0.005124986 0.05219894 -0.001666963 -0.005124986 0.05219894 -0.00179398 -0.005470991 0.05230498 -0.00179398 -0.005470991 0.05230498 -0.00179398 -0.005470991 0.05230498 -0.00179398 -0.008941948 0.05230498 -0.00179398 -0.008941948 0.05230498 -0.00179398 -0.008941948 0.05230498 -0.00179398 -0.008941948 0.05230498 -7.61e-4 -0.008941948 0.05143898 -7.61e-4 -0.008941948 0.05143898 -7.61e-4 -0.008941948 0.05143898 -5.65e-4 -0.008924961 0.051274 -5.65e-4 -0.008924961 0.051274 -4.14e-4 -0.008886992 0.05114799 -4.14e-4 -0.008886992 0.05114799 -2.19e-4 -0.008783996 0.05098396 -2.19e-4 -0.008783996 0.05098396 0.006256997 -0.006254971 0.04554998 0.006256997 -0.006254971 0.04554998 0.006777942 -0.006100952 0.04511195 0.006777942 -0.006100952 0.04511195 0.006777942 -0.006100952 0.04511195 0.006777942 -0.006100952 0.04511195 0.006777942 0.01288795 0.04511195 0.006777942 0.01288795 0.04511195 0.006777942 0.01288795 0.04511195 0.006777942 0.01288795 0.04511195 2.95e-4 0.01563894 0.05055195 2.95e-4 0.01563894 0.05055195 2.95e-4 0.01563894 0.05055195 1.53e-4 0.01568198 0.05067098 1.53e-4 0.01568198 0.05067098 8e-6 0.01569598 0.05079299 8e-6 0.01569598 0.05079299 8e-6 0.01569598 0.05079299 -0.00179398 0.01569598 0.05230498 -0.00179398 0.01569598 0.05230498 -0.00179398 0.01569598 0.05230498 -0.00179398 0.01569598 0.05230498 -0.001860976 0.01569598 0.05239295 -0.001860976 0.01569598 0.05239295 -0.001884996 0.01569598 0.05249994 -0.001884996 0.01569598 0.05249994 -0.001884996 0.01569598 0.05249994 -0.001884996 0.01569598 0.05249994 -0.001884996 0.01197099 0.05249994 -0.001884996 0.01197099 0.05249994 -0.001884996 0.01197099 0.05249994 -0.001884996 0.01197099 0.05249994 -0.001883983 0.01197099 0.05247795 -0.001883983 0.01197099 0.05247795 -0.001860976 0.01197099 0.05239194 -0.001860976 0.01197099 0.05239194 -0.001745998 0.01587599 0.05236196 -0.001745998 0.01587599 0.05236196 -0.001630961 0.01594996 0.05249994 -0.001630961 0.01594996 0.05249994 -0.001630961 0.01594996 0.05249994 -0.001630961 0.01594996 0.05249994 -0.001809954 0.01587599 0.05249994 -0.001809954 0.01587599 0.05249994 5.8e-5 0.01587796 0.050852 5.8e-5 0.01587796 0.050852 1.71e-4 0.01594996 0.05098795 1.71e-4 0.01594996 0.05098795 1.71e-4 0.01594996 0.05098795 1.71e-4 0.01594996 0.05098795 3.58e-4 0.01577496 0.05055797 3.58e-4 0.01577496 0.05055797 4.58e-4 0.01586496 0.05063199 4.58e-4 0.01586496 0.05063199 4.58e-4 0.01586496 0.05063199 4.58e-4 0.01586496 0.05063199 3.17e-4 0.01592898 0.05080795 3.17e-4 0.01592898 0.05080795 0.00664097 0.01586496 0.05063199 0.00664097 0.01586496 0.05063199 0.00664097 0.01586496 0.05063199 0.00664097 0.01586496 0.05063199 0.00664097 0.01592797 0.05080497 0.00664097 0.01592797 0.05080497 0.00664097 0.01594996 0.05098795 0.00664097 0.01594996 0.05098795 0.00664097 0.01594996 0.05098795 0.00664097 0.01594996 0.05098795 0.006941974 0.01311498 0.045192 0.006941974 0.01311498 0.045192 0.006941974 0.01311498 0.045192 0.007255971 0.01294398 0.04485398 0.007255971 0.01294398 0.04485398 0.007485985 0.01272594 0.04442298 0.007485985 0.01272594 0.04442298 0.007485985 0.01272594 0.04442298 0.007950961 0.01300597 0.04497599 0.007950961 0.01300597 0.04497599 0.008524954 0.01328599 0.04552996 0.008524954 0.01328599 0.04552996 0.008524954 0.01328599 0.04552996 0.008524954 0.01328599 0.04552996 0.007462978 0.01419496 0.04732894 0.007462978 0.01419496 0.04732894 0.007359981 0.01432496 0.04758495 0.007359981 0.01432496 0.04758495 0.006752967 0.01549595 0.04990196 0.006752967 0.01549595 0.04990196 0.006752967 0.01549595 0.04990196 0.006694972 0.01567697 0.05026096 0.006694972 0.01567697 0.05026096 0.00684297 0.01302796 0.04511898 0.00684297 0.01302796 0.04511898 0.00702995 0.01273298 0.04484695 0.00702995 0.01273298 0.04484695 0.007212996 0.01254999 0.04453396 0.007212996 0.01254999 0.04453396 0.007212996 0.01254999 0.04453396 0.007347941 0.01263797 0.04437196 0.007347941 0.01263797 0.04437196 0.007206976 -0.005912959 0.04454797 0.007206976 -0.005912959 0.04454797 0.007311999 0.01260399 0.04423397 0.007311999 0.01260399 0.04423397 0.006964981 -0.006587982 0.04518496 0.006964981 -0.006587982 0.04518496 0.007588982 -0.006424963 0.04390698 0.007588982 -0.006424963 0.04390698 0.008276998 0.01293796 0.04449599 0.008276998 0.01293796 0.04449599 0.008587956 0.01326596 0.04548394 0.008587956 0.01326596 0.04548394 0.008587956 0.01326596 0.04548394 0.008587956 0.01326596 0.04548394 0.008555948 0.01327598 0.04550498 0.008555948 0.01327598 0.04550498 0.009517967 0.01294398 0.04452097 0.009517967 0.01294398 0.04452097 0.009714961 0.01293694 0.04469597 0.009714961 0.01293694 0.04469597 0.008972942 0.01323699 0.04581195 0.008972942 0.01323699 0.04581195 0.008972942 0.01323699 0.04581195 0.008791983 0.013291 0.04563897 0.008791983 0.013291 0.04563897 0.01040595 0.01283395 0.05004495 0.01040595 0.01283395 0.05004495 0.01028698 0.01284098 0.05025798 0.01028698 0.01284098 0.05025798 0.01028698 0.01284098 0.05025798 0.01028698 0.01284098 0.05025798 0.008544981 0.01352494 0.05025798 0.008544981 0.01352494 0.05025798 0.007502973 0.01503497 0.05025798 0.007502973 0.01503497 0.05025798 0.007502973 0.01503497 0.05025798 0.007502973 0.01503497 0.05025798 0.007993996 0.01409 0.04792594 0.007993996 0.01409 0.04792594 0.008089959 0.01396995 0.04762899 0.008089959 0.01396995 0.04762899 0.008939981 0.01325595 0.04586696 0.008939981 0.01325595 0.04586696 0.008939981 0.01325595 0.04586696 0.008955955 0.01324695 0.04583895 0.008955955 0.01324695 0.04583895 0.01071298 0.01259398 0.050565 0.01071298 0.01259398 0.050565 0.010131 0.01281398 0.05069094 0.010131 0.01281398 0.05069094 0.010131 0.01281398 0.05069094 0.01020497 0.01283699 0.05048096 0.01020497 0.01283699 0.05048096 0.01076495 0.01205694 0.05086195 0.01076495 0.01205694 0.05086195 0.01066499 0.01204496 0.05100798 0.01066499 0.01204496 0.05100798 0.01066499 0.01204496 0.05100798 0.01050597 0.01253896 0.05093097 0.01050597 0.01253896 0.05093097 0.01000297 0.01282894 0.050713 0.01000297 0.01282894 0.050713 0.009826958 0.01283198 0.050843 0.009826958 0.01283198 0.050843 0.009826958 0.01283198 0.050843 0.009750962 0.01283198 0.05090695 0.009750962 0.01283198 0.05090695 0.008183956 0.01372295 0.05118697 0.007390975 0.01528197 0.05168998 0.007390975 0.01528197 0.05168998 0.00741297 0.01531696 0.05101299 0.00741297 0.01531696 0.05101299 0.00741297 0.01531696 0.05101299 0.00741297 0.01531696 0.05101299 0.007454991 0.01517999 0.05064195 0.007454991 0.01517999 0.05064195 0.009635984 0.01283198 0.05100399 0.009635984 0.01283198 0.05100399 0.009635984 0.01283198 0.05100399 0.008973956 0.01292997 0.05142998 0.008973956 0.01292997 0.05142998 0.00812 0.01340699 0.05195897 0.00812 0.01340699 0.05195897 0.007380962 0.014741 0.05289596 0.007380962 0.014741 0.05289596 0.007357954 0.01492899 0.05291599 0.007357954 0.01492899 0.05291599 0.007349967 0.015118 0.05292099 0.007349967 0.015118 0.05292099 0.007349967 0.015118 0.05292099 0.007349967 0.01514595 0.05292099 0.007349967 0.01514595 0.05292099 0.007349967 0.01516997 0.05292195 0.007349967 0.01516997 0.05292195 0.007349967 0.01516997 0.05292195 0.007349967 0.01516997 0.05292195 0.007378995 0.01526296 0.05197799 0.007378995 0.01526296 0.05197799 0.01048099 0.01204496 0.051283 0.01048099 0.01204496 0.051283 0.01030099 0.01204496 0.05156099 0.01030099 0.01204496 0.05156099 0.01030099 0.01204496 0.05156099 -0.001247942 -0.01006096 0.00276196 -0.001247942 -0.01006096 0.00276196 0.01009899 0.01260995 0.05143296 0.01009899 0.01260995 0.05143296 0.009635984 0.01283198 0.05113995 0.009635984 0.01283198 0.05113995 0.009635984 0.01283198 0.05113995 0.009635984 0.01283198 0.05113995 0.009730994 0.01283198 0.05099099 0.009730994 0.01283198 0.05099099 0.008129954 -0.006915986 0.05634999 0.008129954 -0.006915986 0.05634999 0.007565975 -0.007664978 0.05888396 0.007565975 -0.007664978 0.05888396 0.007349967 -0.008635997 0.061746 0.007349967 -0.008635997 0.061746 0.007349967 -0.008635997 0.061746 0.007349967 0.015118 0.061746 0.007349967 0.015118 0.061746 0.007349967 0.015118 0.061746 0.007349967 0.015118 0.061746 0.007628977 0.01381397 0.05849796 0.007628977 0.01381397 0.05849796 0.008138 0.01302796 0.05632495 0.008138 0.01302796 0.05632495 0.008364975 0.01279896 0.05561 0.008364975 0.01279896 0.05561 0.007380962 -0.008258998 0.05289596 0.007380962 -0.008258998 0.05289596 0.007357954 -0.008446991 0.05291497 0.007357954 -0.008446991 0.05291497 0.007349967 -0.008635997 0.05292099 0.007349967 -0.008635997 0.05292099 0.007349967 -0.008635997 0.05292099 0.008971989 -0.006448984 0.051431 0.008971989 -0.006448984 0.051431 0.008117973 -0.006926 0.051961 0.008117973 -0.006926 0.051961 0.01023197 -0.006358981 0.05040597 0.01023197 -0.006358981 0.05040597 0.01028698 -0.006358981 0.05025798 0.01028698 -0.006358981 0.05025798 0.01028698 -0.006358981 0.05025798 0.01028698 -0.006358981 0.05025798 0.008580982 -0.007013976 0.05025798 0.008580982 -0.007013976 0.05025798 0.007506966 -0.008539974 0.05025798 0.007506966 -0.008539974 0.05025798 0.007506966 -0.008539974 0.05025798 0.007506966 -0.008539974 0.05025798 0.007457971 -0.008686959 0.05064797 0.007457971 -0.008686959 0.05064797 0.00741595 -0.008819997 0.05101299 0.00741595 -0.008819997 0.05101299 0.00741595 -0.008819997 0.05101299 0.00741595 -0.008819997 0.05101299 0.007392942 -0.008784949 0.05169397 0.007392942 -0.008784949 0.05169397 0.008191943 -0.007232964 0.05118495 0.007349967 -0.008666992 0.05292099 0.007349967 -0.008666992 0.05292099 0.007349967 -0.008666992 0.05292099 0.007349967 -0.008666992 0.05292099 -7.13e-4 -0.009266972 0.00276196 -7.13e-4 -0.009266972 0.00276196 0.007379949 -0.008764982 0.05200695 0.007379949 -0.008764982 0.05200695 0.01031899 -0.006354987 0.05027997 0.01031899 -0.006354987 0.05027997 0.01040595 -0.006351947 0.05004495 0.01040595 -0.006351947 0.05004495 0.008965969 -0.006758987 0.04562199 0.008965969 -0.006758987 0.04562199 0.008522987 -0.007060945 0.04658395 0.008522987 -0.007060945 0.04658395 0.008522987 -0.007060945 0.04658395 0.007875978 -0.007773995 0.04835295 0.007875978 -0.007773995 0.04835295 0.008296966 -0.007163941 0.04639196 0.008296966 -0.007163941 0.04639196 0.007230997 -0.008885979 0.05003899 0.007230997 -0.008885979 0.05003899 0.007149994 -0.009226977 0.05077195 0.007149994 -0.009226977 0.05077195 0.006644964 -0.009428977 0.05080497 0.006644964 -0.009428977 0.05080497 0.006644964 -0.009449958 0.050987 0.006644964 -0.009449958 0.050987 0.006644964 -0.009449958 0.050987 0.006644964 -0.009449958 0.050987 0.006887972 -0.00941199 0.05099397 0.006887972 -0.00941199 0.05099397 0.00703597 -0.009345948 0.05099898 0.00703597 -0.009345948 0.05099898 0.007106959 -0.009299993 0.05100196 0.007106959 -0.009299993 0.05100196 -0.001630961 -0.009449958 0.069063 -0.001630961 -0.009449958 0.069063 -0.001630961 -0.009449958 0.069063 -0.001630961 -0.009449958 0.069063 0.006562948 -0.009449958 0.069063 0.006562948 -0.009449958 0.069063 0.006562948 -0.009449958 0.069063 0.006562948 -0.009449958 0.069063 0.006562948 -0.009449958 0.05291998 0.006562948 -0.009449958 0.05291998 0.006562948 -0.009449958 0.05291998 0.006597995 -0.009449958 0.05199897 0.006597995 -0.009449958 0.05199897 -4.35e-4 -0.009449958 0.05182796 -4.35e-4 -0.009449958 0.05182796 -4.35e-4 -0.009449958 0.05182796 -4.35e-4 -0.009449958 0.05182796 -0.001630961 -0.009449958 0.05283099 -0.001630961 -0.009449958 0.05283099 -0.001630961 -0.009449958 0.05283099 -0.001630961 -0.009449958 0.05283099 -0.001884996 -0.009195983 0.05283099 -0.001884996 -0.009195983 0.05283099 -0.001884996 -0.009195983 0.05283099 -0.001884996 -0.009195983 0.069063 -0.001884996 -0.009195983 0.069063 -0.001884996 -0.009195983 0.069063 -0.001809954 -0.009375989 0.069063 -0.001809954 -0.009375989 0.069063 -0.001812994 -0.009372949 0.05283099 -0.001812994 -0.009372949 0.05283099 0.001009941 -0.008563995 0.00276196 0.001009941 -0.008563995 0.00276196 -0.001884996 -0.008662998 0.06959599 -0.001884996 -0.008662998 0.06959599 -0.001884996 -0.008662998 0.06959599 -0.001884996 -0.009039998 0.06944 -0.001884996 -0.009039998 0.06944 -0.001884996 -0.009170949 0.05268698 -0.001884996 -0.009170949 0.05268698 -0.001884996 -0.009106993 0.05257999 -0.001884996 -0.009106993 0.05257999 -0.001884996 -0.008941948 0.05249994 -0.001884996 -0.008941948 0.05249994 -0.001884996 -0.008941948 0.05249994 -0.001884996 -0.005470991 0.05249994 -0.001884996 -0.005470991 0.05249994 -0.001884996 -0.005470991 0.05249994 -0.001884996 -0.005470991 0.05249994 -0.001884996 -0.005470991 0.06959599 -0.001884996 -0.005470991 0.06959599 -0.001884996 -0.005470991 0.06959599 -0.001884996 -0.005470991 0.06959599 -0.001630961 -0.005470991 0.06984996 -0.001630961 -0.005470991 0.06984996 -0.001630961 -0.005470991 0.06984996 -0.001630961 -0.008662998 0.06984996 -0.001630961 -0.008662998 0.06984996 -0.001630961 -0.008662998 0.06984996 -0.001630961 -0.008662998 0.06984996 -0.001809954 -0.008662998 0.06977599 -0.001809954 -0.008662998 0.06977599 -0.001809954 -0.005470991 0.06977599 -0.001809954 -0.005470991 0.06977599 -0.001473963 -0.005093991 0.06984996 -0.001473963 -0.005093991 0.06984996 -0.001096963 -0.004936993 0.06984996 -0.001096963 -0.004936993 0.06984996 -0.001096963 -0.004936993 0.06984996 -9.54e-4 -0.004936993 0.06984996 -9.54e-4 -0.004936993 0.06984996 -9.54e-4 -0.004936993 0.06984996 9.3e-5 -0.004720985 0.06984996 9.3e-5 -0.004720985 0.06984996 9.69e-4 -0.004106998 0.06984996 9.69e-4 -0.004106998 0.06984996 9.69e-4 -0.004106998 0.06984996 0.001236975 -0.003810942 0.06984996 0.001236975 -0.003810942 0.06984996 0.00149399 -0.003505945 0.06984996 0.00149399 -0.003505945 0.06984996 0.00149399 -0.003505945 0.06984996 0.00149399 -0.003505945 0.06984996 0.001607954 -0.003505945 0.06984996 0.001607954 -0.003505945 0.06984996 0.001607954 -0.003505945 0.06984996 0.002027988 -0.00346899 0.06984996 0.002027988 -0.00346899 0.06984996 0.002433955 -0.003357946 0.06984996 0.002433955 -0.003357946 0.06984996 0.002433955 -0.003357946 0.06984996 0.004936993 -0.001768946 0.06984996 0.004936993 -0.001768946 0.06984996 0.006562948 7.1e-4 0.06984996 0.006562948 7.1e-4 0.06984996 0.006562948 7.1e-4 0.06984996 0.006562948 7.1e-4 0.06984996 0.006562948 -0.008662998 0.06984996 0.006562948 -0.008662998 0.06984996 0.006562948 -0.008662998 0.06984996 0.006562948 -0.008662998 0.06984996 -0.001714944 -0.005113959 0.06977599 -0.001453995 -0.00485295 0.06977599 -0.001096963 -0.004758 0.06977599 -0.001096963 -0.004758 0.06977599 -0.001653969 -0.004913985 0.06959599 -0.001653969 -0.004913985 0.06959599 -0.001096963 -0.004682958 0.06959599 -0.001096963 -0.004682958 0.06959599 -0.001096963 -0.004682958 0.06959599 -0.001096963 -0.004682958 0.06959599 -0.001677989 -0.00493896 0.05238199 -0.001677989 -0.00493896 0.05238199 -0.001420974 -0.004752993 0.05223596 -0.001420974 -0.004752993 0.05223596 -0.001096963 -0.004682958 0.05205196 -0.001096963 -0.004682958 0.05205196 -0.001096963 -0.004682958 0.05205196 -0.001096963 -0.004682958 0.05205196 -0.001213967 -0.00476098 0.05191296 -0.001213967 -0.00476098 0.05191296 0.002192974 -0.00978899 0.00276196 0.002192974 -0.00978899 0.00276196 -0.001510977 -0.004831969 0.05216497 -0.001766979 -0.005067944 0.05237996 -0.001883983 -0.005470991 0.05247795 -0.001883983 -0.005470991 0.05247795 -0.001860976 -0.005470991 0.05239295 -0.001860976 -0.005470991 0.05239295 -0.001067996 -0.00475496 0.05179697 -0.001067996 -0.00475496 0.05179697 -9.54e-4 -0.004682958 0.05193197 -9.54e-4 -0.004682958 0.05193197 -9.54e-4 -0.004682958 0.05193197 -9.54e-4 -0.004682958 0.05193197 -9.54e-4 -0.004682958 0.06959599 -9.54e-4 -0.004682958 0.06959599 -9.54e-4 -0.004682958 0.06959599 -9.54e-4 -0.004682958 0.06959599 -9.54e-4 -0.004758 0.06977599 -9.54e-4 -0.004758 0.06977599 -7e-6 -0.004487991 0.06959599 -7e-6 -0.004487991 0.06959599 7.84e-4 -0.003932952 0.06959599 7.84e-4 -0.003932952 0.06959599 7.84e-4 -0.003932952 0.06959599 7.84e-4 -0.003932952 0.06959599 8.38e-4 -0.003983974 0.06977599 8.38e-4 -0.003983974 0.06977599 1.3e-5 -0.004478991 0.05103498 1.3e-5 -0.004478991 0.05103498 7.84e-4 -0.003932952 0.050318 7.84e-4 -0.003932952 0.050318 7.84e-4 -0.003932952 0.050318 7.84e-4 -0.003932952 0.050318 7.66e-4 -0.004005968 0.05020397 7.66e-4 -0.004005968 0.05020397 7.66e-4 0.01050394 0.050206 7.66e-4 0.01050394 0.050206 7.84e-4 0.010432 0.050318 7.84e-4 0.010432 0.050318 7.84e-4 0.010432 0.050318 7.84e-4 0.010432 0.050318 0.002085983 0.008730947 0.04919999 0.002085983 0.008730947 0.04919999 0.002965986 0.006929993 0.04844295 0.002965986 0.006929993 0.04844295 0.003633975 0.003247976 0.04786896 0.003633975 0.003247976 0.04786896 0.002964973 -4.32e-4 0.04844397 0.002964973 -4.32e-4 0.04844397 0.00208497 -0.002231955 0.04920095 0.00208497 -0.002231955 0.04920095 -0.001070976 0.01125997 0.05179196 -0.001070976 0.01125997 0.05179196 -9.54e-4 0.01118296 0.05193197 -9.54e-4 0.01118296 0.05193197 -9.54e-4 0.01118296 0.05193197 -9.54e-4 0.01118296 0.05193197 1.1e-5 0.01097995 0.05103695 1.1e-5 0.01097995 0.05103695 -0.001212954 0.01125794 0.05191498 -0.001212954 0.01125794 0.05191498 0.002723991 -0.009277999 0.00276196 0.002723991 -0.009277999 0.00276196 -0.001096963 0.01118296 0.05205196 -0.001096963 0.01118296 0.05205196 -0.001096963 0.01118296 0.05205196 -0.001096963 0.01118296 0.05205196 -0.001766979 0.01156699 0.05237996 -0.001510977 0.01133096 0.05216497 -0.001670956 0.01143199 0.05237799 -0.001670956 0.01143199 0.05237799 -0.001421988 0.01125395 0.05223697 -0.001421988 0.01125395 0.05223697 -0.001096963 0.01118296 0.06959599 -0.001096963 0.01118296 0.06959599 -0.001096963 0.01118296 0.06959599 -0.001096963 0.01118296 0.06959599 -0.001884996 0.01197099 0.06959599 -0.001884996 0.01197099 0.06959599 -0.001884996 0.01197099 0.06959599 -0.001884996 0.01197099 0.06959599 -0.001653969 0.01141399 0.06959599 -0.001653969 0.01141399 0.06959599 -9.54e-4 0.01118296 0.06959599 -9.54e-4 0.01118296 0.06959599 -9.54e-4 0.01118296 0.06959599 -9.54e-4 0.01118296 0.06959599 -0.001096963 0.01143699 0.06984996 -0.001096963 0.01143699 0.06984996 -0.001096963 0.01143699 0.06984996 -9.54e-4 0.01143699 0.06984996 -9.54e-4 0.01143699 0.06984996 -9.54e-4 0.01143699 0.06984996 -9.54e-4 0.01125794 0.06977599 -9.54e-4 0.01125794 0.06977599 -0.001096963 0.01125794 0.06977599 -0.001096963 0.01125794 0.06977599 -0.001630961 0.015163 0.06984996 -0.001630961 0.015163 0.06984996 -0.001630961 0.015163 0.06984996 -0.001630961 0.015163 0.06984996 0.006562948 0.015163 0.06984996 0.006562948 0.015163 0.06984996 0.006562948 0.015163 0.06984996 0.006562948 0.015163 0.06984996 0.006562948 0.005772948 0.06984996 0.006562948 0.005772948 0.06984996 0.006562948 0.005772948 0.06984996 0.006562948 0.005772948 0.06984996 0.004928946 0.008258998 0.06984996 0.004928946 0.008258998 0.06984996 0.002413988 0.009847998 0.06984996 0.002413988 0.009847998 0.06984996 0.002413988 0.009847998 0.06984996 0.002009987 0.009955942 0.06984996 0.002009987 0.009955942 0.06984996 0.001593947 0.009992957 0.06984996 0.001593947 0.009992957 0.06984996 0.001593947 0.009992957 0.06984996 0.001504957 0.009992957 0.06984996 0.001504957 0.009992957 0.06984996 0.001504957 0.009992957 0.06984996 0.001504957 0.009992957 0.06984996 0.001242995 0.01030498 0.06984996 0.001242995 0.01030498 0.06984996 9.69e-4 0.010607 0.06984996 9.69e-4 0.010607 0.06984996 9.69e-4 0.010607 0.06984996 9.3e-5 0.01121997 0.06984996 9.3e-5 0.01121997 0.06984996 -0.001473963 0.01159399 0.06984996 -0.001473963 0.01159399 0.06984996 -0.001630961 0.01197099 0.06984996 -0.001630961 0.01197099 0.06984996 -0.001630961 0.01197099 0.06984996 -0.001884996 0.015163 0.06959599 -0.001884996 0.015163 0.06959599 -0.001884996 0.015163 0.06959599 -0.001809954 0.015163 0.06977599 -0.001809954 0.015163 0.06977599 -0.001809954 0.01197099 0.06977599 -0.001809954 0.01197099 0.06977599 -0.001884996 0.01569598 0.069063 -0.001884996 0.01569598 0.069063 -0.001884996 0.01569598 0.069063 -0.001884996 0.01554 0.06944 -0.001884996 0.01554 0.06944 -0.001630961 0.01594996 0.069063 -0.001630961 0.01594996 0.069063 -0.001630961 0.01594996 0.069063 -0.001630961 0.01594996 0.069063 -0.001809954 0.01587599 0.069063 -0.001809954 0.01587599 0.069063 0.006596982 0.01594996 0.05197095 0.006596982 0.01594996 0.05197095 0.006562948 0.01594996 0.05291998 0.006562948 0.01594996 0.05291998 0.006562948 0.01594996 0.05291998 0.006562948 0.01594996 0.069063 0.006562948 0.01594996 0.069063 0.006562948 0.01594996 0.069063 0.006562948 0.01594996 0.069063 0.007116973 0.01572197 0.05292195 0.007116973 0.01572197 0.05292195 0.006868958 0.01591598 0.05099499 0.006868958 0.01591598 0.05099499 0.007028996 0.01584798 0.05099999 0.007028996 0.01584798 0.05099999 0.007093966 0.01580697 0.05100196 0.007093966 0.01580697 0.05100196 0.007349967 0.015163 0.069063 0.007349967 0.015163 0.069063 0.007349967 0.015163 0.069063 0.007349967 0.015163 0.069063 0.007118999 0.01571899 0.069063 0.007118999 0.01571899 0.069063 0.007349967 -0.008662998 0.069063 0.007349967 -0.008662998 0.069063 0.007349967 -0.008662998 0.069063 0.007349967 -0.008662998 0.069063 0.008141994 0.01338797 0.05533599 0.008141994 0.01338797 0.05533599 0.007579982 0.01411896 0.05825698 0.007579982 0.01411896 0.05825698 0.007118999 -0.00921899 0.069063 0.007118999 -0.00921899 0.069063 0.007119953 -0.00921899 0.05292195 0.007119953 -0.00921899 0.05292195 0.006562948 -0.00921899 0.06961899 0.006562948 -0.00921899 0.06961899 0.006840944 -0.009144961 0.06961899 0.00704497 -0.008940994 0.06961899 0.007118999 -0.008662998 0.06961899 0.007118999 -0.008662998 0.06961899 -0.001630961 -0.00921899 0.06961899 -0.001630961 -0.00921899 0.06961899 -0.001809954 -0.009018957 0.06967997 -0.001809954 -0.009279966 0.06941896 0.007118999 0.015163 0.06961899 0.007118999 0.015163 0.06961899 0.006797969 0.003241956 0.06981396 0.006797969 0.003241956 0.06981396 0.006246984 0.003240942 0.07056498 0.006246984 0.003240942 0.07056498 0.006139993 0.004387974 0.070598 0.006139993 0.004387974 0.070598 0.005827963 0.005488991 0.07063698 0.005827963 0.005488991 0.07063698 0.005827963 0.005488991 0.07063698 0.00603497 0.005568981 0.07008898 0.00603497 0.005568981 0.07008898 0.006391942 0.003240942 0.070109 0.006136 0.002070963 0.07059895 0.006136 0.002070963 0.07059895 0.006050944 9.07e-4 0.07007199 0.006050944 9.07e-4 0.07007199 0.005827963 9.93e-4 0.07063698 0.005827963 9.93e-4 0.07063698 0.005827963 9.93e-4 0.07063698 0.002460956 -0.002499997 0.07063698 0.002460956 -0.002499997 0.07063698 0.002460956 -0.002499997 0.07063698 0.002460956 -0.002499997 0.07063698 0.002460956 -0.002499997 0.07143795 0.002460956 -0.002499997 0.07143795 0.002460956 -0.002499997 0.07143795 0.002460956 -0.002499997 0.07143795 0.005214989 -1.97e-4 0.07143795 0.005214989 -1.97e-4 0.07143795 0.006246984 0.003240942 0.07143795 0.006246984 0.003240942 0.07143795 0.005218982 0.006672978 0.07143795 0.005218982 0.006672978 0.07143795 0.002475976 0.008975982 0.07143795 0.002475976 0.008975982 0.07143795 0.002475976 0.008975982 0.07143795 0.002475976 0.008975982 0.07143795 0.002475976 0.008975982 0.07063698 0.002475976 0.008975982 0.07063698 0.002475976 0.008975982 0.07063698 0.002475976 0.008975982 0.07063698 0.004376947 0.007696986 0.07063698 0.004376947 0.007696986 0.07063698 0.004502952 0.007569968 0.07063698 0.004502952 0.007569968 0.07063698 0.004497945 -0.001093983 0.07063698 0.004497945 -0.001093983 0.07063698 0.004383981 -0.001207947 0.07063698 0.004383981 -0.001207947 0.07063698 0.00217396 -0.002438962 0.07063698 0.00217396 -0.002438962 0.07063698 0.002142965 -0.002135992 0.07063698 0.002142965 -0.002135992 0.07063698 0.002142965 -0.002135992 0.07063698 0.002142965 -0.002135992 0.07143795 0.002142965 -0.002135992 0.07143795 0.002142965 -0.002135992 0.07143795 0.002164959 -0.002428948 0.07143795 0.002164959 -0.002428948 0.07143795 0.003435969 -0.01099997 0.00276196 0.003435969 -0.01099997 0.00276196 0.003435969 -0.01099997 0.00276196 0.002221941 -0.002783954 0.07014298 0.002221941 -0.002783954 0.07014298 0.002221941 -0.002783954 0.07014298 0.002221941 -0.002783954 0.07014298 0.001990973 -0.002655982 0.07016897 0.001990973 -0.002655982 0.07016897 0.001940965 -0.002459943 0.069983 0.001940965 -0.002459943 0.069983 0.001940965 -0.002459943 0.069983 0.002083957 -0.002233982 0.07026499 0.002083957 -0.002233982 0.07026499 0.002117991 -0.002489984 0.07039195 0.00239098 -0.002585947 0.07035696 0.00239098 -0.002585947 0.07035696 0.002404987 -0.00256896 0.07038599 0.002404987 -0.00256896 0.07038599 0.002091944 -0.002219974 0.07029199 0.002091944 -0.002219974 0.07029199 0.00445795 -0.001282989 0.07024395 0.004660964 -0.001488983 0.06995499 0.002316951 -0.003039956 0.06992697 0.002316951 -0.003039956 0.06992697 0.001607954 -0.003397941 0.069857 0.001607954 -0.003397941 0.069857 0.001607954 -0.003397941 0.069857 0.001607954 -0.003397941 0.069857 0.001921951 -0.00309199 0.06995296 0.001921951 -0.00309199 0.06995296 0.001607954 -0.003451943 0.06985199 0.001607954 -0.003451943 0.06985199 0.001457989 -0.00326997 0.06978797 0.001457989 -0.00326997 0.06978797 0.00140798 -0.003205955 0.069606 0.00140798 -0.003205955 0.069606 0.00140798 -0.003205955 0.069606 0.00168997 -0.002828955 0.069727 0.00168997 -0.002828955 0.069727 0.001551985 -0.003450989 0.06985199 0.001551985 -0.003450989 0.06985199 0.001356959 -0.003393948 0.06977796 0.001356959 -0.003393948 0.06977796 0.001296997 -0.003345966 0.06959599 0.001296997 -0.003345966 0.06959599 0.001296997 -0.003345966 0.06959599 0.001352965 -0.00327599 0.06959795 0.001352965 -0.00327599 0.06959795 0.001045942 -0.003643989 0.06959599 0.001045942 -0.003643989 0.06959599 7.84e-4 0.010432 0.06959599 7.84e-4 0.010432 0.06959599 7.84e-4 0.010432 0.06959599 7.84e-4 0.010432 0.06959599 0.001050949 0.01013797 0.06959599 0.001050949 0.01013797 0.06959599 0.001306951 0.009832978 0.06959599 0.001306951 0.009832978 0.06959599 0.001306951 0.009832978 0.06959599 0.001350998 0.009777963 0.06959795 0.001350998 0.009777963 0.06959795 0.001394987 0.009722948 0.06960195 0.001394987 0.009722948 0.06960195 0.001394987 0.009722948 0.06960195 0.001670956 0.009354948 0.06970697 0.001670956 0.009354948 0.06970697 0.001931965 0.008973956 0.06995099 0.001931965 0.008973956 0.06995099 0.001931965 0.008973956 0.06995099 0.002091944 0.00871998 0.07024496 0.002091944 0.00871998 0.07024496 0.002101957 0.008702993 0.07027596 0.002101957 0.008702993 0.07027596 0.002156972 0.00861299 0.07063698 0.002156972 0.00861299 0.07063698 0.002156972 0.00861299 0.07063698 0.002156972 0.00861299 0.071437 0.002156972 0.00861299 0.071437 0.002156972 0.00861299 0.071437 0.002267956 0.00842297 0.07201397 0.002267956 0.00842297 0.07201397 0.002419948 0.008144974 0.07229995 0.002419948 0.008144974 0.07229995 0.002632975 0.007717967 0.07254296 0.002632975 0.007717967 0.07254296 0.002890944 0.007123947 0.07270997 0.002890944 0.007123947 0.07270997 0.003166973 0.00634098 0.07277095 0.003166973 0.00634098 0.07277095 0.003166973 0.00634098 0.07277095 0.003633975 0.003235995 0.07277095 0.003633975 0.003235995 0.07277095 0.003158986 1.33e-4 0.07277095 0.003158986 1.33e-4 0.07277095 0.003158986 1.33e-4 0.07277095 0.002881944 -6.47e-4 0.07270997 0.002881944 -6.47e-4 0.07270997 0.002621948 -0.001240968 0.07254296 0.002621948 -0.001240968 0.07254296 0.002406954 -0.001668989 0.07229995 0.002406954 -0.001668989 0.07229995 0.002253949 -0.001946985 0.07201296 0.002253949 -0.001946985 0.07201296 -7e-6 0.01098799 0.06959599 -7e-6 0.01098799 0.06959599 8.38e-4 0.01048296 0.06977599 8.38e-4 0.01048296 0.06977599 0.001362979 0.009877979 0.06977295 0.001362979 0.009877979 0.06977295 0.001549959 0.009949982 0.06985098 0.001549959 0.009949982 0.06985098 0.001593947 0.00990796 0.06985497 0.001593947 0.00990796 0.06985497 0.001593947 0.00990796 0.06985497 0.001593947 0.00990796 0.06985497 0.001448988 0.00978595 0.06978797 0.001448988 0.00978595 0.06978797 0.001593947 0.009949982 0.06985098 0.001593947 0.009949982 0.06985098 0.002209961 0.009291946 0.07011801 0.002209961 0.009291946 0.07011801 0.002209961 0.009291946 0.07011801 0.002209961 0.009291946 0.07011801 0.001886963 0.009622991 0.06993097 0.001886963 0.009622991 0.06993097 0.00230199 0.009542942 0.06992 0.00230199 0.009542942 0.06992 0.001981973 0.009160995 0.07014 0.001981973 0.009160995 0.07014 0.00217998 0.008904993 0.07063698 0.00217998 0.008904993 0.07063698 0.002125978 0.008974969 0.07037496 0.002396941 0.009071946 0.07033997 0.002396941 0.009071946 0.07033997 0.002413988 0.009051978 0.07037299 0.002413988 0.009051978 0.07037299 0.004652976 0.007977962 0.06995499 0.004450976 0.007772982 0.07024395 0.00218898 0.008914947 0.07143795 0.00218898 0.008914947 0.07143795 0.003247976 -0.01193898 0.00276196 0.003247976 -0.01193898 0.00276196 0.002579987 0.008766949 0.07210695 0.002579987 0.008766949 0.07210695 0.002721965 0.008462965 0.07244098 0.002721965 0.008462965 0.07244098 0.002789974 0.008307993 0.07255697 0.002789974 0.008307993 0.07255697 0.002922952 0.007986962 0.07273495 0.002922952 0.007986962 0.07273495 0.00316298 0.007312953 0.07294499 0.00316298 0.007312953 0.07294499 0.003409981 0.006415963 0.07302498 0.003409981 0.006415963 0.07302498 0.003409981 0.006415963 0.07302498 0.003409981 0.006415963 0.07302498 0.003332972 0.006391942 0.07301199 0.003332972 0.006391942 0.07301199 0.003119945 0.007019996 0.07297796 0.002867996 0.007628977 0.07285398 0.002589941 0.008199989 0.07260096 0.002321958 0.008682966 0.07215195 0.003239989 0.006362974 0.07295197 0.003239989 0.006362974 0.07295197 0.002564966 -0.002293944 0.07210296 0.002564966 -0.002293944 0.07210296 0.002706944 -0.001991987 0.072438 0.002706944 -0.001991987 0.072438 0.00277698 -0.001832962 0.07255697 0.00277698 -0.001832962 0.07255697 0.004976987 2.99e-4 0.07255995 0.005781948 0.003233969 0.07255995 0.004984974 0.006169974 0.07255995 0.002908945 -0.001515984 0.07273298 0.002908945 -0.001515984 0.07273298 0.003151953 -8.42e-4 0.07294499 0.003151953 -8.42e-4 0.07294499 0.003401994 5.8e-5 0.07302498 0.003401994 5.8e-5 0.07302498 0.003401994 5.8e-5 0.07302498 0.003401994 5.8e-5 0.07302498 0.004332959 0.001529991 0.07302498 0.004332959 0.001529991 0.07302498 0.004658997 0.003234982 0.07302498 0.004658997 0.003234982 0.07302498 0.004336953 0.004940986 0.07302498 0.004336953 0.004940986 0.07302498 0.002307951 -0.002206981 0.072151 0.002576947 -0.001725971 0.07260096 0.002855956 -0.001154959 0.07285398 0.003109991 -5.47e-4 0.07297796 0.003326952 8.1e-5 0.073013 0.003326952 8.1e-5 0.073013 0.003230988 1.11e-4 0.07295095 0.003230988 1.11e-4 0.07295095 0.003886997 0.003235995 0.07302498 0.003886997 0.003235995 0.07302498 0.006562948 0.01571899 0.06961899 0.006562948 0.01571899 0.06961899 0.006840944 0.01564496 0.06961899 0.00704497 0.015441 0.06961899 -0.001630961 0.01571899 0.06961899 -0.001630961 0.01571899 0.06961899 -0.001809954 0.01577997 0.06941896 -0.001809954 0.01551896 0.06967997 0.007147967 0.01572495 0.05077099 0.007147967 0.01572495 0.05077099 -2e-4 -0.009795963 0.00276196 -2e-4 -0.009795963 0.00276196 0.007227957 0.01538199 0.05003798 0.007227957 0.01538199 0.05003798 0.008727967 0.01331597 0.04567599 0.008727967 0.01331597 0.04567599 0.007716 0.01430499 0.04777199 -0.001453995 0.01135295 0.06977599 -0.001714944 0.01161396 0.06977599 -0.001859962 -0.008941948 0.05239194 -0.001859962 -0.008941948 0.05239194 -0.001813948 -0.008941948 0.05232399 -0.001813948 -0.008941948 0.05232399 -0.001814961 -0.009327948 0.05260795 -0.001814961 -0.009186983 0.052414 -0.001743972 -0.009306967 0.05246496 -0.001743972 -0.009306967 0.05246496 -6.66e-4 -0.009300947 0.05155199 -6.66e-4 -0.009300947 0.05155199 9.93e-4 -0.009299993 0.00276196 9.93e-4 -0.009299993 0.00276196 -3.44e-4 -0.009262979 0.051283 -1.89e-4 -0.009406983 0.05149096 -1.89e-4 -0.009406983 0.05149096 0.001232981 -0.00634998 0.01267296 0.001232981 -0.00634998 0.01267296 0.004961967 -0.00681895 0.01146894 0.004961967 -0.00681895 0.01146894 0.005921959 -0.007075965 0.01146894 0.006623983 -0.007777988 0.01146894 -0.006299972 -0.01099997 0.00276196 -0.006299972 -0.01099997 0.00276196 -0.006299972 -0.01099997 0.00276196 -0.0097 -0.01099997 0.00276196 -0.0097 -0.01099997 0.00276196 -0.0097 -0.01099997 0.00276196 -0.009566962 -0.01165795 0.00276196 -0.009566962 -0.01165795 0.00276196 -0.009192943 -0.01221096 0.00276196 -0.009192943 -0.01221096 0.00276196 -0.007992982 -0.01269996 0.00276196 -0.007992982 -0.01269996 0.00276196 -0.006799995 -0.01220399 0.00276196 -0.006799995 -0.01220399 0.00276196 -0.01043695 -0.01099997 0.00276196 -0.01043695 -0.01099997 0.00276196 -0.01043695 -0.01099997 0.00276196 -0.009723961 -0.01272195 0.00276196 -0.009723961 -0.01272195 0.00276196 -0.00800997 -0.01343595 0.00276196 -0.00800997 -0.01343595 0.00276196 -0.006286978 -0.01273298 0.00276196 -0.006286978 -0.01273298 0.00276196 -0.005751967 -0.01193898 0.00276196 -0.005751967 -0.01193898 0.00276196 -0.005563974 -0.01099997 0.00276196 -0.005563974 -0.01099997 0.00276196 -0.005563974 -0.01099997 0.00276196 -0.006275951 -0.009277999 0.00276196 -0.006275951 -0.009277999 0.00276196 -0.007989943 -0.008563995 0.00276196 -0.007989943 -0.008563995 0.00276196 -0.009712994 -0.009266972 0.00276196 -0.009712994 -0.009266972 0.00276196 -0.01024794 -0.01006096 0.00276196 -0.01024794 -0.01006096 0.00276196 -0.009199976 -0.009795963 0.00276196 -0.009199976 -0.009795963 0.00276196 -0.008006989 -0.009299993 0.00276196 -0.008006989 -0.009299993 0.00276196 -0.006806969 -0.00978899 0.00276196 -0.006806969 -0.00978899 0.00276196 -0.00643295 -0.010342 0.00276196 -0.00643295 -0.010342 0.00276196 -0.01529997 -0.01099997 0.00276196 -0.01529997 -0.01099997 0.00276196 -0.01529997 -0.01099997 0.00276196 -0.0187 -0.01099997 0.00276196 -0.0187 -0.01099997 0.00276196 -0.0187 -0.01099997 0.00276196 -0.01856696 -0.01165795 0.00276196 -0.01856696 -0.01165795 0.00276196 -0.018193 -0.01221096 0.00276196 -0.018193 -0.01221096 0.00276196 -0.01699298 -0.01269996 0.00276196 -0.01699298 -0.01269996 0.00276196 -0.01579999 -0.01220399 0.00276196 -0.01579999 -0.01220399 0.00276196 -0.01943695 -0.01099997 0.00276196 -0.01943695 -0.01099997 0.00276196 -0.01943695 -0.01099997 0.00276196 -0.01872396 -0.01272195 0.00276196 -0.01872396 -0.01272195 0.00276196 -0.01700997 -0.01343595 0.00276196 -0.01700997 -0.01343595 0.00276196 -0.01528698 -0.01273298 0.00276196 -0.01528698 -0.01273298 0.00276196 -0.01475197 -0.01193898 0.00276196 -0.01475197 -0.01193898 0.00276196 -0.01456397 -0.01099997 0.00276196 -0.01456397 -0.01099997 0.00276196 -0.01456397 -0.01099997 0.00276196 -0.01527595 -0.009277999 0.00276196 -0.01527595 -0.009277999 0.00276196 -0.01699 -0.008563995 0.00276196 -0.01699 -0.008563995 0.00276196 -0.01871299 -0.009266972 0.00276196 -0.01871299 -0.009266972 0.00276196 -0.01924794 -0.01006096 0.00276196 -0.01924794 -0.01006096 0.00276196 -0.01819998 -0.009795963 0.00276196 -0.01819998 -0.009795963 0.00276196 -0.01700699 -0.009299993 0.00276196 -0.01700699 -0.009299993 0.00276196 -0.01580697 -0.00978899 0.00276196 -0.01580697 -0.00978899 0.00276196 -0.01543295 -0.010342 0.00276196 -0.01543295 -0.010342 0.00276196 0.002699971 -0.01099997 0.00276196 0.002699971 -0.01099997 0.00276196 0.002699971 -0.01099997 0.00276196 -7e-4 -0.01099997 0.00276196 -7e-4 -0.01099997 0.00276196 -7e-4 -0.01099997 0.00276196 -5.67e-4 -0.01165795 0.00276196 -5.67e-4 -0.01165795 0.00276196 -1.93e-4 -0.01221096 0.00276196 -1.93e-4 -0.01221096 0.00276196 0.00100696 -0.01269996 0.00276196 0.00100696 -0.01269996 0.00276196 0.002199947 -0.01220399 0.00276196 0.002199947 -0.01220399 0.00276196 -0.001435995 -0.01099997 0.00276196 -0.001435995 -0.01099997 0.00276196 -0.001435995 -0.01099997 0.00276196 -7.24e-4 -0.01272195 0.00276196 -7.24e-4 -0.01272195 0.00276196 9.9e-4 -0.01343595 0.00276196 9.9e-4 -0.01343595 0.00276196 0.002712965 -0.01273298 0.00276196 0.002712965 -0.01273298 0.00276196</float_array>
          <technique_common>
            <accessor source="#imetro_finger_v2_m_vis-mesh-positions-array" count="2131" stride="3">
              <param name="X" type="float"/>
              <param name="Y" type="float"/>
              <param name="Z" type="float"/>
            </accessor>
          </technique_common>
        </source>
        <source id="imetro_finger_v2_m_vis-mesh-normals">
          <float_array id="imetro_finger_v2_m_vis-mesh-normals-array" count="13479">0 0 -1 0.08734172 -0.6907608 -0.7177889 1.24751e-5 -1.13547e-5 -1 -1.84178e-5 -1.22786e-5 -1 4.87734e-6 -0.7071159 -0.7070978 -1.00181e-5 1.09971e-5 -1 -1.83008e-5 1.11163e-5 -1 1.37761e-5 -0.7071174 -0.7070962 2.25753e-6 1.0401e-5 -1 0.08736377 -0.6907388 -0.7178074 0.08735907 -0.6907613 -0.7177863 -3.20636e-5 -4.17232e-7 -1 2.93739e-6 2.9176e-6 -1 0.05385732 -1.93715e-6 -0.9985487 6.66827e-7 -2.45022e-6 -1 6.67758e-7 3.6275e-7 -1 0.5845748 -0.5289752 -0.6151891 0.08733189 -0.6907343 -0.7178157 5.01424e-6 -5.54323e-6 -1 0.1746093 -4.03076e-5 -0.9846379 0.5846065 -0.5289511 -0.6151797 -9.0152e-6 -2.84016e-5 -1 0.1195213 -7.42846e-7 -0.9928317 0.1745942 4.97326e-7 -0.9846405 -1.81347e-5 -3.75323e-7 -1 0.1194909 6.35628e-7 -0.9928354 -1.41039e-5 7.19796e-6 -1 0.05385941 -7.93953e-7 -0.9985486 -0.3662306 0.4737711 -0.8008846 7.24196e-6 1.5378e-5 -1 -6.37025e-6 8.38935e-6 -1 -0.1478715 0.483079 -0.8629999 -1.31354e-5 1.46776e-5 -1 -0.3662208 0.4737816 -0.8008829 0.05385053 3.69549e-6 -0.9985491 -1.14515e-5 -1.53901e-5 -1 -0.1478407 0.4830019 -0.8630484 -0.3662227 0.4738015 -0.8008702 2.06679e-5 -1.3575e-5 -1 2.81045e-5 -7.96327e-6 -1 -0.58533 0.4154729 -0.696255 -2.32458e-5 -2.20835e-5 -1 -2.86847e-6 -7.63684e-7 -1 -0.3662407 0.4738066 -0.800859 5.0962e-6 2.16663e-5 -1 -0.5853333 0.4154887 -0.6962429 -0.5766195 0.409259 -0.7071189 -3.27826e-7 1.15037e-5 -1 5.12941e-5 8.42581e-5 -1 -0.5853814 0.4153999 -0.6962555 -1.02818e-5 5.97537e-6 -1 -0.5766409 0.4092329 -0.7071165 -0.576659 0.4092366 -0.7070996 1.57952e-5 -2.35438e-6 -1 1.68681e-5 -1.40071e-6 -1 -0.2209905 0.6716893 -0.7071044 9.12696e-6 -9.05991e-6 -1 -3.83109e-5 -2.07126e-5 -1 -0.4198619 0.5689516 -0.7071139 9.94653e-7 1.0252e-5 -1 -0.2209619 0.671703 -0.7071003 -0.5766687 0.4091977 -0.7071143 -6.55204e-5 -5.89155e-5 -1 -0.4198456 0.5689777 -0.7071027 -2.55145e-5 0.7071166 -0.7070971 -3.35038e-5 -1.01328e-5 -1 1.83008e-5 -1.02222e-5 -1 -1.82627e-5 0.7071175 -0.7070961 2.55667e-5 -8.9109e-6 -1 3.3434e-5 0.7071174 -0.7070961 -0.2210018 0.671693 -0.7070975 -9.82732e-6 -5.23601e-6 -1 2.36556e-6 0.7071047 -0.707109 1.58846e-5 0.7071196 -0.707094 -6.54161e-6 9.17912e-6 -1 1.17272e-5 1.67489e-5 -1 -0.6123863 0.3535503 -0.7070963 -6.85453e-6 2.864e-5 -1 -1.30832e-5 1.34781e-5 -1 -0.3535572 0.6123659 -0.7071106 -9.98005e-6 -3.22759e-5 -1 -0.612366 0.3535571 -0.7071106 -2.97874e-5 0.7071251 -0.7070885 1.30385e-5 1.64844e-5 -1 -0.3535607 0.6123775 -0.7070987 -0.7070924 1.69426e-5 -0.7071212 -3.45707e-6 -1.00911e-5 -1 -3.45707e-6 1.83283e-5 -1 -0.7070924 -1.82331e-5 -0.7071212 -3.48687e-6 -1.70171e-5 -1 -0.7070924 1.00387e-5 -0.7071213 -0.6123681 0.3535678 -0.7071033 -1.39582e-6 -2.43336e-5 -1 -0.7071116 -1.60262e-5 -0.707102 -0.7071194 -6.4075e-7 -0.7070941 5.75185e-6 9.68576e-7 -1 1.7494e-5 -2.7582e-5 -1 -0.3535495 -0.6123914 -0.7070924 1.70395e-5 -1.09673e-5 -1 -2.0247e-5 4.52995e-6 -1 -0.6123657 -0.3535567 -0.707111 3.26037e-5 -9.25362e-6 -1 -0.3535569 -0.6123654 -0.7071111 -0.7071244 -2.97874e-5 -0.7070893 -1.53612e-5 1.32173e-5 -1 -0.6123768 -0.3535605 -0.7070994 1.82627e-5 -0.7071173 -0.7070963 -4.88758e-6 9.20892e-6 -1 9.99725e-6 -0.7071172 -0.7070964 -0.3535541 -0.6123788 -0.7071009 -1.63242e-5 -1.10429e-5 -1 7.60704e-6 -0.7071123 -0.7071014 -1 -2.15471e-5 -1.42168e-5 -1 -2.15769e-5 0 -0.7076811 0.7065321 0 -0.707693 -0.7065201 1.02669e-5 -0.9226148 -0.3857228 4.66406e-6 -1 -9.51439e-6 -3.00258e-6 -0.7076811 -0.7065321 0 -1 2.15471e-5 1.42168e-5 -1 2.15769e-5 0 -0.7031995 0.7109927 5.37815e-6 -0.7076876 0.7065228 0.001982808 -0.00401622 0.999992 1.22935e-5 -0.9226115 0.3857306 -2.65241e-6 -0.7076837 0.7065295 -7.9642e-6 -0.7032302 0.7109615 -0.001056015 -1 9.51439e-6 3.00258e-6 -0.707693 0.7065201 -1.02669e-5 -0.9226148 0.3857228 -4.66406e-6 0.00403732 0.999992 1.27107e-5 -0.004026412 0.9999887 0.002529382 0.7032095 0.7109827 -8.77678e-6 -0.7032098 0.7109825 9.11951e-6 -0.004037678 0.9999918 -1.2385e-5 0.004026234 0.9999888 -0.002529084 0.7076837 0.7065295 8.10856e-6 0.7032303 0.7109615 0.001056134 0.9226115 0.3857306 2.75671e-6 0.00401622 0.999992 -1.2368e-5 0.7031995 0.7109926 -5.53415e-6 0.7076876 0.7065228 -0.001982927 0.7076928 0.7065203 1.68085e-5 0.9226084 0.385738 1.24574e-5 1 1.65924e-5 -1.23344e-5 1 5.24521e-6 1.58659e-5 1 5.1856e-6 0 0.7076696 -0.7065436 0 0.7076696 0.7065436 0 1 -5.24521e-6 -1.58659e-5 1 -5.1856e-6 0 0.7031994 -0.7109927 5.43683e-6 0.7076876 -0.7065227 0.001982808 0.00401622 -0.999992 1.22935e-5 0.9226084 -0.385738 -1.27703e-5 1 -1.66148e-5 1.20252e-5 0.7076927 -0.7065204 -1.70916e-5 0.9226115 -0.3857306 -2.57418e-6 0.7076837 -0.7065295 -7.82916e-6 0.7032302 -0.7109615 -0.001055836 -0.004037737 -0.9999919 1.20574e-5 0.004026234 -0.9999888 0.002528727 -0.7032098 -0.7109825 -9.46224e-6 0.7032096 -0.7109826 9.37283e-6 0.004037439 -0.999992 -1.2127e-5 -0.004026472 -0.9999888 -0.002528786 -0.7076837 -0.7065295 8.09063e-6 -0.7032302 -0.7109615 0.001056134 -0.9226115 -0.3857306 2.77907e-6 -0.00401616 -0.999992 -1.2055e-5 -0.7031994 -0.7109927 -5.16023e-6 -0.7076876 -0.7065227 -0.001982569 -1 -2.09808e-5 -1.42168e-5 -1 -2.0951e-5 0 -0.7076807 0.7065324 0 -0.707693 -0.7065201 9.73046e-6 -0.9226148 -0.3857228 4.32134e-6 -1 -9.45479e-6 -3.27826e-6 -0.7076807 -0.7065324 0 -1 2.09808e-5 1.42168e-5 -1 2.0951e-5 0 -0.7031999 0.7109922 5.44055e-6 -0.7076881 0.7065224 0.001982808 -0.004016876 0.999992 1.21742e-5 -0.9226111 0.3857316 -2.71946e-6 -0.7076829 0.7065303 -7.97037e-6 -0.7032294 0.7109622 -0.001056015 -1 9.45479e-6 3.27826e-6 -0.707693 0.7065201 -9.73046e-6 -0.9226148 0.3857228 -4.32134e-6 0.004037439 0.999992 1.19938e-5 -0.004026472 0.9999888 0.002528727 0.7032096 0.7109827 -9.44734e-6 -0.7032092 0.710983 9.79006e-6 -0.004037022 0.9999919 -1.19228e-5 0.004027009 0.9999888 -0.002528488 0.7076844 0.7065287 8.41112e-6 0.7031968 0.7109944 0.001056432 0.922612 0.3857296 3.14042e-6 0.004016458 0.999992 -1.27256e-5 0.7031997 0.7109925 -5.75674e-6 0.7076877 0.7065227 -0.001983225 0.7076902 0.7065229 1.74344e-5 0.9226069 0.3857415 1.30385e-5 1 2.02879e-5 -1.16676e-5 1 6.3777e-6 1.58659e-5 1 6.34789e-6 0 0.7076703 -0.7065429 0 0.7076703 0.7065429 0 1 -6.3777e-6 -1.58659e-5 1 -6.34789e-6 0 0.7031995 -0.7109926 4.6643e-6 0.7076877 -0.7065225 0.001982152 0.004016339 -0.999992 1.1608e-5 0.922607 -0.3857416 -1.32173e-5 1 -2.0273e-5 1.14888e-5 0.7076902 -0.7065228 -1.75983e-5 0.922612 -0.3857296 -2.86475e-6 0.7076844 -0.7065287 -8.13173e-6 0.7031968 -0.7109945 -0.001056194 -0.004037022 -0.9999919 1.21689e-5 0.004026889 -0.9999888 0.002528727 -0.7032092 -0.710983 -9.53674e-6 0.7032096 -0.7109826 9.77516e-6 0.004037559 -0.9999918 -1.16609e-5 -0.004026532 -0.9999888 -0.002528369 -0.7076829 -0.7065302 7.77002e-6 -0.7032294 -0.7109622 0.001055777 -0.9226111 -0.3857316 2.52575e-6 -0.004016816 -0.999992 -1.18911e-5 -0.7031999 -0.7109922 -5.1402e-6 -0.7076881 -0.7065224 -0.00198251 -1 -2.12193e-5 -1.42168e-5 -1 -2.12193e-5 0 -0.7076809 0.7065322 1.93715e-7 -0.7076926 -0.7065206 1.03116e-5 -0.9226146 -0.3857234 4.66406e-6 -1 -1.01253e-5 -2.96533e-6 -0.7076809 -0.7065322 -1.93715e-7 -1 2.12193e-5 1.42168e-5 -1 2.12193e-5 0 -0.7031995 0.7109926 5.40796e-6 -0.7076877 0.7065227 0.001982808 -0.00401628 0.999992 1.22488e-5 -0.9226117 0.3857303 -2.80514e-6 -0.7076839 0.7065293 -8.13149e-6 -0.7032304 0.7109613 -0.001056134 -1 1.01104e-5 3.29688e-6 -0.7076927 0.7065204 -9.99868e-6 -0.9226146 0.3857234 -4.33624e-6 0.004037797 0.9999918 1.14157e-5 -0.004026472 0.9999887 0.002528071 0.7032096 0.7109826 -1.0103e-5 -0.7032096 0.7109826 9.71556e-6 -0.004037678 0.9999919 -1.1835e-5 0.004026472 0.9999887 -0.002528488 0.7076839 0.7065293 8.10425e-6 0.7032305 0.7109613 0.001056134 0.9226117 0.3857303 2.77162e-6 0.00401622 0.999992 -1.15633e-5 0.7031994 0.7109928 -4.7402e-6 0.7076877 0.7065227 -0.001982152 0.707693 0.7065201 9.95398e-6 0.9226147 0.3857229 4.32134e-6 1 9.65595e-6 -3.30433e-6 1 2.11298e-5 -1.42168e-5 1 2.11298e-5 0 0.7076809 -0.7065323 0 0.7076809 0.7065323 0 1 -2.11298e-5 1.42168e-5 1 -2.11298e-5 0 0.7031995 -0.7109926 5.42263e-6 0.7076876 -0.7065227 0.001982808 0.00401628 -0.999992 1.22488e-5 0.9226147 -0.3857229 -4.32134e-6 1 -9.65595e-6 3.30433e-6 0.707693 -0.7065201 -9.95398e-6 0.9226117 -0.3857303 -3.03611e-6 0.7076839 -0.7065293 -8.37317e-6 0.7032305 -0.7109613 -0.001056373 -0.004037559 -0.9999918 1.20704e-5 0.004026412 -0.9999887 0.002528727 -0.7032096 -0.7109826 -9.46224e-6 0.7032096 -0.7109827 9.0152e-6 0.004037499 -0.9999919 -1.25009e-5 -0.004026353 -0.9999888 -0.002529144 -0.7076839 -0.7065293 7.76234e-6 -0.7032304 -0.7109613 0.001055777 -0.9226116 -0.3857303 2.42889e-6 -0.00401628 -0.999992 -1.21743e-5 -0.7031995 -0.7109926 -5.31319e-6 -0.7076877 -0.7065227 -0.001982688 -5.21541e-6 -0.7070909 -0.7071227 0.0628646 -0.9980221 -2.27094e-5 -7.89017e-6 -1 -2.76713e-6 1.36755e-5 -1 -2.47981e-6 1.36755e-5 -1 1.49517e-6 0.06286728 -0.9980219 6.33998e-7 -1.4167e-5 -0.7071213 -0.7070924 -1.82331e-5 -0.7071212 -0.7070924 1.59135e-5 -1 -3.54648e-6 0 -1 0 -1.58306e-5 -0.7071213 -0.7070924 1.42409e-5 -1 -3.45707e-6 1.83283e-5 -1 -3.51667e-6 2.06381e-5 -0.7071196 -0.707094 0.1254508 -0.9921 8.34465e-7 0.06284576 -0.9980233 -2.43783e-5 0.09709537 -0.9952751 1.58705e-6 0.06286829 -0.9980219 -1.70548e-7 0.1254581 -0.992099 -1.41421e-6 0.09710508 -0.9952741 -2.41748e-6 -1.22152e-5 -1 -3.32296e-6 0.06284034 -0.9980236 2.64891e-6 1.2856e-5 -0.7070913 -0.7071224 0.08733975 -0.6907343 -0.7178148 0.125481 -0.9920961 -5.72205e-6 0.3493487 -0.9369929 4.3273e-5 0.1254581 -0.992099 1.5018e-5 0.08737593 -0.690751 -0.7177942 0.1932761 -0.9811445 5.73695e-7 0.1254536 -0.9920996 -2.27615e-6 0.3493571 -0.9369897 9.17539e-6 0.1932561 -0.9811484 -2.69432e-6 0.09709268 -0.9952754 -1.36765e-6 0.1254604 -0.9920987 -1.23133e-6 0.3493376 -0.936997 3.87132e-5 0.08734041 -0.6907442 -0.7178052 0.5615707 -0.8274289 -6.12438e-6 0.5845557 -0.5289515 -0.6152276 0.5615198 -0.8274633 -1.60933e-5 0.08734303 -0.6907666 -0.7177833 0.3933059 -0.9194077 3.5977e-6 0.3493601 -0.9369885 -3.73088e-6 0.561559 -0.8274367 -2.72878e-6 0.4769725 -0.8789182 -1.31945e-6 0.3932922 -0.9194136 9.22009e-7 0.5615496 -0.8274431 6.06105e-6 0.5615417 -0.8274486 3.5027e-6 0.4769726 -0.8789181 2.09641e-6 0.5615417 -0.8274486 3.30397e-6 0.5615428 -0.8274478 0 0.5615447 -0.8274465 -7.09295e-6 0.5615621 -0.8274347 5.87199e-7 0.5845746 -0.5289642 -0.6151988 0.5615369 -0.8274517 1.7141e-5 0.5615369 -0.8274518 1.71051e-5 0.5615369 -0.8274518 1.71432e-5 0.5614954 -0.8274799 6.874e-5 0.5614954 -0.82748 6.87489e-5 0.5614954 -0.8274799 6.87521e-5 0.5615869 -0.8274178 -5.97703e-5 0.5615869 -0.8274179 -5.97432e-5 0.5615869 -0.8274179 -5.97835e-5 0.5613638 -0.8275692 1.7107e-4 0.328394 -0.9445409 -4.07919e-6 0.1932782 -0.981144 -3.32855e-6 0.349329 -0.9370001 -1.22096e-6 0.3304519 -0.9438228 0 0.3283697 -0.9445493 0 0.3493404 -0.9369959 0 0.3933145 -0.919404 1.81608e-6 0.3304657 -0.9438181 -1.3184e-6 0.3493655 -0.9369866 4.55766e-7 0.1387655 -0.7045527 0.6959524 -3.2763e-5 -1 -7.21216e-6 0.09710294 -0.9952744 -8.55327e-6 2.24933e-5 -0.7071064 0.7071072 1.74269e-5 -1 -2.8342e-5 0.1388123 -0.7045636 0.695932 -1.42409e-5 -1 3.12924e-6 -1.83283e-5 -1 3.21865e-6 1.58241e-5 -0.7071214 0.7070922 0.138783 -0.7045719 0.6959294 0.09708619 -0.995276 2.5928e-6 0.1932719 -0.9811453 -2.08391e-5 -0.2913202 -0.7447376 0.6004152 0.1932584 -0.9811479 -4.26173e-6 0.3291562 -0.9442753 -5.99794e-4 0.1386712 -0.7045702 0.6959534 0.1932481 -0.98115 -6.51181e-6 -0.2913272 -0.7447296 0.6004218 -0.5486934 -0.8341554 0.05586069 0.3291865 -0.9442648 -5.80311e-4 0.3304797 -0.9438132 -2.65595e-5 -0.2913356 -0.7447404 0.6004043 0.3291779 -0.9442678 -5.81141e-4 -0.5486992 -0.8341568 0.05578219 -0.5486848 -0.8341633 0.05582636 0.3304669 -0.9438176 -3.44515e-5 0.3933568 -0.9193859 1.20893e-4 0.376989 -0.9248099 0.05105173 0.393346 -0.9193905 1.34259e-5 0.4770032 -0.8789017 -1.41896e-5 0.3769626 -0.9248207 0.05104851 0.3595125 -0.9275615 0.1018851 0.3933176 -0.9194027 6.19143e-5 0.1752982 -0.9697757 0.169723 0.3933132 -0.9194046 -4.22448e-6 0.3594945 -0.9275634 0.1019303 0.0556882 -0.9903642 0.1267977 -0.329043 -0.9331397 0.1448484 0.3933507 -0.9193885 -1.43647e-5 -0.548717 -0.8341457 0.05577325 0.3932642 -0.9194256 2.60472e-5 -0.3289756 -0.9331577 0.1448853 0.1753273 -0.9697671 0.1697415 0.05563127 -0.9903669 0.1268019 0.3933132 -0.9194046 2.2918e-5 0.4611362 -0.8857545 0.05284512 0.4770086 -0.8788986 3.06219e-6 0.5614782 -0.8274915 -3.53903e-5 0.3595108 -0.9275552 0.1019493 0.477006 -0.8789001 -4.28595e-6 0.4611513 -0.8857461 0.05285358 0.376965 -0.9248197 0.05105018 0.4770051 -0.8789007 -1.75089e-5 0.3595111 -0.9275537 0.101961 0.5614656 -0.8275002 4.83731e-5 0.31146 -0.9421562 0.1238319 0.5615435 -0.8274473 1.3113e-6 0.5615427 -0.8274478 -4.2282e-7 0.5615096 -0.8274703 -1.90188e-4 0.4611197 -0.885762 0.05286264 0.5615509 -0.8274424 -1.14404e-5 0.3114615 -0.9421562 0.1238287 0.1745964 -8.24034e-5 -0.9846401 0.3442938 1.70991e-5 -0.938862 0.5845904 -0.5289441 -0.6152009 0.4582163 8.46386e-6 -0.8888407 0.5845699 -0.5289446 -0.61522 0.3443149 -2.74181e-5 -0.9388542 0.6912568 -0.5104797 -0.5114436 0.5615521 -0.8274413 5.96046e-7 0.584576 -0.5289477 -0.6152116 0.5615686 -0.8274303 -2.10106e-5 0.5845695 -0.528948 -0.6152175 0.5615217 -0.827462 -4.90546e-5 2.5676e-7 0 -1 0.5590215 -7.73743e-6 -0.8291532 0.6912661 -0.510488 -0.5114228 0.5846014 -0.5289324 -0.6152007 0.4582167 -9.20892e-6 -0.8888405 0.5590409 -2.44975e-5 -0.8291401 0.5845972 -0.528932 -0.6152049 0.3441088 1.48697e-6 -0.9389298 0.3443338 3.68804e-7 -0.9388473 0.1746 -1.36159e-6 -0.9846395 0.4534542 3.87832e-6 -0.8912796 0.4581905 -1.46404e-6 -0.8888541 0.3443172 3.46918e-7 -0.9388534 0.3441075 9.6485e-7 -0.9389303 0.4534699 1.01002e-6 -0.8912717 0.3443326 9.64326e-7 -0.9388478 0.3440876 1.99676e-6 -0.9389376 0.1745955 3.27989e-6 -0.9846403 0.1194849 -3.57907e-6 -0.9928361 0.7930183 -0.4413824 -0.4198852 0.5615643 -0.8274332 -3.13316e-5 0.6912662 -0.5104235 -0.5114869 0.7930184 -0.4413801 -0.4198876 0.5615252 -0.8274598 4.79817e-6 0.5615618 -0.8274348 -2.30372e-5 0.7930144 -0.4413903 -0.4198843 0.691264 -0.5104452 -0.5114685 0.7195336 -2.64943e-5 -0.6944576 0.7195395 -1.50055e-5 -0.6944515 0.6912598 -0.5104486 -0.5114707 0.5590482 2.74479e-5 -0.8291352 0.559051 -2.98007e-6 -0.8291333 0.559051 -2.9821e-6 -0.8291333 0.4582129 -2.81679e-6 -0.8888425 0.757865 7.22706e-7 -0.6524115 0.5590249 -1.23398e-5 -0.8291509 0.5590249 -2.04146e-6 -0.8291509 0.7195448 7.26432e-7 -0.6944461 0.5590453 -7.12834e-6 -0.8291371 0.7578453 8.5528e-6 -0.6524342 0.4534609 5.4948e-7 -0.8912761 0.5590351 -2.20025e-6 -0.829144 0.4581972 -1.13563e-6 -0.8888506 0.8754691 -0.4721699 0.1030026 0.5615248 -0.8274599 -1.27964e-5 0.561525 -0.8274599 -1.26005e-5 0.8754703 -0.4721627 0.1030254 0.8778829 -0.4674285 0.1040781 0.561533 -0.8274544 -5.84871e-6 0.6700334 -0.6796734 0.2984953 0.5615247 -0.8274601 8.79168e-6 0.8778519 -0.4674962 0.1040358 0.3114271 -0.9421666 0.1238361 0.5615303 -0.8274562 4.56432e-5 0.670026 -0.6796682 0.2985239 0.8754811 -0.4721432 0.1030223 0.5615707 -0.8274289 -4.27573e-6 0.5615314 -0.8274554 -2.2389e-6 0.8819769 -0.3810246 -0.277375 0.5615454 -0.8274461 -5.20051e-6 0.5615513 -0.8274419 1.03861e-5 0.8754764 -0.4721583 0.1029945 0.5615504 -0.8274427 -5.28619e-6 0.9280348 -0.3497416 0.1281889 0.9347382 -0.3451997 -0.08427232 0.9280353 -0.3497532 0.128154 0.5615447 -0.8274465 7.00355e-7 0.8819914 -0.3809872 -0.2773807 0.9347459 -0.3451833 -0.08425414 0.5615431 -0.8274475 1.32993e-5 0.7930212 -0.4413657 -0.4198973 0.5615561 -0.8274388 1.52737e-5 0.5615441 -0.8274468 1.11759e-6 0.7929967 -0.4413862 -0.4199221 0.8819977 -0.3809871 -0.2773607 0.5615518 -0.8274417 -1.6734e-5 0.9832088 -1.50502e-5 0.1824846 0.9832171 -9.27044e-6 0.1824396 0.8778851 -0.4674291 0.1040572 0.670042 -0.6796703 0.298483 0.8778524 -0.467496 0.1040325 0.98321 3.42727e-7 0.1824775 0.9277275 -0.3506166 0.1280228 0.9832133 1.34408e-5 0.1824604 0.8779019 -0.4673951 0.1040683 0.875474 -0.472161 0.1030019 0.9277321 -0.3506085 0.1280118 0.8778879 -0.4674258 0.1040484 0.9832063 -5.11372e-5 0.1824979 0.983208 7.19912e-6 0.1824887 0.6700171 -0.6796698 0.29854 0.9832125 5.27501e-6 0.1824643 0.9832103 -1.76551e-4 0.1824762 0.9832102 -1.77017e-4 0.1824764 0.9832103 -1.77043e-4 0.182476 0.9832092 -3.95953e-5 0.1824823 0.9347326 -0.3452156 -0.08426862 0.9832164 -1.00005e-5 0.1824433 0.92804 -0.3497404 0.1281548 0.9828852 -1.02893e-5 -0.1842194 0.9832089 1.45194e-5 0.1824839 0.9832089 -4.54084e-6 0.1824839 0.9832124 0 0.1824646 0.9347383 -0.3452044 -0.08425188 0.9828888 -5.84125e-6 -0.1842003 0.9832169 -1.16825e-5 0.1824404 0.3114491 -0.9421586 0.1238406 0.670023 -0.6796641 0.2985395 -5.45382e-6 -0.9686989 0.2482388 -2.25306e-5 -0.9686926 0.2482637 -2.15444e-5 -0.9686946 0.2482555 0.670036 -0.6796545 0.2985322 0.1771462 -0.9673964 0.1810071 0.311453 -0.9421582 0.123835 1.36644e-5 -0.9687012 0.2482299 -1.08108e-5 -0.9686963 0.2482489 0.1771574 -0.967394 0.1810089 -1.20699e-5 -0.9686971 0.2482456 -5.93212e-5 -0.968694 0.2482578 -1.40366e-5 -0.9686855 0.2482914 0.8210447 -0.4975493 0.2798758 0.6700166 -0.6796898 0.2984955 0.9832125 -5.42402e-6 0.1824643 0.4689218 -0.8307644 0.2999047 -1.1161e-5 -0.9686967 0.2482479 0.6700171 -0.6796807 0.2985153 0.8210514 -0.4975448 0.279864 0.4689138 -0.830769 0.2999047 0.6700178 -0.6796765 0.2985229 0.9832158 -2.05808e-5 0.182447 0.9832013 -4.53926e-5 0.1825247 0.9367414 -0.2554401 0.2393031 0.9832147 1.22488e-5 0.182452 0.9832136 1.42455e-5 0.1824582 0.936738 -0.2554549 0.2393004 0.8210581 -0.4975349 0.2798622 0.9832131 -2.20537e-6 0.1824608 0.3595126 -0.9275549 0.101944 0.4611307 -0.8857566 0.05285525 0.3114479 -0.9421593 0.1238395 0.3566156 -0.9285245 0.103284 0.3594875 -0.9275638 0.1019529 0.3114347 -0.9421635 0.1238402 0.3534667 -0.9295643 0.1047447 0.3566009 -0.9284729 0.1037967 0.3114656 -0.9421553 0.1238259 0.1771488 -0.9673949 0.181012 0.3534526 -0.9295703 0.1047406 0.3114321 -0.9421639 0.1238442 -0.5430366 -0.8344286 0.09402185 0.3594866 -0.9275651 0.1019428 0.3566102 -0.9285252 0.1032966 -0.5430675 -0.8344077 0.0940296 0.1644294 -0.978962 0.1208152 0.359471 -0.9275698 0.1019555 -0.5430542 -0.8344205 0.09399354 0.3565977 -0.9285311 0.1032868 0.3534357 -0.9295722 0.1047798 -0.3947997 -0.8900068 0.2280818 0.3534414 -0.9295786 0.1047039 0.1770496 -0.96742 0.1809753 -0.3948146 -0.8900064 0.2280569 -0.5430372 -0.8344243 0.09405624 0.3534514 -0.9295709 0.1047378 -0.3948206 -0.8900005 0.2280702 0.1770242 -0.967424 0.1809788 1.10676e-6 -0.9686984 0.2482408 0 -0.9686951 0.2482535 -0.7071066 -0.6849684 0.1755525 -2.3663e-5 -0.9686984 0.2482408 -2.38148e-5 -0.9687211 0.2481524 -0.394782 -0.890016 0.2280766 -5.0962e-6 -0.9686976 0.2482438 -0.7071077 -0.6849684 0.1755478 -0.5486683 -0.834178 0.05577003 -0.7554298 -0.6417289 0.1323256 -0.9981104 -3.32117e-4 0.06144642 -0.9995279 1.93715e-5 0.03072428 -0.9981104 7.74185e-6 0.06144839 -0.7554633 -0.6416915 0.1323158 -0.2913559 -0.7447346 0.6004018 -0.5487205 -0.8341414 0.05580228 -0.9981118 -1.69277e-5 0.06142503 -0.717628 5.9545e-5 0.6964266 -0.9981104 1.87084e-5 0.06144839 -0.9995284 1.9527e-5 0.03070807 -0.7071009 2.59293e-5 0.7071127 -0.7061512 -5.40912e-6 0.7080612 -0.9981101 4.13507e-6 0.0614506 -0.2913296 -0.7447794 0.6003588 -0.9981103 -1.33812e-5 0.06144946 -0.706152 -1.40312e-5 0.7080603 -0.7176204 2.04667e-5 0.6964345 -0.7071027 -1.59259e-5 0.7071108 -0.99811 -1.49161e-5 0.06145352 -0.5487156 -0.8341448 0.05580258 -0.3289868 -0.9331522 0.1448954 -0.755419 -0.6417433 0.1323168 -0.5430422 -0.8344216 0.09405219 -0.7554509 -0.6417023 0.1323341 -0.3289726 -0.9331319 0.1450589 -0.8731157 -0.4844468 0.05459445 -1 1.81645e-5 1.38283e-5 -0.755486 -0.6416599 0.1323395 -0.9995281 -1.19044e-5 0.0307185 -0.7554582 -0.6416891 0.1323562 -1 -1.71661e-5 -1.77287e-5 -0.5430418 -0.8344213 0.09405696 -0.8731022 -0.4844731 0.05457574 -0.7554579 -0.6416882 0.1323623 -0.5430557 -0.8344154 0.09402942 -0.3289449 -0.9331377 0.1450839 0.05574989 -0.9900777 0.1289896 -0.5430632 -0.8344084 0.09404844 0.05573409 -0.9900786 0.1289895 0.1643476 -0.9789715 0.1208502 -1 -9.95398e-6 1.63093e-5 -1 -1.39939e-5 -1.07018e-5 -0.8731013 -0.4844709 0.05460834 -0.7176259 -3.07262e-5 0.6964288 -0.9995283 1.00732e-5 0.03071248 -1 1.55519e-5 -4.57652e-6 -1 0 -2.27392e-5 -0.7176025 0 0.696453 -1 6.27961e-6 -2.27094e-5 -1 0 0 -0.7187761 -0.673474 0.1726087 -0.8731095 -0.4844572 0.05460017 -0.5430408 -0.834424 0.09403872 -1 -2.58088e-5 -1.93417e-5 -0.8731045 -0.4844683 0.05458235 -0.7187696 -0.6734892 0.1725763 -1 -2.262e-5 -1.64658e-5 -0.8731181 -0.4844409 0.05460816 -1 -2.28882e-5 -1.93492e-5 -0.7187692 -0.6734851 0.1725943 -0.5430326 -0.8344311 0.09402358 -0.3948071 -0.890003 0.2280832 -0.3947271 2.64905e-5 0.9187985 -0.6760548 -1.88127e-5 0.7368515 -0.7061455 1.91387e-6 0.7080669 -0.2913358 -0.7447662 0.6003722 -0.7061198 7.42078e-6 0.7080925 -0.6758812 -4.57466e-6 0.7370107 -0.7070983 -1.10506e-4 0.7071154 -0.3947632 4.4331e-7 0.918783 -0.7061483 -1.02209e-5 0.708064 -2.11596e-6 -1.90782e-6 1 -2.22027e-6 -2.11671e-5 1 -0.6760404 -2.01166e-7 0.7368646 0.138649 -0.7046008 0.6959269 -0.67584 4.53889e-5 0.7370485 -1.02594e-4 -2.43541e-5 1 -0.3947333 7.02217e-6 0.9187958 -2.563e-6 7.71135e-7 1 -0.6760634 -1.72965e-5 0.7368435 0.1386904 -0.7045627 0.6959572 -0.2913092 -0.7447533 0.6004012 -0.67588 2.50936e-5 0.7370118 6.03519e-6 0 1 -1.88984e-5 -0.7071133 0.7071004 0.1387674 -0.704554 0.6959506 -2.61068e-5 -8.73208e-6 1 1.55866e-5 -1.44839e-5 1 1.26734e-5 -0.7071136 0.7071 -2.83308e-5 -2.07424e-5 1 1.45827e-6 0 1 -4.5994e-6 0 1 -0.6123782 -0.3535333 0.7071119 3.21399e-5 -2.08616e-7 1 -0.3947533 -6.10948e-7 0.9187872 -0.6123748 -0.3535559 0.7071035 1.89245e-5 5.42402e-6 1 2.52351e-5 -9.68575e-6 1 -0.6123605 -0.3535527 0.7071174 -0.3947272 9.43243e-6 0.9187985 -0.7071084 6.07595e-6 0.7071053 -0.9188106 -0.3946989 3.94434e-5 -0.7071188 4.41074e-6 0.7070948 -0.717629 -8.55327e-6 0.6964256 -0.6123544 -0.3535657 0.7071163 -0.7071056 -2.69227e-5 0.7071081 -0.9187929 -0.3947401 5.27129e-7 -0.9187864 -0.3947554 4.28595e-6 -0.7176205 -1.62423e-6 0.6964344 -1 -4.84101e-6 -3.48687e-6 -0.7071119 -0.7071017 0 -1 -1.67191e-5 3.46482e-5 -1 -1.67191e-5 0 -0.7071104 -0.7071033 1.01626e-5 -0.9187951 -0.3947349 2.46614e-6 -1 -9.92417e-6 -6.58259e-6 8.43406e-6 -2.22623e-5 1 -1.7751e-6 -2.2621e-5 1 2.16663e-5 -0.7070955 0.707118 -9.99725e-6 -0.7071169 0.7070967 -1.82627e-5 -0.7071169 0.7070967 4.89037e-6 9.68575e-6 1 -1.59061e-5 -1 3.15905e-6 1.4167e-5 -0.7071215 0.7070921 1.82331e-5 -0.7071214 0.7070922 1.80352e-6 0 1 0 0 1 -4.88013e-6 -0.7071155 0.7070981 1.00181e-5 1.15037e-5 1 1.83008e-5 1.16229e-5 1 -5.3208e-7 0 1 -3.97481e-6 0 1 -9.9682e-6 0 1 4.39251e-6 0 1 -0.1587957 -6.72974e-6 0.9873115 1.96397e-5 -6.3749e-7 1 5.46984e-4 -2.77534e-6 0.9999998 -0.3958425 -0.2675367 0.8784834 1.2368e-6 1.53482e-6 1 8.80286e-6 -9.33558e-6 1 -0.08190089 -0.07852172 0.9935425 -0.1681389 -0.1493054 0.9743908 -6.42985e-5 -6.64406e-5 1 -0.2773211 -0.2168968 0.9359748 3.53381e-5 -2.22474e-5 1 -0.1681168 -0.1492474 0.9744034 -0.1588084 4.6473e-7 0.9873095 -0.1746465 3.29688e-6 0.9846312 -2.54717e-7 -9.04314e-7 1 -0.2772702 -0.2168447 0.936002 -0.3958247 -0.2675893 0.8784753 7.04229e-5 -8.64267e-7 1 -1.45117e-7 0 1 0.03257411 -0.2537876 0.9667114 1.47319e-4 -8.87677e-4 0.9999996 -8.41147e-6 -3.71635e-5 1 -2.58977e-6 0 1 -0.158962 9.6444e-4 0.9872843 0.001918077 -0.002335131 0.9999954 0.03257316 -0.2537528 0.9667205 0 0 1 0.03257256 -0.2537604 0.9667186 -3.45148e-6 -5.58197e-5 1 -1.64045e-5 1.35601e-4 1 -7.8264e-7 0 1 3.55268e-6 0 1 3.65078e-6 -0.7071106 0.707103 -3.42727e-7 -5.42402e-6 1 6.61612e-6 -8.48621e-6 1 6.98261e-4 -0.7071138 0.7070994 0.03257817 -0.2537598 0.9667186 8.17236e-6 1.56742e-4 1 -0.3535459 -0.6123777 0.707106 -3.37698e-5 -0.7070956 0.707118 -8.64267e-7 1.21528e-5 1 -0.6123729 -0.3535567 0.7071048 -0.3535576 -0.6123724 0.7071048 1.25542e-5 6.28829e-6 1 -7.64618e-7 0 1 -1.57952e-6 -0.7070889 0.7071247 -5.93066e-6 -9.98378e-6 1 1.22637e-5 -1.77324e-5 1 -3.27274e-6 0 1 -0.6123872 -0.3535498 0.7070958 -8.10623e-6 -2.81408e-5 1 -1.40369e-5 -1.27703e-5 1 -0.3535612 -0.6123762 0.7070997 -3.05772e-5 -0.7071235 0.7070901 1.25468e-5 -1.43722e-5 1 -0.6123653 -0.3535577 0.7071109 -0.3535565 -0.6123666 0.7071104 -9.35793e-6 3.16501e-5 1 -0.7070898 -1.70171e-5 0.7071238 -1.78814e-7 1.00911e-5 1 0 -1.83283e-5 1 -0.7070927 1.28068e-4 0.707121 -3.96371e-6 1.70916e-5 1 -0.7070927 -1.00387e-5 0.707121 -0.6123673 -0.353568 0.7071039 -2.05589e-7 2.44454e-5 1 -0.7071108 1.59219e-5 0.7071028 -0.7071206 2.83122e-7 0.707093 4.32134e-6 -9.08971e-7 1 1.59144e-5 2.75075e-5 1 -0.35355 0.6123902 0.7070931 1.65105e-5 9.47714e-6 1 -2.07499e-5 -5.57303e-6 1 -0.6123765 0.35356 0.7071 -0.7071241 2.9251e-5 0.7070896 -1.49123e-5 -1.38134e-5 1 -0.3535558 0.6123672 0.7071101 -0.6123647 0.3535585 0.7071111 -8.9407e-6 -3.12366e-5 1 2.55257e-5 0.7071162 0.7070974 3.35038e-5 -1.06394e-5 1 -1.83008e-5 -1.06692e-5 1 1.82627e-5 0.7071171 0.7070966 -2.55778e-5 -9.53674e-6 1 -3.3434e-5 0.707117 0.7070966 -0.3535532 0.6123787 0.7071015 -1.54227e-5 1.10401e-5 1 8.37445e-6 0.7071124 0.7071012 2.92757e-7 0 1 -0.009943008 0.02026951 0.9997451 2.09228e-7 0 1 -0.009937167 0.02028685 0.9997449 -0.01983296 0.04008996 0.9989992 1.07009e-6 -1.78739e-5 1 -0.02540194 0.05112916 0.998369 -1.46283e-4 1.44749e-4 1 -0.01983302 0.04010415 0.9989987 -0.2587207 0.6496323 0.7148716 2.11969e-5 0.7071142 0.7070994 -7.27177e-6 2.02656e-5 1 -0.1172863 0.25074 0.9609232 -0.2587099 0.649646 0.7148632 9.23872e-7 2.07424e-5 1 -0.0749641 0.1548765 0.9850857 -0.1173127 0.250717 0.960926 5.62519e-6 -2.24411e-5 1 -0.05319887 0.1082556 0.9926987 -0.07494354 0.1548872 0.9850856 -1.42492e-5 -1.59889e-5 1 -0.03115981 0.06245112 0.9975615 -0.05321377 0.1082394 0.9926996 6.05732e-6 -2.10404e-5 1 -0.02540272 0.05113834 0.9983685 -0.0311715 0.06244778 0.9975613 3.61819e-6 1.05537e-5 1 4.81004e-7 0 1 -0.009941339 0.02027046 0.9997451 -6.64379e-6 0 1 -0.3312152 -0.01942461 0.9433553 -2.42591e-5 5.72018e-6 1 -2.31564e-5 -1.46404e-6 1 -0.009931862 0.02026104 0.9997455 7.40634e-6 5.90086e-6 1 -0.3312299 -0.01945984 0.9433494 7.69839e-6 0 1 -0.5267563 -0.1698448 0.832875 -1.69873e-5 -1.11014e-5 1 -1.28094e-5 -2.30335e-5 1 -0.6249198 -0.03666615 0.7798275 -0.3312388 -0.01945316 0.9433464 -5.38677e-5 -4.372e-5 1 -0.5267527 -0.1698397 0.8328782 -0.6249531 -0.03665405 0.7798014 -2.65166e-5 1.38581e-5 1 -0.3958123 -0.267539 0.8784962 -0.5267451 -0.1698227 0.8328865 2.84612e-6 -2.5481e-5 1 1 -1.0252e-5 1.02461e-5 1 -1.03414e-5 0 0.7059437 0.7082681 0 0.7059422 -0.7082694 3.76403e-5 0.9218374 -0.3875771 6.83032e-6 1 -8.28505e-6 1.2964e-6 0.7059437 -0.7082681 0 1 1.01924e-5 -1.02461e-5 1 1.0252e-5 0 0.7015851 0.7125858 -2.82293e-5 0.7059445 0.708267 -4.23984e-4 0.003942728 0.9999923 2.7854e-5 0.9218374 0.3875771 -6.95698e-6 1 8.31485e-6 -1.4212e-6 0.7059422 0.7082694 -3.77484e-5 0.7015975 0.7125736 2.23409e-4 0.9218366 0.387579 -5.05988e-6 0.7059568 0.7082549 -1.36623e-5 -0.003928363 0.9999924 -1.88241e-5 0.003934085 0.9999921 -5.93003e-4 -0.7016088 0.7125625 -2.73474e-5 2.02277e-7 0 1 -0.003934562 0.9999921 5.93002e-4 0.7016084 0.7125628 2.75113e-5 0.003927767 0.9999923 1.88234e-5 -0.7059545 0.7082572 1.36629e-5 -0.7015952 0.7125758 -2.23409e-4 -0.9218354 0.3875818 5.06639e-6 -0.7059448 0.7082668 4.24143e-4 -0.003943204 0.9999923 -2.76752e-5 -0.7015855 0.7125853 2.83881e-5 -0.7059423 0.7082694 3.70815e-5 -0.9218374 0.3875771 7.10972e-6 -1 8.21054e-6 1.5758e-6 -1 1.08778e-5 1.02461e-5 -1 1.0848e-5 0 -0.7059441 -0.7082677 0 -0.7059441 0.7082677 0 -1 -1.0848e-5 -1.02461e-5 -1 -1.08182e-5 0 -0.7015855 -0.7125853 -2.82297e-5 -0.7059448 -0.7082667 -4.23985e-4 -0.003943204 -0.9999923 2.78465e-5 -0.9218374 -0.3875771 -6.95512e-6 -1 -8.27014e-6 -1.41747e-6 -0.7059422 -0.7082695 -3.77372e-5 -0.9218354 -0.3875818 -5.09713e-6 -0.7059545 -0.7082572 -1.36934e-5 -0.7015952 -0.7125758 2.23378e-4 0.003927886 -0.9999924 -1.88234e-5 -0.003934502 -0.9999921 -5.93002e-4 0.7016084 -0.7125628 -2.75113e-5 -0.7016087 -0.7125625 2.73064e-5 -0.003928244 -0.9999924 1.87822e-5 0.003934144 -0.9999921 5.92961e-4 0.7059568 -0.7082549 1.37435e-5 0.7015975 -0.7125736 -2.23328e-4 0.9218366 -0.387579 5.1409e-6 0.003942668 -0.9999923 -2.78354e-5 0.7015851 -0.7125858 2.8254e-5 0.7059445 -0.708267 4.24009e-4 1 -1.02818e-5 1.02461e-5 1 -1.04308e-5 0 0.7059437 0.7082679 0 0.705944 -0.7082677 3.76999e-5 0.9218383 -0.3875748 6.83777e-6 1 -5.84125e-6 1.32062e-6 0.7059437 -0.7082679 0 1 1.02222e-5 -1.02461e-5 1 1.0401e-5 0 0.7015847 0.7125861 -2.82288e-5 0.7059442 0.7082674 -4.23984e-4 0.00394231 0.9999923 2.78614e-5 0.9218383 0.3875749 -6.80424e-6 1 5.90086e-6 -1.2815e-6 0.705944 0.7082677 -3.76701e-5 0.7015975 0.7125735 2.23247e-4 0.9218365 0.3875789 -5.21075e-6 0.7059569 0.7082549 -1.38246e-5 -0.003927946 0.9999924 -1.8428e-5 0.003934442 0.9999921 -5.93002e-4 -0.7016084 0.7125627 -2.73995e-5 -0.003933727 0.9999921 5.93004e-4 0.701609 0.7125623 2.75224e-5 0.00392878 0.9999923 1.87859e-5 -0.7059538 0.708258 1.36874e-5 -0.7015945 0.7125765 -2.23408e-4 -0.921835 0.3875827 5.04684e-6 -0.7059448 0.7082668 4.23985e-4 -0.003943145 0.9999923 -2.77758e-5 -0.7015855 0.7125853 2.79731e-5 -0.7059404 0.7082712 3.7495e-5 -0.9218364 0.3875793 6.7018e-6 -1 1.06692e-5 1.14739e-6 -1 1.27852e-5 1.02461e-5 -1 1.26362e-5 0 -0.7059453 -0.7082664 0 -0.7059453 0.7082664 0 -1 -1.27256e-5 -1.02461e-5 -1 -1.25766e-5 0 -0.7015855 -0.7125853 -2.79731e-5 -0.7059448 -0.7082668 -4.23985e-4 -0.003943145 -0.9999923 2.77758e-5 -0.9218364 -0.3875793 -6.78748e-6 -1 -1.06841e-5 -1.24052e-6 -0.7059405 -0.7082712 -3.67686e-5 -0.921835 -0.3875828 -4.93508e-6 -0.7059538 -0.708258 -1.35732e-5 -0.7015945 -0.7125765 2.23522e-4 0.003928899 -0.9999924 -1.86279e-5 -0.003933668 -0.9999921 -5.92847e-4 0.7016091 -0.7125622 -2.73585e-5 -0.7016084 -0.7125628 2.74368e-5 -0.003927826 -0.9999923 1.846e-5 0.003934562 -0.9999921 5.93034e-4 0.7059568 -0.7082549 1.36623e-5 0.7015975 -0.7125735 -2.23409e-4 0.9218365 -0.3875789 5.0487e-6 0.003942251 -0.9999923 -2.78316e-5 0.7015847 -0.7125861 2.82535e-5 0.7059442 -0.7082675 4.24009e-4 1 -1.08778e-5 1.02461e-5 1 -1.08778e-5 0 0.7059441 0.7082677 0 0.7059428 -0.708269 3.78229e-5 0.9218376 -0.3875765 7.03335e-6 1 -7.6592e-6 1.50502e-6 0.7059441 -0.7082677 0 1 1.0848e-5 -1.02461e-5 1 1.0848e-5 0 0.7015853 0.7125855 -2.80637e-5 0.7059447 0.7082669 -4.23827e-4 0.003942906 0.9999923 2.80105e-5 0.9218376 0.3875765 -7.11903e-6 1 7.689e-6 -1.58697e-6 0.7059428 0.708269 -3.78899e-5 0.7015951 0.7125759 2.23409e-4 0.9218353 0.387582 -5.0636e-6 0.7059545 0.7082573 -1.36652e-5 -0.003928244 0.9999923 -1.88484e-5 0.003934144 0.9999921 -5.93003e-4 -0.7016087 0.7125625 -2.75299e-5 -0.003934204 0.9999921 5.93003e-4 0.7016087 0.7125626 2.73399e-5 0.003928184 0.9999924 1.88485e-5 -0.7059549 0.7082569 1.36659e-5 -0.7015955 0.7125754 -2.23409e-4 -0.9218355 0.3875814 5.06267e-6 -0.7059446 0.708267 4.23985e-4 -0.003942787 0.9999923 -2.78503e-5 -0.7015852 0.7125857 2.82196e-5 -0.7059423 0.7082694 3.70517e-5 -0.9218374 0.3875771 7.06874e-6 -1 8.24034e-6 1.54227e-6 -0.7015852 -0.7125856 -2.8378e-5 -0.7059446 -0.708267 -4.24143e-4 -0.003942847 -0.9999923 2.76864e-5 -0.9218374 -0.3875771 -6.95325e-6 -1 -8.28505e-6 -1.41934e-6 -0.7059422 -0.7082694 -3.77446e-5 -0.9218355 -0.3875814 -5.09713e-6 -0.7059549 -0.7082569 -1.36989e-5 -0.7015955 -0.7125754 2.23376e-4 0.003928244 -0.9999924 -1.88485e-5 -0.003934085 -0.9999921 -5.93003e-4 0.7016087 -0.7125625 -2.75224e-5 -0.7016087 -0.7125626 2.7474e-5 -0.003928184 -0.9999923 1.8799e-5 0.003934204 -0.9999921 5.92954e-4 0.7059545 -0.7082573 1.37463e-5 0.7015951 -0.7125759 -2.23327e-4 0.9218353 -0.3875819 5.14463e-6 0.003942906 -0.9999923 -2.76528e-5 0.7015853 -0.7125855 2.84251e-5 0.7059447 -0.7082669 4.24187e-4 -0.1587888 9.27597e-7 0.9873126 -0.3438277 4.27291e-6 0.9390328 -0.1746363 -1.53109e-6 0.984633 0.0528773 -0.5773305 0.8147967 -0.3833271 -0.1057255 0.9175415 -0.3438317 2.51532e-5 0.9390313 0.03254264 -0.253763 0.9667189 0.05288076 -0.577324 0.814801 -0.3438305 3.57442e-5 0.9390318 -0.1589767 9.56729e-4 0.9872819 0.03255367 -0.2537695 0.9667168 -0.3438086 2.99215e-5 0.9390398 -0.351369 0.02123659 0.9359962 -0.3312137 -0.01944494 0.9433554 -0.6249395 -0.03669011 0.7798105 -0.3513588 0.02124375 0.9359999 -0.01981359 0.04006308 0.9990007 -0.3312532 -0.01943629 0.9433417 -0.009943664 0.02024555 0.9997457 -0.331228 -0.01943838 0.9433506 -0.01980608 0.04006826 0.9990007 -0.6433991 0.002187907 0.7655278 -0.6249574 -0.03667563 0.7797968 -0.5267527 -0.1698116 0.832884 -0.6433991 0.002204656 0.7655279 -0.6339097 -0.01906299 0.7731721 -0.6249653 -0.03666323 0.7797912 -0.3513854 0.0212835 0.935989 -0.6249455 -0.03666108 0.779807 -0.6339135 -0.01906996 0.7731689 -0.3611617 -0.5596296 0.7459068 -0.5267529 -0.1698122 0.8328838 -0.3958242 -0.2675123 0.8784989 -0.3612079 -0.559612 0.7458977 -0.6433885 0.002181589 0.7655367 -0.5267641 -0.1698023 0.8328787 -0.1787877 -0.438952 0.8805431 -0.3957976 -0.2674913 0.8785173 -0.3833305 -0.1057537 0.9175369 -0.3611885 -0.5596283 0.7458948 -0.39583 -0.2675145 0.8784956 -0.178826 -0.4389515 0.8805356 0.05285865 -0.5773231 0.8148031 -0.1787917 -0.438952 0.8805423 -0.3833271 -0.1057496 0.9175388 0.04184687 -0.881064 0.4711425 -0.1787978 -0.4389692 0.8805326 0.05288684 -0.5773355 0.8147926 0.04186451 -0.8810675 0.4711345 -0.3611797 -0.5596207 0.7459048 -0.1787965 -0.4389477 0.8805434 6.6643e-4 -0.7071033 0.7071101 0.05287832 -0.5773121 0.8148096 0.03258627 -0.2537588 0.9667185 6.9306e-4 -0.7071065 0.7071067 0.04185235 -0.8810505 0.4711674 0.05288046 -0.5773154 0.8148072 -0.6433924 0.002197384 0.7655335 -0.6427917 1.8172e-5 0.7660411 -0.6339153 -0.01905471 0.7731679 -0.3513938 0.02127385 0.9359861 -0.633899 -0.01907926 0.7731805 -0.6427971 -1.16229e-6 0.7660365 -0.6427937 3.06205e-5 0.7660394 -0.6427939 3.05017e-5 0.7660392 -0.6427937 3.06652e-5 0.7660394 -0.6426281 -0.002047061 0.7661756 -0.3513841 0.02127039 0.9359898 -0.6427976 -7.12462e-6 0.7660361 -0.461413 -0.6962516 0.549847 -0.6433799 0.002197027 0.765544 -0.3611934 -0.5596229 0.7458966 -0.4613639 -0.6962388 0.5499045 -0.6427813 -1.89841e-5 0.7660499 -0.6433868 0.002195179 0.7655382 -0.6427923 -8.35955e-6 0.7660406 -0.6427896 -4.95464e-6 0.7660429 -0.6427872 -1.71363e-6 0.7660448 -0.6427867 -6.71111e-6 0.7660452 -0.6427869 -6.77258e-6 0.7660452 -0.6427868 -6.72246e-6 0.7660452 0.0418424 -0.8810758 0.4711206 0.04059737 -0.8903253 0.4535118 -0.361186 -0.5596359 0.7458903 -0.4614002 -0.6962469 0.5498637 -0.3611736 -0.5596219 0.7459068 0.04060834 -0.8903382 0.4534855 1.25449e-5 -1 -2.43783e-5 0.04053491 -0.890901 0.4523853 0.04186415 -0.8810635 0.4711418 -1.54823e-5 -1 1.86339e-5 -0.4613848 -0.6962598 0.5498603 0.04058218 -0.8903398 0.4534844 1.84476e-5 -1 -1.2204e-5 2.94298e-6 -1 -1.11312e-5 0.04052752 -0.8908926 0.4524026 1.41561e-5 -1 -3.46005e-5 0.04052764 -0.8908929 0.4524019 2.0538e-5 -1 -3.47197e-5 0.004078805 -0.7070813 0.7071205 3.74392e-6 -1 -2.41399e-5 0.04185193 -0.881065 0.4711401 -0.4613892 -0.6962618 0.549854 -0.6427783 7.83801e-6 0.7660522 -0.6427575 -3.71933e-5 0.7660698 -0.6428028 1.15843e-4 0.7660318 -0.6428028 1.15844e-4 0.7660318 -0.6428028 1.15845e-4 0.7660318 -0.6430266 -4.28532e-5 0.7658439 -0.6427668 3.42727e-6 0.7660619 -0.6428188 3.96023e-6 0.7660183 -0.4613838 -0.6962603 0.5498607 -0.642903 1.08881e-4 0.7659478 -0.6427875 0 0.7660445 -0.2768226 -0.9025131 0.3299083 -0.4613808 -0.6962364 0.5498933 2.01166e-6 -1 1.95205e-5 -0.5919362 -0.3898038 0.7054534 -0.6427854 1.65254e-5 0.7660464 -0.4613831 -0.6962415 0.549885 -0.4623528 -0.6946908 0.5510306 -0.4614049 -0.6962408 0.5498676 -0.2768316 -0.9025098 0.3299096 -0.5919551 -0.3897891 0.7054457 -0.4614017 -0.6962438 0.5498666 -0.4623867 -0.6946593 0.5510419 0 -1 9.84471e-6 -0.1587646 -0.9690158 0.1892148 -1.2435e-5 -1 9.02265e-6 -1.30832e-5 -1 8.97795e-6 -0.2768188 -0.9025164 0.3299027 1.66148e-5 -1 -1.29342e-5 -0.158751 -0.9690219 0.1891951 -0.02540671 0.05112975 0.9983689 -0.01982766 0.04009556 0.9989991 -0.3513854 0.02124077 0.93599 -0.02540647 0.05114674 0.998368 -0.3513782 0.02125698 0.9359923 -0.03116881 0.06245493 0.997561 -0.3567783 0.03305906 0.9336041 -0.03118395 0.06245672 0.9975604 -0.3513913 0.02125942 0.9359873 -0.3567656 0.03305721 0.933609 -0.351386 0.02127248 0.935989 -0.6427908 -1.6775e-5 0.7660419 -0.6427742 3.06778e-6 0.7660558 -0.6427737 -2.07825e-6 0.7660561 -0.3513823 0.02125012 0.9359909 -0.1637809 0.9864968 -8.01683e-6 -1.56462e-6 1 -3.4296e-6 -1.05724e-5 0.7071126 0.7071009 1.38151e-5 0.707122 0.7070916 -1.82331e-5 0.707122 0.7070916 1.88388e-5 1 2.35438e-6 -0.3230985 0.9463654 -6.80983e-6 -0.1637781 0.9864973 -1.57505e-5 1.52066e-5 0.7071024 0.7071112 -0.3104257 0.8708114 0.3812132 -0.3231242 0.9463567 5.40912e-6 4.54262e-5 0.7071087 0.7071049 -0.2586938 0.6496635 0.7148531 -0.3103889 0.8708233 0.3812159 2.34451e-5 0.7071123 0.7071014 -4.50015e-6 1 -1.75706e-6 -4.50015e-6 1 0 -0.1637877 0.9864956 0 1.83283e-5 1 2.05636e-6 -1.87382e-5 0.7071222 0.7070913 -1.38872e-5 1 2.05636e-6 0 1 0 -1.58548e-5 1 1.09635e-5 -0.1637529 0.9865014 -5.80773e-6 -0.3231232 0.9463569 -2.32831e-7 -0.3532525 0.9318472 0.08290666 -0.1458375 0.9893085 1.64464e-4 -0.1225628 0.9809865 0.1504792 -0.3231061 0.9463629 5.46873e-6 -8.82149e-6 1 -7.15628e-6 -0.3231061 0.9463629 1.63858e-6 -0.353302 0.9318394 0.08278334 -0.2442001 0.9697248 1.27877e-6 -0.1459326 0.9892945 7.26432e-7 -0.7091071 0.5724552 0.4116579 -0.122555 0.9809867 0.1504843 -0.1575354 0.8863771 0.4353371 -0.7091563 0.5724177 0.4116253 -0.5413919 0.8252051 0.1610329 -0.1225559 0.9809849 0.1504951 -0.3532818 0.9318378 0.08288723 -0.1225434 0.9809879 0.1504861 -0.5413774 0.8252128 0.1610416 -0.7321336 0.3313473 0.5951381 -0.1575701 0.8863801 0.4353182 -0.1050277 0.4981788 0.8606899 -0.7091159 0.5724385 0.4116661 -0.1575438 0.8863755 0.4353371 -0.7321499 0.3312883 0.5951509 -0.4035176 0.2671182 0.8751124 -0.105058 0.4981948 0.860677 -0.07137233 0.3723055 0.9253619 -0.4032785 0.2668946 0.8752907 -0.732196 0.331233 0.595125 -0.1050301 0.4982018 0.8606764 -0.6427636 3.20971e-5 0.7660646 -0.07131457 0.3723136 0.9253631 -0.050058 0.2599892 0.9643132 -0.4035168 0.2671052 0.8751165 -0.07137697 0.3723218 0.925355 -0.6427683 8.11629e-5 0.7660607 -0.6427471 5.39422e-6 0.7660785 -0.6428258 4.93471e-5 0.7660125 -0.07135492 0.3723096 0.9253615 -0.6427884 1.20848e-5 0.7660438 -0.642736 -7.60332e-6 0.7660879 -0.07135975 0.3723037 0.9253636 -0.6428152 -2.0653e-5 0.7660213 -0.05009949 0.2599785 0.9643139 -0.03126049 0.06362289 0.9974844 -0.6428048 2.26624e-4 0.76603 -0.6427987 2.94596e-5 0.7660353 -0.03125828 0.06361007 0.9974853 -0.356813 0.0332517 0.9335838 -0.6427655 1.88561e-4 0.766063 -0.03124064 0.06363904 0.9974839 -0.707128 0.7070856 3.02494e-5 3.99053e-5 0.707112 0.7071015 1.10306e-5 1 1.44839e-5 -0.7071174 0.7070962 -6.31809e-6 -0.3535832 0.6123789 0.7070863 -1.66148e-5 0.7071033 0.7071104 -0.7071062 0.7071074 3.20053e-5 -0.7071062 0.7071074 -1.82796e-5 -2.3067e-5 1 -2.74554e-5 -0.7071054 0.7071083 2.74405e-5 -2.20239e-5 1 -3.2009e-5 -2.19643e-5 1 1.82818e-5 -1 2.69562e-5 -1.15987e-5 -0.7071022 -2.41958e-5 0.7071114 -0.6123701 0.3535532 0.7071089 -0.7071214 1.00842e-5 0.7070922 -0.7071213 -1.82331e-5 0.7070923 -1 -1.71959e-5 3.42727e-6 -0.7071302 0.7070834 1.24276e-5 -0.6123569 0.3535659 0.7071141 -0.3535611 0.6123596 0.7071141 -0.7071111 0.7071025 -1.15093e-5 -1 -2.35103e-5 2.05934e-5 -0.6123811 0.3535614 0.7070953 -1 2.29478e-5 3.2009e-5 -1 2.2918e-5 -1.82818e-5 -0.7071075 0.7071062 -2.74554e-5 -1 1.83283e-5 1.75834e-6 -0.7071225 1.70916e-5 0.7070911 -1 -1.01368e-5 1.78814e-6 -0.7071075 0.7071061 1.82796e-5 -1 2.2918e-5 2.74628e-5 -0.7071075 0.7071061 -3.20053e-5 -0.7070877 -0.7071259 3.1665e-5 -0.7071357 8.67248e-6 0.7070779 -1 1.3683e-5 1.43051e-5 -0.7070948 -0.7071188 -6.25849e-6 -0.6123784 -0.3535839 0.7070865 -0.7071043 -1.79261e-5 0.7071093 -0.7071076 -0.7071061 3.20053e-5 -0.7071075 -0.7071062 -1.82796e-5 -1 -2.29478e-5 -2.74628e-5 -0.7071075 -0.7071061 2.74554e-5 -1 -2.28882e-5 -3.2009e-5 -1 -2.28882e-5 1.82818e-5 -2.78354e-5 -1 -1.25505e-5 2.29441e-5 -0.707103 0.7071107 -0.3535543 -0.6123702 0.7071083 -0.7071303 -0.7070833 1.43945e-5 -0.3535602 -0.6123588 0.7071152 -0.6123561 -0.353565 0.7071152 -0.7071039 -0.7071098 -7.88085e-6 2.11485e-5 -1 2.43858e-5 -0.3535614 -0.6123771 0.7070988 -2.19643e-5 -1 3.2009e-5 -2.19047e-5 -1 -1.82818e-5 -0.7071053 -0.7071083 -2.74405e-5 -0.7071063 -0.7071074 1.82796e-5 -2.31266e-5 -1 2.74628e-5 -0.7071063 -0.7071074 -3.20053e-5 -0.7071275 -0.7070862 -3.10242e-5 6.76513e-6 -0.7071355 -0.7070781 1.169e-5 -1 -1.48118e-5 -0.3535826 -0.6123769 -0.7070883 -1.65999e-5 -0.7071018 -0.7071118 -0.7071173 -0.7070963 4.32134e-6 -0.6123802 -0.3535606 -0.7070965 -0.7071117 -0.7071018 1.0116e-5 -1 2.43299e-5 -2.19792e-5 -0.7071027 2.38568e-5 -0.7071108 -0.6123706 -0.3535536 -0.7071083 -1 -2.69562e-5 1.24779e-5 -0.7071217 -1.00842e-5 -0.7070918 -0.7071217 1.82331e-5 -0.7070918 -1 1.70767e-5 -2.80142e-6 -0.7071219 -1.70022e-5 -0.7070918 -1 1.01368e-5 -2.563e-6 -1 -1.83283e-5 -2.563e-6 -0.612358 -0.353565 -0.7071135 -0.3535628 -0.6123594 -0.7071135 -0.7071312 -0.7070825 -1.12653e-5 -0.7070879 0.7071257 -3.20971e-5 -0.7071354 -8.9407e-6 -0.7070782 -1 -1.39549e-5 -1.45733e-5 -0.6123774 0.353583 -0.7070878 -0.7071027 1.67042e-5 -0.707111 -0.7070958 0.7071179 4.88758e-6 -0.3535619 0.6123822 -0.7070941 -0.7071028 0.7071108 1.27386e-5 2.33725e-5 1 -1.94907e-5 2.262e-5 0.707101 -0.7071126 -0.3535549 0.6123678 -0.7071101 -2.90573e-5 1 9.53674e-6 -1.38151e-5 0.707122 -0.7070916 1.82331e-5 0.707122 -0.7070916 -1.88835e-5 1 -2.32458e-6 1.87829e-5 0.7071217 -0.7070918 1.38872e-5 1 -2.74181e-6 -1.83283e-5 1 -2.74181e-6 -0.3535624 0.6123592 -0.7071138 -0.6123577 0.3535648 -0.7071139 -0.707131 0.7070826 -1.18315e-5 -0.4589503 0.888462 -2.864e-5 1.05351e-5 0.7071031 -0.7071105 6.22869e-6 1 -1.74344e-5 -0.4417749 0.897126 4.07267e-6 -0.4589442 0.8884652 -5.68945e-6 1.76281e-5 1 9.33558e-6 -0.4103729 0.9119178 2.39909e-6 -0.4417802 0.8971235 1.01775e-5 1.10865e-5 1 5.70118e-5 -0.3783177 0.9256759 2.63751e-6 -0.4103541 0.9119262 6.3926e-6 -3.09944e-6 1 5.10216e-5 -0.3510768 0.9363467 -1.51992e-5 -0.3783102 0.925679 8.59797e-6 2.55704e-5 1 3.26335e-6 -0.323112 0.9463608 -9.23872e-6 -0.3510606 0.9363529 -4.50015e-6 1.87755e-5 1 -2.26498e-6 -0.3231064 0.9463627 -9.14205e-6 -0.3231064 0.9463627 1.48267e-6 -9.07481e-6 1 1.13547e-5 -0.2210032 0.6716865 -0.7071033 -7.31833e-6 0.7071036 -0.7071101 -0.4588841 0.8884962 1.41859e-5 -0.4198471 0.5689706 -0.7071075 -0.4589028 0.8884866 -3.57628e-6 -0.8155302 0.5787147 -9.23872e-7 -0.8155072 0.5787469 -1.3853e-5 -0.8155072 0.5787469 0 -0.4589474 0.8884636 0 -0.5766426 0.409246 -0.7071076 -0.4198599 0.5689436 -0.7071215 -0.8154824 0.5787819 -1.37882e-6 -0.5853418 0.4154562 -0.6962552 -0.576655 0.4092134 -0.7071163 -0.8154905 0.5787706 7.689e-6 -0.8154782 0.578788 0 -0.5853437 0.4154479 -0.6962586 -0.8154928 0.5787673 5.99027e-6 -0.8155036 0.5787519 5.98791e-6 -0.41985 0.5689617 -0.7071129 -0.2210057 0.6716703 -0.7071177 -0.4589373 0.8884687 3.91901e-6 -0.5363189 0.8440155 -2.13739e-7 -0.4589343 0.8884702 1.12533e-6 -0.4417643 0.8971313 1.45286e-7 -0.7193936 0.6946027 3.17395e-6 -0.8155025 0.5787536 -1.75592e-5 -0.4589155 0.88848 1.61678e-5 -0.6041331 0.7968834 1.53482e-6 -0.7193812 0.6946156 3.42447e-6 -0.4589481 0.8884631 -1.19805e-5 -0.5748263 0.8182756 7.40774e-6 -0.6041359 0.7968813 2.08971e-6 -0.4589278 0.8884736 8.35955e-6 -0.5363102 0.844021 -1.60187e-7 -0.5748086 0.818288 3.5069e-6 -0.4589414 0.8884665 3.241e-6 -0.3532974 0.9318397 0.08279949 -0.5414233 0.8251948 0.1609798 -0.486764 0.865828 0.1157709 -0.3533346 0.9318264 0.08279162 -0.4867668 0.8658258 0.1157752 -0.4286886 0.9005766 0.07202726 -0.3381305 0.9404045 0.03615522 -0.4286808 0.9005793 0.07204079 -0.3770961 0.9254804 0.03584301 -0.3381224 0.9404081 0.03613895 -0.353321 0.9318317 0.08278882 -0.4286915 0.9005754 0.07202661 -0.3381321 0.940404 0.03615289 -0.3770844 0.925485 0.035847 -0.3231081 0.9463621 -7.1656e-6 -0.3381373 0.940402 0.03615844 -0.3231202 0.946358 0 -0.2441728 0.9697318 -1.83284e-6 -0.3381227 0.9404076 0.03614622 -0.2441779 0.9697306 5.08502e-6 -0.3533188 0.9318314 0.08280342 -0.6427981 1.32786e-5 0.7660358 -0.642798 1.34327e-5 0.7660359 -0.6427981 1.32774e-5 0.7660358 -0.6426321 -1.92903e-4 0.766175 -0.6426321 -1.92917e-4 0.766175 -0.6426321 -1.92914e-4 0.766175 -0.6427393 -6.09511e-5 0.766085 -0.6427393 -6.09348e-5 0.766085 -0.6427394 -6.09615e-5 0.766085 -0.8155291 0.5787162 2.13344e-4 -0.8155291 0.5787162 2.13341e-4 -0.8155291 0.5787162 2.13348e-4 -0.8154855 0.5787776 -4.70798e-6 -0.6427223 -6.42569e-5 0.7660993 -0.6427224 -6.43223e-5 0.7660993 -0.6427223 -6.42392e-5 0.7660993 -0.4033082 0.2668834 0.8752805 -0.6427441 -1.10447e-4 0.766081 -0.7321519 0.3313072 0.5951379 -0.905676 0 0.4239707 -0.6427804 -8.64947e-6 0.7660506 -0.6427804 0 0.7660505 -0.815516 0.5787347 1.27755e-6 -0.8155159 0.5787347 1.23548e-6 -0.8155159 0.5787347 1.30525e-6 -0.9056646 -2.76426e-5 0.423995 -0.6721558 8.24849e-6 0.7404098 -0.6428062 6.86373e-6 0.7660289 -0.591941 -0.3897719 0.705467 -0.905716 -1.74344e-5 0.4238851 -0.6427842 -8.03173e-6 0.7660475 -0.6959007 0.7015808 -0.153319 -0.8154909 0.57877 -4.02331e-6 -0.8154924 0.5787678 -6.95698e-6 -0.5915126 0.7652387 -0.2540133 -0.585349 0.4154531 -0.6962509 -0.8154773 0.5787891 -1.75834e-5 -0.6959052 0.7015754 -0.153323 -0.591012 0.7652179 -0.2552379 -0.815509 0.5787446 1.32471e-5 -0.8155115 0.5787411 0 -0.8155115 0.5787411 0 -0.8155115 0.5787411 -5.34026e-7 -0.6099287 0.7924563 -5.19957e-6 -0.8154882 0.5787739 4.88365e-7 -0.8154881 0.5787739 8.81404e-6 -0.4562851 0.8898336 -6.82846e-6 -0.6958649 0.7016127 -0.1533351 -0.8154882 0.5787737 1.21817e-5 -0.6099198 0.7924633 6.10575e-6 -0.5165446 0.8562603 3.07126e-6 -0.8155098 0.5787433 2.17203e-5 -0.456306 0.889823 -8.08644e-6 -0.8154928 0.5787674 -4.014e-6 -0.51656 0.856251 7.57375e-6 -0.9056701 2.90554e-5 0.4239832 -0.7010518 -4.41819e-6 0.7131104 -0.6721844 7.19516e-6 0.7403839 -0.9066348 -8.80659e-6 0.4219166 -0.7010372 1.50688e-6 0.7131246 -0.9056817 4.94208e-6 0.4239583 -0.5915291 0.7652221 -0.2540245 -0.3662525 0.4737935 -0.8008613 -0.5853419 0.4154399 -0.6962648 -0.5717871 0.7740508 -0.2718545 -0.3662439 0.4737799 -0.8008734 -0.5915179 0.7652341 -0.2540145 -0.2562205 0.8369349 -0.483623 -0.3662568 0.4737994 -0.8008559 -0.5717922 0.7740515 -0.2718419 -0.2561898 0.8369402 -0.4836302 -0.1478878 0.4830719 -0.8630011 -0.3662383 0.4737732 -0.8008798 -0.5472695 0.7842796 -0.2922357 -0.5717696 0.7740623 -0.2718586 -0.5910187 0.7652114 -0.2552421 -0.6958805 0.7015953 -0.1533448 -0.5472854 0.7842707 -0.2922295 -0.5910204 0.7652117 -0.2552372 -0.2883286 0.8363174 -0.4663046 -0.2561676 0.8369495 -0.4836255 -0.5717752 0.7740622 -0.2718473 -0.5472919 0.7842689 -0.2922223 -0.28832 0.8363133 -0.4663171 -0.5717898 0.7740525 -0.2718445 1.22003e-6 0.8045361 -0.5939038 -0.1478373 0.4829959 -0.8630523 -0.2561679 0.8369411 -0.4836399 0.06735819 0.4488519 -0.8910639 -0.1478368 0.482987 -0.8630573 -7.39098e-6 0.8045316 -0.5939099 0.1194856 7.27177e-6 -0.9928359 0.05385875 2.17259e-5 -0.9985486 -0.1478113 0.4829977 -0.8630558 0.06737881 0.4488316 -0.8910727 0.1195091 -5.88596e-6 -0.9928331 -0.1478356 0.4829855 -0.8630584 -5.11855e-5 0.8045288 -0.5939137 -0.2561247 0.8369345 -0.4836742 -0.1382651 0.8300535 -0.5402722 -5.34952e-6 0.8045473 -0.5938887 -0.1382933 0.830048 -0.5402733 -0.2561733 0.8369521 -0.4836181 -0.2882942 0.8363147 -0.4663307 2.11e-5 0.804536 -0.593904 -0.2561719 0.8369509 -0.4836211 -1.81049e-5 0.8045405 -0.5938978 -1.76919e-5 0.8045412 -0.5938969 -0.1382896 0.8300439 -0.5402807 -3.05797e-5 0.8045669 -0.5938622 6.86198e-6 0.8045288 -0.5939137 0.06738084 0.4488143 -0.8910812 1.62423e-5 0.8045305 -0.5939114 1.5147e-4 0.9503884 -0.3110657 -1.20647e-4 0.8046548 -0.593743 -0.2882778 0.836305 -0.4663583 7.96562e-6 0.8045349 -0.5939055 -5.42402e-6 0.8045349 -0.5939055 6.07967e-6 0.9503781 -0.3110973 0 0.8045542 -0.5938794 9.16115e-5 0.8045626 -0.593868 1.41263e-4 0.9503824 -0.3110843 -0.2882727 0.8363184 -0.4663372 -0.5472199 0.7842941 -0.2922897 -0.4562905 0.8898308 -5.79841e-6 -0.5472586 0.7842943 -0.2922166 -0.6958488 0.7016287 -0.1533351 -0.2888695 0.9448597 -0.1542551 -0.5472559 0.7842946 -0.2922211 -0.4563051 0.8898235 1.26781e-5 1.51038e-4 0.9503841 -0.3110792 -0.5472471 0.7842729 -0.2922954 -0.2888314 0.9448605 -0.1543221 1.2368e-5 0.8045286 -0.5939139 0.1194973 -1.97841e-5 -0.9928346 0.06737601 0.4488093 -0.8910841 1.28709e-5 0.8045309 -0.5939108 0.3440774 -1.16229e-5 -0.9389414 0.1195276 1.67787e-5 -0.9928309 0.3258312 0.4624365 -0.8246131 0.5590376 1.81496e-5 -0.8291423 0.4534599 3.99351e-6 -0.8912767 0.4579938 0.4887629 -0.7425312 0.7578426 4.47035e-7 -0.6524376 0.5590244 -1.51694e-5 -0.8291512 0.4579846 0.4887284 -0.7425596 0.55905 5.19678e-6 -0.829134 0.3258339 0.4623946 -0.8246355 6.64964e-7 0.804533 -0.593908 0.4534652 1.91629e-5 -0.891274 0.3440772 -2.28286e-5 -0.9389414 1.20997e-5 0.8045216 -0.5939236 0.4534838 -2.87779e-7 -0.8912645 -1.43945e-5 0.8045453 -0.5938914 0.3258299 0.4624423 -0.8246102 0.453423 4.47035e-6 -0.8912954 2.34544e-5 0.8045426 -0.5938951 3.27826e-5 0.8045442 -0.5938928 0.3441143 1.26064e-5 -0.9389278 -2.23219e-5 0.8045267 -0.5939167 0.9828813 9.02265e-6 -0.1842404 0.9997308 7.30902e-6 0.02320545 0.9832088 7.39284e-6 0.1824846 0.7110778 0.6962421 -0.09805834 0.9832107 1.63019e-5 0.1824743 0.9997308 -1.85072e-5 0.02320337 0.6952432 0.7071011 0.129015 0.9832102 1.62721e-5 0.1824765 0.983224 1.58517e-5 0.1824019 0.6952198 0.7071229 0.1290218 0.9832105 -3.48687e-6 0.1824758 0.7110694 0.6962438 -0.0981068 0.9828865 8.83499e-6 -0.1842122 0.9906213 4.84893e-6 -0.136636 0.9997301 4.80935e-6 0.02323704 0.7110591 0.6962617 -0.09805488 0.9997311 -2.20537e-5 0.02318996 0.99062 2.04737e-5 -0.1366459 0.9102773 2.30372e-5 -0.4139991 0.9906187 -2.2918e-5 -0.1366556 0.9601545 -5.00679e-6 -0.27947 0.9828883 -1.5808e-6 -0.1842029 0.9601463 -1.52085e-6 -0.2794981 0.9906237 -3.39118e-6 -0.1366193 0.5833387 0.5037679 -0.6371296 0.9906165 -1.36495e-5 -0.1366716 0.9103068 1.52066e-5 -0.4139344 0.7110488 0.6962671 -0.098091 0.9906248 8.61287e-6 -0.1366112 0.5833607 0.5037564 -0.6371184 0.8438215 1.35284e-5 -0.536624 0.9102961 5.36442e-6 -0.413958 0.9601436 1.2666e-6 -0.2795075 0.9828838 -2.97278e-6 -0.184227 0.8438311 -1.09151e-6 -0.5366091 0.9601415 -5.88968e-6 -0.2795143 0.8438248 7.96707e-6 -0.5366187 0.7678973 8.10623e-6 -0.6405731 0.9103076 1.01905e-5 -0.4139326 0.5833465 0.5037332 -0.6371498 0.9103077 -7.48038e-6 -0.4139325 0.768311 -4.86195e-4 -0.6400766 0.7195335 4.36325e-6 -0.6944578 0.7578552 1.40257e-6 -0.6524227 0.7678987 2.94857e-6 -0.6405713 0.4579737 0.4887613 -0.7425447 0.7683128 -4.50283e-4 -0.6400745 0.7578659 9.36352e-6 -0.6524105 0.843824 1.65775e-7 -0.5366201 0.7195438 -1.83145e-6 -0.6944472 0.7678835 -1.25216e-6 -0.6405897 0.5833389 0.5037581 -0.6371369 0.7682906 -4.68954e-4 -0.640101 0.4580013 0.4887412 -0.7425408 0.7929958 -0.4413969 -0.4199126 0.7195469 6.73532e-6 -0.6944439 0.843814 -1.88798e-5 -0.5366358 0.8819819 -0.3810107 -0.2773787 0.8438475 -3.8147e-6 -0.5365831 0.9828696 -8.07643e-6 -0.184303 0.7930128 -0.4413861 -0.4198918 0.8438209 -1.23382e-5 -0.5366251 0.8819977 -0.3809978 -0.2773463 0.8819909 -0.3809903 -0.2773778 0.9828856 -2.262e-5 -0.1842169 0.9347417 -0.3451961 -0.084248 0.9832991 0 0.1819972 0.926018 -6.16722e-6 0.3774794 0.983215 8.26714e-6 0.1824509 0.983215 -3.41383e-5 0.1824509 0 -1 -1.39508e-6 0 -1 1.36981e-6 0.9206807 -1.4425e-6 0.3903168 0.9832112 -8.86619e-7 0.1824713 0.9260184 4.85266e-6 0.3774786 0.6952302 0.7071012 0.129085 0.9832108 1.57654e-5 0.1824733 0.695244 0.7071011 0.129011 0.9260296 -2.47955e-5 0.3774509 0.9832128 -1.03179e-5 0.1824626 0.695243 0.707098 0.1290337 1.94609e-5 -0.9686961 0.2482498 1.72405e-5 -0.9686935 0.2482602 0.4689417 -0.8307505 0.2999122 3.49128e-5 -0.9688287 0.2477316 4.04296e-5 -0.9686287 0.2485128 4.04362e-5 -0.9686287 0.2485128 4.04127e-5 -0.9686287 0.2485128 2.06977e-5 -0.9686973 0.2482454 -4.01773e-5 -0.9687019 0.2482274 -6.10836e-5 -0.968701 0.2482304 0.6257593 -0.7104346 0.3220376 0.4689527 -0.8307472 0.2999043 0.8210615 -0.4975404 0.2798423 0.1896597 -0.9384785 0.2885953 -1.10716e-5 -0.9686968 0.2482472 0.4689247 -0.8307593 0.2999144 0.3716583 -0.8722951 0.3177602 0.468924 -0.8307641 0.2999022 0.6257799 -0.7104183 0.3220332 0.1896513 -0.9384856 0.2885781 0.4689483 -0.8307511 0.2999005 0.3716266 -0.8723093 0.317758 0 -1 -2.3498e-6 1.07288e-6 -0.9978514 0.0655182 4.95816e-6 -0.9687026 0.2482244 -3.18512e-6 -0.9687026 0.2482244 -0.6962355 -0.7173531 0.02570295 -0.7070967 -0.6849901 0.1755076 -6.4373e-6 -0.9686959 0.2482504 -4.6622e-6 -0.989741 0.1428738 1.33459e-6 -0.9686983 0.2482411 5.59539e-6 -0.9978529 0.06549555 -0.6962336 -0.7173552 0.02569746 -1.80304e-5 -0.9686943 0.2482566 -1.26213e-5 -0.9897436 0.1428558 0.1247146 -0.9677383 0.2189268 2.22325e-5 -0.9686987 0.2482396 2.1592e-5 -0.9686995 0.2482366 -3.98785e-4 -0.9978694 0.06524229 -5.58794e-6 -0.9686984 0.2482408 0.1248108 -0.9677263 0.2189252 -2.84275e-6 -0.9686873 0.2482843 -2.71917e-6 -0.9686872 0.2482842 -2.77741e-6 -0.9686872 0.2482842 0.2300187 -0.9578848 0.1718962 1.26809e-5 -0.968698 0.248242 1.22605e-5 -0.9686985 0.2482403 0.2300292 -0.957882 0.1718973 0.1247128 -0.96774 0.2189205 -2.31341e-6 -0.9686972 0.2482453 -4.47399e-6 -0.968719 0.2481608 -4.43397e-6 -0.9687189 0.2481607 -4.40896e-6 -0.9687189 0.2481607 0.3974476 -0.917625 1.19731e-5 -2.51979e-5 -0.9686982 0.2482417 9.45166e-4 -0.9681721 0.2502836 0.3974453 -0.917626 -3.29316e-6 0.2300062 -0.9578877 0.1718965 -9.33558e-6 -0.9686933 0.2482607 1.3146e-7 -0.9687196 0.2481583 0 -0.9687196 0.2481583 0 -0.9687196 0.2481583 0.2003948 -0.9797152 3.06657e-4 3.20375e-7 -0.9686983 0.2482411 9.54419e-6 -0.9686968 0.2482473 -1.40324e-5 -0.9687569 0.2480127 -1.40747e-5 -0.9687568 0.2480127 -1.39894e-5 -0.9687569 0.2480127 0.2004129 -0.9797115 3.09825e-4 0.3974445 -0.9176263 1.19284e-5 1.08778e-6 -0.9687027 0.2482238 1.54506e-6 -0.9921863 0.1247652 3.4684e-6 -0.968694 0.2482579 -2.33762e-6 -0.968694 0.2482579 -7.67582e-5 -0.9921512 0.1250442 7.02217e-7 -0.9686957 0.2482517 -3.03697e-6 -0.9921872 0.1247589 0.2004039 -0.9797133 2.89962e-4 1.9148e-5 -0.968698 0.2482426 1.65589e-5 -0.9921541 0.1250218 1.33663e-5 -0.9921858 0.1247696 1.44942e-5 -0.9686991 0.2482382 0.18987 -0.9384235 0.2886359 -0.7187848 -0.6734706 0.1725855 -0.707121 -0.6849663 0.1755027 -1 -2.08616e-7 1.50204e-5 -1 2.44379e-5 1.82018e-5 -1 1.71792e-5 -1.78926e-5 -0.7071176 -0.6849611 0.1755368 -1 -6.76351e-6 3.80092e-5 -0.7187765 -0.6734822 0.172575 -1 -1.84476e-5 -7.36862e-6 -1 -3.94549e-7 0 -1 2.2002e-6 0 -0.718763 -0.6734937 0.1725863 -0.3948079 -0.8900047 0.2280756 -0.7070988 -0.68498 0.1755386 -1 -4.61936e-7 5.81145e-7 -0.7070952 -0.6849773 0.1755636 -1 0 3.58745e-6 -0.6962537 -0.7173357 0.02570027 -1 -1.17123e-5 -2.84463e-5 -0.7071058 -0.6849733 0.1755364 -1 -3.61096e-7 0 -1 -1.4469e-7 0 -0.707084 -0.7071295 -3.0674e-5 -1 -2.02656e-6 -5.96419e-5 -1 -3.4228e-5 1.131e-5 -0.8522041 -0.4812633 0.2052655 -1 -1.06245e-5 2.14726e-5 -1 -5.06788e-5 4.78178e-5 -0.8520532 -0.4806787 0.2072516 -0.7071154 -0.7070983 -5.69522e-5 -1 -4.13209e-5 -1.84327e-5 -0.9582662 -0.1946041 0.2094163 -1 -5.45159e-5 3.47644e-5 -1 -4.30867e-5 4.64562e-5 -0.8520439 -0.4806843 0.2072771 -1 -6.81505e-5 5.95003e-5 -0.9582597 -0.1946174 0.209434 -0.9582636 -0.1946137 0.2094196 -1 -3.41609e-5 2.96906e-5 -1 1.19358e-5 -4.75347e-6 -0.9066303 0 0.4219262 -1 9.45861e-6 8.64267e-7 -1 1.27405e-6 8.23289e-7 -0.9582641 -0.1945888 0.2094405 -1 4.44241e-6 9.56485e-6 -0.9961935 -8.28505e-6 0.08717024 -0.9066349 4.60632e-6 0.4219162 -0.9962529 -1.6829e-6 0.0864886 -1 -3.10259e-6 2.14651e-5 -0.2686666 0.9632332 9.30438e-6 -0.5165461 0.8562594 7.62819e-6 -0.5165461 0.8562595 -6.48146e-6 -0.4563103 0.8898208 -5.42554e-7 -0.5165259 0.8562715 9.43662e-7 -0.2686955 0.9632253 1.61021e-5 -0.2687221 0.9632178 -1.86806e-4 -0.516594 0.8562304 -8.65592e-5 -0.5183319 0.8550071 -0.01717597 -2.20891e-5 1 -2.4984e-4 -0.5183452 0.8549995 -0.01714956 -0.5235464 0.8513337 -0.03361791 -0.2686904 0.9632266 -1.72287e-4 -0.5183625 0.8549893 -0.01714116 -3.34382e-5 1 -2.72572e-4 -0.9105388 1.02343e-5 -0.4134237 -1 1.20569e-6 9.14931e-6 -1 -1.30199e-6 9.10635e-6 -0.5643398 0.8236821 -0.0553922 -1.92709e-5 1 -2.68027e-4 -0.5235245 0.8513464 -0.03363573 -0.9761594 -2.1942e-6 -0.217055 -1 0 6.60866e-6 -0.9105544 -1.45356e-5 -0.4133893 -0.9105504 4.73857e-5 -0.4133981 -1 1.19805e-5 -3.87132e-5 -0.642834 4.29153e-6 -0.7660055 -0.6962179 -0.7173732 0.02562063 -0.6428791 -1.98185e-5 -0.7659677 -1 -2.864e-5 -1.0252e-4 -0.7070921 -0.7071216 2.74007e-6 -0.6964343 -0.7176199 0.001075446 -0.9187864 -0.3947553 2.29478e-6 -0.6123793 -0.3535654 0.7070948 -0.918794 -0.3947375 -1.85966e-5 -0.6964331 -0.7176218 3.48501e-6 -1.87755e-5 -1 2.23829e-5 -1.87755e-5 -1 0 -0.6964484 -0.7176069 0 -0.3535634 -0.6123801 0.7070952 -0.696444 -0.7176112 -1.09524e-5 1.3344e-5 -1 -9.58145e-6 -0.7071011 -0.7071101 -0.001843214 -2.17259e-5 -1 1.53631e-5 -0.6964433 -0.7176119 2.34639e-5 -0.6123785 -0.3535676 0.7070946 -0.6964344 -0.7176204 -1.30609e-5 -0.3535685 -0.6123766 0.7070957 -0.3535478 -0.6123784 0.7071045 -7.09295e-6 -1 1.75703e-5 5.94929e-6 -0.707091 0.7071225 -0.8520416 -0.4806849 0.2072854 -2.22708e-5 -1 9.05246e-6 -0.7071023 -0.7071114 -3.31998e-5 -0.1587448 -0.9690306 0.1891559 -4.82425e-5 -1 -2.73883e-5 -0.8520514 -0.4806787 0.2072592 -0.591966 -0.3898043 0.7054281 -0.9961994 -3.93391e-6 0.08710157 -0.905695 -5.1558e-6 0.4239301 -0.9066329 -1.34786e-5 0.4219205 -0.90568 6.2714e-5 0.4239623 -0.996251 1.19731e-5 0.08651101 -0.5919606 -0.3897958 0.7054374 -0.9582561 -0.1946209 0.2094469 -0.9961978 -2.08914e-5 0.08712071 -0.2768009 -0.9025174 0.3299146 -0.8520539 -0.4806694 0.2072706 -0.9582642 -0.1945999 0.2094293 -0.4623854 -0.6946681 0.5510319 -0.2767977 -0.9025124 0.329931 -0.9582608 -0.1946368 0.2094102 -0.5919452 -0.3897894 0.7054539 -0.4623476 -0.6946805 0.5510479 -0.9582679 -0.1945931 0.2094188 -0.2768356 -0.9025085 0.3299098 -0.1587126 -0.9690352 0.1891597 -0.8520644 -0.4806746 0.2072155 -0.4563161 0.8898178 5.0175e-6 2.00123e-5 1 -2.17846e-5 2.00272e-5 1 1.1183e-5 -0.2888656 0.9448643 -0.1542347 -0.4562782 0.8898372 -2.2836e-6 4.90248e-6 1 1.6625e-5 -2.5928e-5 1 1.51899e-5 -0.2888896 0.944857 -0.1542342 -2.0504e-5 1 -4.12837e-5 0 1 -3.67676e-7 -0.4563024 0.8898249 1.08932e-5 -0.2686583 0.9632356 8.13045e-6 1.99676e-6 1 -2.60747e-6 0 1 2.09334e-7 1.83284e-6 0.9777505 -0.2097709 -3.56357e-6 1 1.95727e-5 -4.58304e-6 1 1.95764e-5 -0.5521793 0.8308778 -0.06884962 -0.4723289 0.8765109 -0.09291994 7.53999e-6 1 -2.78622e-4 3.39747e-6 0.9777259 -0.2098861 -3.59118e-5 1 -2.70635e-4 -0.4723533 0.8764982 -0.09291583 -0.5643612 0.823668 -0.05538636 -0.5521826 0.8308737 -0.06887179 -2.23517e-7 1 -2.76014e-4 -3.21865e-6 1 -8.2776e-6 -8.15373e-6 1 6.3628e-6 -0.2888829 0.9448559 -0.1542534 1.66672e-4 0.9503816 -0.3110867 -0.2887997 0.9448691 -0.1543291 4.91738e-5 1 -6.36019e-5 0 1 -3.82223e-7 9.93907e-6 0.9495453 -0.3136299 1.32677e-5 1 1.64062e-5 -8.8606e-6 1 1.63554e-5 6.03625e-6 0.9495553 -0.3135999 -5.53206e-6 0.9503788 -0.3110952 9.00775e-6 1 -3.72529e-7 0.6952384 0.7071069 0.1290097 -1.7792e-5 1 5.30481e-6 -1.93715e-5 1 -1.56909e-5 0.7110659 0.6962557 -0.09804797 -2.26766e-4 0.9495564 -0.3135963 -2.48998e-5 1 -7.86781e-6 0.695242 0.7070996 0.1290308 0.7110642 0.6962553 -0.09806293 -1.07884e-5 1 -1.88202e-5 0.6952388 0.7070989 0.1290515 -6.76513e-6 1 2.4911e-5 -1.98279e-6 1 -2.09045e-5 0.6952288 0.7071103 0.1290426 2.05338e-5 1 -8.3223e-6 4.05287e-5 1 -1.14469e-4 0.6952293 0.7071118 0.1290321 0.6951995 0.7071117 0.1291927 2.06232e-5 1 -1.90362e-5 0 1 3.8689e-7 0.5782887 0.7177745 0.3877914 -2.2471e-5 1 3.17991e-5 -1.3411e-6 1 -3.20375e-5 0.5783179 0.7177845 0.3877291 0.6952434 0.7071012 0.1290132 -1.29938e-5 1 5.17815e-6 0.5782843 0.7178078 0.3877362 9.53674e-7 1 -1.04606e-5 1.54413e-6 1 -1.14162e-5 0.2552021 0.9668878 -1.41002e-6 4.50015e-6 1 1.12772e-5 4.5076e-6 1 6.67572e-6 0.610397 0.6844995 0.3985927 0.5782864 0.717813 0.3877233 -8.61287e-6 1 3.32519e-5 0.03738737 0.9993008 -1.13081e-5 1.32099e-5 1 5.28432e-6 0.2552018 0.9668879 8.15652e-6 0.6104044 0.6844952 0.3985886 3.8743e-7 1 -1.50055e-5 0.03739064 0.9993008 -2.0884e-5 3.30061e-6 0.9766314 -0.2149215 2.64496e-7 1 9.13441e-6 -7.88667e-6 0.9777414 -0.209814 0.2588109 0.9406974 -0.2193294 8.58307e-6 1 6.52671e-6 1.07884e-5 0.9766255 -0.2149482 0.2588753 0.940673 -0.2193582 0.2552654 0.9668712 3.11583e-5 5.64158e-5 1 -7.21514e-5 -1.01253e-5 0.9495546 -0.313602 2.62633e-6 0.8045353 -0.593905 2.45316e-6 0.9503781 -0.3110973 0.7110694 0.6962468 -0.09808623 1.3262e-5 0.8045594 -0.5938723 -2.09197e-4 0.9495632 -0.3135758 1.44673e-4 0.8044849 -0.5939732 3.33488e-4 0.8044123 -0.5940713 0.4579926 0.4887251 -0.7425568 -1.6883e-5 0.8045378 -0.5939015 -2.49147e-5 0.8045282 -0.5939145 0.5833184 0.5037627 -0.6371522 0.4579764 0.4887381 -0.7425583 2.2023e-5 0.8045393 -0.5938994 0.7110775 0.6962364 -0.09810024 0.5833296 0.5037779 -0.6371298 2.65837e-5 0.804547 -0.5938891 1.14972e-6 0.8045377 -0.5939016 1.01048e-6 0.8045376 -0.5939017 1.35647e-6 0.8045379 -0.5939015 0.4580103 0.4887447 -0.742533 6.15418e-6 0.8045461 -0.5938902 6.88434e-6 0.804547 -0.5938891 0.4579917 0.4887256 -0.7425571 0.325842 0.4623855 -0.8246374 4.20213e-6 0.8045362 -0.5939037 0.4579809 0.488747 -0.7425497 5.81145e-7 0.8045285 -0.593914 1.62255e-5 0.8045417 -0.5938962 0.830599 1.69575e-5 0.5568712 0.9260154 1.508e-5 0.3774858 0.6952394 0.7070986 0.1290494 0.5782708 0.7178115 0.3877496 0.8305874 1.61231e-5 0.5568883 0.6952488 0.7070921 0.1290346 0.9206823 -5.77245e-6 0.390313 0.9260198 3.1665e-7 0.3774749 0.8305818 6.41495e-6 0.5568968 0.8227519 -9.29832e-6 0.5684006 0.830586 2.8057e-6 0.5568906 0.5783163 0.7177861 0.3877286 0.8227352 -1.96928e-6 0.5684248 0.9206785 -1.68383e-6 0.390322 0.8305807 4.19654e-6 0.5568984 0.8227486 3.12179e-6 0.5684057 0.5783196 0.717785 0.3877257 0.8147689 -6.93202e-5 0.5797861 0.6104024 0.6844959 0.3985905 0.8147956 -5.48065e-5 0.5797486 0.5782761 0.7178108 0.3877429 0.8147876 -8.04225e-6 0.5797596 0.8147876 5.19276e-6 0.5797596 0.920677 -7.86036e-7 0.3903256 0.8227365 1.20401e-5 0.568423 0.8147919 -1.26027e-5 0.5797536 0.920689 -1.49198e-5 0.3902971 0 -1 2.61702e-7 0.8207485 3.2565e-7 0.5712898 0.8147891 -1.70156e-7 0.5797576 0.8147892 3.62105e-5 0.5797575 0.8450787 1.56592e-6 0.5346421 0.8490031 1.95755e-4 0.528388 0.8147812 8.74163e-7 0.5797687 0.8260187 -2.59941e-6 0.5636428 0.814786 -7.22866e-7 0.579762 0.8207459 2.47732e-7 0.5712935 0.8356372 2.03194e-6 0.5492818 0.8148034 1.35228e-6 0.5797373 0.8260158 1.19925e-6 0.5636469 0.8450805 -1.73575e-6 0.5346392 0.8147855 -3.31539e-6 0.5797626 0.8356825 5.22804e-6 0.5492131 0.6077326 0.6240923 0.4910906 0.8147802 5.9353e-5 0.57977 0.6119072 0.6843848 0.3964683 0.8259944 6.82473e-6 0.5636784 0.8207358 -4.2662e-5 0.5713081 0.8147902 1.02922e-4 0.579756 0.6077296 0.6240905 0.4910967 0.8259947 -2.98023e-7 0.563678 0.8147993 3.19406e-5 0.5797432 0.1898413 -0.9384316 0.2886284 0.3685124 -0.8737773 0.3173513 0.1864733 -0.9663465 0.177207 -1.4957e-6 -0.9921872 0.1247582 0.1864708 -0.9663484 0.1771993 -3.53158e-6 -1 -3.83705e-7 4.03821e-6 -0.9921869 0.1247611 0.1898472 -0.9384346 0.2886151 0.1864662 -0.9663521 0.1771834 0 -0.9921545 0.1250178 1.96515e-6 -1 -1.30311e-5 0 -1 -1.29938e-5 8.2405e-7 -0.9921529 0.1250311 -1.17347e-6 -0.9921888 0.1247457 -1.07847e-6 -1 3.20375e-7 0.03741008 -0.9993001 0 -2.09995e-5 -1 1.1475e-6 -2.10004e-5 -1 1.53668e-7 0.2003923 -0.9797158 2.90537e-4 3.85493e-5 -0.9921557 0.1250083 5.23794e-5 -1 -5.84125e-6 0.07507753 -0.9971777 3.34543e-6 0.200527 -0.9796882 0 1.12876e-5 -1 5.65778e-7 0.03739035 -0.9993008 4.33996e-7 0.07504594 -0.9971802 1.54943e-6 -6.63102e-6 -1 -2.08942e-6 0.03738242 -0.999301 -1.28411e-5 -2.7135e-5 -1 -9.2145e-6 0.07808029 -0.9965417 0.02842646 0.1159842 -0.992814 0.0294649 0.07807695 -0.9965422 0.02842026 0.1566217 -0.9859009 0.05890089 0.1159737 -0.9928145 0.02949035 0.0750457 -0.9971802 -1.23475e-5 0.07805168 -0.9965444 0.0284146 0.0373786 -0.9993012 -3.46825e-6 0.07806956 -0.9965428 0.02842098 0.07504409 -0.9971803 -4.42006e-6 0.1161887 -0.9927983 0.02918601 0.1570063 -0.9858745 0.05831426 0.1526718 -0.9825552 0.106192 0.09216797 -0.9935705 0.06574845 0.1526593 -0.9825583 0.1061811 0.1080915 -0.9857596 0.1288192 0.0750842 -0.9971773 -6.48807e-5 0.1526659 -0.9825557 0.1061961 0.09215158 -0.9935711 0.06576269 0.1161764 -0.9928001 0.02917665 0.1526548 -0.9825589 0.1061826 0.07508122 -0.9971774 -5.76302e-5 0.7347213 -0.6472129 0.2032242 0.1080671 -0.9857587 0.1288463 0.2438632 -0.9252315 0.2906501 0.7347306 -0.6471969 0.2032417 0.09219741 -0.9935667 0.06576466 0.1080744 -0.9857611 0.1288214 0.4893181 -0.7307845 0.4759432 0.2438852 -0.9252359 0.2906178 0.2800261 -0.9001279 0.3336992 0.7579521 -0.5084348 0.4086599 0.2439205 -0.9252274 0.2906149 0.4893295 -0.7307827 0.4759342 0.7347414 -0.6471814 0.203252 0.2438741 -0.925241 0.2906107 0.7579789 -0.5083919 0.4086635 0.65866 -0.7524408 1.78441e-5 8.85129e-6 -1 -2.51583e-5 8.85129e-6 -1 4.18723e-6 0.2906864 -0.9568184 9.56655e-6 1.20997e-5 -1 -1.04699e-5 0.6586421 -0.7524564 4.36231e-5 0.9467154 -1.38097e-5 0.3220717 0.8799899 -1.37985e-5 0.4749925 0.8490146 -2.32412e-6 0.5283694 0.9467104 4.07756e-6 0.3220865 0.959041 2.54251e-6 0.2832676 0.87999 -1.50688e-6 0.4749924 0.9467217 2.05263e-6 0.3220529 0.8490035 2.35264e-6 0.5283874 0.8450793 2.95229e-6 0.534641 -3.86097e-4 -0.9978699 0.06523537 0.1247913 -0.9677325 0.218909 0.2301313 -0.9578501 0.1719381 -4.05293e-4 -0.9978689 0.06525093 0.2301164 -0.9578558 0.1719267 0.3974388 -0.9176287 2.76859e-5 0.6121987 -0.790704 -2.89492e-5 0.3973931 -0.9176486 -8.44127e-6 0.2005525 -0.979683 -2.88896e-6 -3.78579e-4 -0.9978678 0.06526887 0.3974553 -0.9176216 7.01845e-6 0.2035434 -0.9775419 -0.05460834 0.4908628 -0.8712369 -6.33113e-5 0.2035683 -0.9775381 -0.05458384 0.3974264 -0.9176341 3.1963e-5 0.4910113 -0.8711532 -2.06754e-6 0.3974102 -0.9176412 9.223e-6 0.612196 -0.7907061 -7.78772e-6 0.6121895 -0.7907111 -2.06232e-5 0.2005352 -0.9796866 -7.85198e-6 0.07504212 -0.9971804 8.64267e-7 -3.98196e-4 -0.9978681 0.06526219 0.2035403 -0.9775437 -0.0545879 2.04891e-6 -0.9942655 -0.1069401 0.4908726 -0.8712313 -1.11237e-4 2.10917e-5 -0.9942631 -0.1069626 0.2035727 -0.9775369 -0.05458831 2.82517e-6 -0.9993579 0.03583049 -6.19888e-6 -0.9978529 0.06549555 -5.51343e-7 -0.994265 -0.106945 8.31671e-7 -0.9897218 -0.1430059 6.92904e-7 -0.994262 -0.1069722 -1.86265e-7 -0.9601884 -0.2793536 0.4908575 -0.8712399 -7.32951e-5 9.2864e-5 -0.9601602 -0.2794502 -1.64211e-5 -0.9942625 -0.1069682 3.69921e-6 -0.9897213 -0.1430094 -3.07336e-6 -0.9993574 0.03584676 -5.52647e-6 -0.9942625 -0.106969 3.77698e-6 -0.9993576 0.03583949 1.65962e-6 -0.9897442 0.1428509 0 -0.9978516 0.06551694 -6.09085e-7 -0.9279776 -0.3726361 2.65266e-6 -0.8934679 -0.4491271 0 -0.8934679 -0.4491271 0 -0.8935039 -0.4490558 -0.3957623 -0.5398079 -0.7429534 -3.38256e-6 -0.9279733 -0.3726468 2.76754e-6 -0.8934727 -0.4491174 0 -0.8934919 -0.4490795 -0.392053 -0.5449553 -0.7411601 -3.10093e-5 -0.8934797 -0.4491039 -5.12167e-5 -0.8934885 -0.4490862 0 -0.8934761 -0.4491109 0 -0.8934762 -0.4491108 0 -0.8934758 -0.4491113 -6.36127e-5 -0.8934559 -0.4491512 -1.83462e-5 -0.8934785 -0.4491061 -1.83371e-5 -0.8934785 -0.4491061 -1.83509e-5 -0.8934785 -0.4491061 -0.3920474 -0.5449644 -0.7411563 -0.3956859 -0.539911 -0.7429191 -1.4022e-5 -0.8934794 -0.4491044 -5.70295e-6 -0.9561198 -0.292976 7.86036e-7 -0.9601869 -0.2793588 -1.08033e-6 -0.8934849 -0.4490935 0.3436595 -0.9070349 -0.2432814 -6.57141e-6 -0.8934781 -0.4491067 9.05469e-5 -0.960154 -0.2794717 7.06397e-6 -0.9279804 -0.3726292 -4.41633e-6 -0.9561182 -0.2929813 4.60073e-7 -0.893471 -0.4491211 -3.96562e-5 -0.89347 -0.4491229 -4.38474e-5 -0.8934753 -0.4491125 -3.75714e-5 -0.8934674 -0.4491282 0.6013871 -0.7490676 -0.2779054 -3.66569e-6 -0.8934652 -0.4491324 -1.17421e-5 -0.8934786 -0.4491057 0.6014045 -0.7490561 -0.2778987 1.3452e-5 -0.8934853 -0.4490926 0.3436444 -0.9070388 -0.2432882 -1.78069e-6 -0.9561285 -0.2929477 3.05474e-7 -0.9897223 -0.1430032 -3.73996e-6 -0.9601803 -0.2793812 0.6305746 -0.7761287 -1.86823e-5 7.89934e-5 -0.9601522 -0.2794777 0.4908488 -0.8712448 -6.07967e-5 0.3436626 -0.9070338 -0.2432817 9.0003e-5 -0.9601648 -0.2794345 0.630562 -0.7761389 -1.46143e-5 -0.6962583 -0.7173311 0.02570074 -1.92821e-5 -0.9897462 0.1428381 4.83397e-6 -0.9993585 0.03581416 1.91629e-5 -0.9561247 -0.2929599 -2.19941e-5 -0.9993643 0.03565478 3.21656e-4 -0.9897685 -0.1426828 -0.6962385 -0.7173521 0.02565026 -4.11272e-5 -0.9993633 0.03567951 1.2666e-5 -0.956119 -0.2929792 -0.3957409 -0.5398105 -0.7429629 -1.06543e-5 -0.9561299 -0.2929433 3.32389e-6 -0.9279769 -0.372638 -0.4058369 -0.6182277 -0.6731203 -6.16163e-6 -0.956114 -0.2929952 -0.3957253 -0.5398144 -0.7429683 -0.6962403 -0.7173507 0.02564251 -2.72691e-6 -0.9561284 -0.2929482 -0.4059171 -0.6182339 -0.6730663 4.69107e-6 -0.9730041 -0.2307883 6.01007e-6 -0.8934751 -0.4491131 -5.46585e-6 -0.8934751 -0.4491131 -0.5227383 -0.6273818 -0.5771799 -0.392062 -0.5449624 -0.7411502 2.02917e-5 -0.8934705 -0.449122 -0.3976744 -0.7864304 -0.4726334 -0.5227415 -0.6273773 -0.577182 4.83543e-6 -0.8934697 -0.4491235 -0.273505 -0.9058873 -0.3233625 -0.3976755 -0.7864376 -0.4726206 -1.20066e-5 -0.8934732 -0.4491167 -0.1416413 -0.9756923 -0.1672194 -0.2735232 -0.9058772 -0.3233755 -7.59587e-6 -0.8934769 -0.4491094 8.81404e-6 -0.9730031 -0.2307921 -0.1416428 -0.9756894 -0.167235 -6.33299e-6 -0.8934745 -0.449114 -6.19515e-6 -0.973004 -0.2307882 5.63417e-6 -0.973004 -0.2307882 -4.55091e-6 -0.8934751 -0.4491131 0.6416847 -0.716779 -0.2728897 1.74344e-5 -0.8934684 -0.4491261 -3.69251e-5 -0.8934877 -0.4490877 0.4929007 -0.869534 0.03097605 -1.6951e-5 -0.8934702 -0.4491226 0.6416729 -0.7168006 -0.2728606 3.42057e-5 -1 -4.04492e-5 3.19941e-5 -0.9730166 -0.2307352 1.7771e-5 -0.8934896 -0.4490839 0.3084717 -0.9511846 0.009645581 -8.55327e-6 -1 -2.48509e-5 -2.23913e-6 -0.8934831 -0.4490969 0.4929267 -0.8695194 0.03097248 0.3084624 -0.9511877 0.00964272 1.74046e-5 -0.8934925 -0.449078 0.6416517 -0.716822 -0.272854 -7.53999e-6 -0.8934817 -0.4490997 -5.61774e-6 -0.8934761 -0.4491109 0.6416536 -0.7168113 -0.2728777 -1.8422e-5 -0.8934646 -0.4491338 0.6013596 -0.7491371 -0.2777774 -0.6427913 -2.47657e-5 -0.7660415 -0.6427915 -2.51206e-5 -0.7660412 -0.395659 -0.5398965 -0.742944 -0.4058518 -0.6182451 -0.6730955 -0.3957233 -0.5398166 -0.7429678 -0.642767 -3.03388e-5 -0.7660618 -0.3920567 -0.5449594 -0.741155 -0.6427947 -2.05934e-5 -0.7660385 -0.3956828 -0.5399008 -0.7429282 -0.6427785 -1.18355e-4 -0.7660522 -0.6427738 1.41874e-4 -0.7660561 -0.6427738 1.41878e-4 -0.7660561 -0.6427738 1.41875e-4 -0.7660561 -0.4058339 -0.6182133 -0.6731354 -0.6427852 -1.20401e-5 -0.7660466 -0.6428069 7.9155e-5 -0.7660284 -0.5620421 -0.4847369 -0.6701782 -0.6427884 -1.10231e-5 -0.766044 -0.3920436 -0.544939 -0.741177 -0.6427739 -7.19726e-6 -0.766056 -0.642803 -7.65093e-6 -0.7660317 -0.5622225 -0.4847212 -0.6700382 -0.6425517 1.68861e-4 -0.7662424 -0.5620702 -0.4847081 -0.6701754 -0.3920364 -0.5449579 -0.7411669 -0.5227523 -0.6273888 -0.5771598 -0.5226135 -0.5822102 -0.6228213 -0.503508 -0.6216126 -0.6000646 -0.397023 -0.7864395 -0.4731658 -0.5226086 -0.5822194 -0.622817 -0.5622196 -0.4847367 -0.6700296 -0.5034945 -0.621644 -0.6000433 -0.3869659 -0.7984846 -0.4611722 -0.3970284 -0.7864385 -0.4731627 -0.2721703 -0.9059321 -0.3243614 -0.386958 -0.7984926 -0.4611648 -0.5226077 -0.5822052 -0.6228309 -0.3970221 -0.7864454 -0.4731565 -0.2072734 -0.9465796 -0.2470321 -0.2721845 -0.9059209 -0.3243811 -0.1402826 -0.975894 -0.1671882 -0.2072591 -0.9465855 -0.2470219 -0.3869525 -0.7984983 -0.4611596 -0.2721798 -0.9059255 -0.3243719 5.54696e-6 -0.9730009 -0.2308017 1.2666e-5 -1 1.34669e-5 -0.1416141 -0.9756948 -0.1672279 -0.2072794 -0.9465844 -0.247009 -0.1402822 -0.9758961 -0.1671762 -6.03497e-6 -1 -1.15111e-5 -6.18403e-6 -1 -1.50353e-5 5.47494e-6 -1 -1.51619e-5 -4.19142e-6 -0.9730013 -0.2307999 -1.48267e-6 -1 -1.73855e-5 -0.2072846 -0.9465776 -0.2470302 -4.40329e-6 -1 -1.54525e-5 0 -1 -9.53973e-7 4.07966e-6 -1 -7.91252e-6 6.35359e-6 -0.973003 -0.230793 -3.95102e-5 -0.9730029 -0.2307928 -0.6316248 -0.1856153 -0.7527265 -0.642787 -7.61636e-6 -0.766045 -0.5622419 -0.4847013 -0.6700363 -0.567988 -0.468158 -0.6769178 -0.6316233 -0.1856065 -0.7527299 -0.562215 -0.4847254 -0.6700416 -0.522607 -0.5822102 -0.6228269 -0.567991 -0.4681789 -0.6769009 -0.5622327 -0.4847041 -0.6700421 -0.6427766 -1.85966e-5 -0.7660538 -0.642776 -1.76709e-5 -0.7660542 -0.4957662 -0.1564406 -0.8542495 -0.6427774 9.82848e-6 -0.766053 -0.6427775 9.92988e-6 -0.766053 -0.6427774 9.80319e-6 -0.766053 -0.6427713 -4.17233e-7 -0.7660583 -0.4957774 -0.1564323 -0.8542445 -0.2931775 -0.4849382 -0.8239429 -0.642755 -1.99974e-5 -0.7660718 -0.2931916 -0.4849181 -0.8239497 -0.201764 -0.6254361 -0.7537381 -0.3530793 -0.6945808 -0.6268115 -0.2017683 -0.6254154 -0.7537541 1.02613e-5 -0.8659434 -0.5001421 -0.6427918 -2.674e-5 -0.766041 -0.2017757 -0.6253934 -0.7537703 -0.6427956 -2.8491e-5 -0.7660378 -0.3530798 -0.6945832 -0.6268084 -0.6428045 9.25362e-6 -0.7660303 -0.2017824 -0.6254288 -0.7537392 5.73695e-7 -0.9664593 -0.2568201 4.87361e-6 -0.8659392 -0.5001493 -1.71713e-6 -0.9676079 -0.2524583 -2.21953e-5 -0.9664489 -0.2568595 -0.3530456 -0.6945937 -0.6268161 3.01152e-5 -0.8659331 -0.50016 -1.0577e-5 -0.9664637 -0.2568033 -4.18571e-6 -0.9675995 -0.2524904 -9.0003e-6 -1 -1.11051e-5 5.59911e-6 -0.9664538 -0.2568405 -1.48801e-6 -1 -2.14577e-5 5.03287e-6 -1 -2.14577e-5 -0.642789 -6.63474e-6 -0.7660433 -0.6427888 -6.65881e-6 -0.7660435 -0.6427889 -6.6479e-6 -0.7660434 -0.905395 5.38081e-5 -0.4245703 -0.6427844 -1.31875e-6 -0.7660472 -0.6427909 1.75685e-5 -0.7660419 -0.6427847 -7.16815e-5 -0.766047 -0.6427847 -7.16826e-5 -0.7660469 -0.6427848 -7.16854e-5 -0.7660468 -0.6428004 0 -0.7660338 -0.9053604 2.88244e-6 -0.4246442 -0.6427953 -1.42503e-5 -0.766038 -0.6427981 1.02589e-5 -0.7660356 -0.642789 -7.05011e-6 -0.7660434 -0.6427899 -6.83963e-6 -0.7660427 -0.64279 -6.88434e-6 -0.7660425 -0.6555781 -0.656554 -0.3730338 -0.6428028 -1.78814e-6 -0.7660317 -0.6428073 7.94418e-7 -0.766028 -0.6427916 -2.60398e-5 -0.7660412 -0.6427915 -2.62e-5 -0.7660413 -0.6427919 -2.62195e-5 -0.766041 -0.9053961 7.92891e-5 -0.4245681 -0.6427795 -5.83529e-5 -0.7660513 -0.996192 2.4274e-4 -0.08718734 -0.869319 -0.4546723 -0.193798 -0.9961924 2.58669e-4 -0.08718174 -0.6427878 -2.24095e-5 -0.7660443 -0.6555599 -0.6565713 -0.3730355 -0.8693156 -0.4546676 -0.1938244 -0.6427839 1.04681e-5 -0.7660476 -0.6427881 1.19954e-6 -0.7660441 -0.6427878 8.74512e-7 -0.7660443 -0.6427887 8.64267e-7 -0.7660436 -0.655532 -0.6565907 -0.3730505 -0.6428002 -2.0355e-5 -0.766034 -0.6427748 -2.54214e-5 -0.7660552 -0.4614038 -0.6962054 -0.5499133 -0.6428098 7.24196e-6 -0.7660258 -0.6427965 6.13377e-6 -0.766037 -0.4542847 -0.7074794 -0.5413857 -0.642778 -3.8743e-7 -0.7660526 -0.4614148 -0.6962104 -0.5498978 -0.6555335 -0.6565827 -0.3730617 -0.6427904 -2.30471e-5 -0.7660421 -0.4546015 -0.7071003 -0.5416149 -0.4615205 -0.6960299 -0.5500375 -0.6427831 7.00355e-6 -0.7660484 -0.6427896 -8.81553e-5 -0.7660428 -0.6428729 8.27289e-5 -0.765973 -0.4615152 -0.6960234 -0.5500502 -0.6428061 -5.18113e-5 -0.766029 -0.6428064 3.12179e-6 -0.7660287 -0.6428608 2.45412e-5 -0.7659831 -0.8004242 -0.4031718 -0.4435919 -0.6427849 3.29316e-6 -0.7660468 -0.642796 2.08467e-5 -0.7660375 -0.4615249 -0.6960107 -0.5500582 -0.6428067 5.48735e-6 -0.7660285 -0.8004057 -0.40311 -0.4436813 -0.6427909 -8.58814e-5 -0.7660418 -0.9362996 -0.3512025 -1.02073e-5 -0.6427938 2.99811e-5 -0.7660393 -0.6427714 -2.04146e-5 -0.7660581 -0.7280464 -0.6855278 -1.28821e-5 -0.8004051 -0.4031745 -0.4436237 -0.6427641 -3.8445e-6 -0.7660643 -0.8522816 -0.5230832 1.14739e-6 -0.7280637 -0.6855096 1.72406e-5 -0.6428078 1.89841e-5 -0.7660275 -0.9363008 -0.3511992 1.0699e-5 -0.8522736 -0.5230964 -2.98619e-5 -0.6427777 -1.63913e-7 -0.7660529 -0.6424987 1.89255e-4 -0.7662868 -0.9363108 -0.3511727 -8.79168e-6 -0.6427995 -8.37073e-6 -0.7660345 -0.6428012 5.99772e-6 -0.7660331 -0.6426415 0 -0.7661671 -0.6426415 0 -0.7661671 -0.6426416 0 -0.7661671 -0.6430057 -8.80552e-5 -0.7658614 -1 2.39424e-4 -1.10272e-5 -0.642799 -2.12751e-5 -0.7660349 -0.6428017 -2.14931e-5 -0.7660327 -1 2.29724e-4 -1.41263e-5 -0.9363109 -0.3511723 2.70307e-5 -0.6427916 5.40167e-6 -0.7660412 -0.6427931 8.74777e-5 -0.7660399 -0.9361975 0.3514745 9.46224e-6 -0.642794 -2.42591e-5 -0.7660391 -0.6427617 4.70132e-5 -0.7660662 -0.9361833 0.3515123 -5.87106e-6 -1 2.25082e-4 -2.7895e-5 -0.6428056 -6.482e-6 -0.7660294 -0.6428604 -2.5222e-5 -0.7659834 -0.8521921 0.5232291 1.30981e-5 -0.6428154 -4.25577e-5 -0.7660211 -0.6428165 -4.80115e-5 -0.7660202 -0.8521865 0.5232384 1.90437e-5 -0.9362019 0.3514626 -4.47035e-7 -0.642782 6.13928e-6 -0.7660492 -0.6427924 -6.39295e-5 -0.7660405 -0.6427923 -6.39316e-5 -0.7660406 -0.6427924 -6.39307e-5 -0.7660406 -0.4474221 0.7180019 -0.5331856 -0.6427998 -9.6634e-6 -0.7660343 -0.642816 8.77529e-5 -0.7660207 -0.7995775 0.3965184 -0.4510533 -0.6428021 6.67572e-6 -0.7660324 -0.4474259 0.7180294 -0.5331454 -0.8521885 0.5232349 8.13603e-6 -0.642786 1.44797e-6 -0.7660459 -0.7996072 0.3965724 -0.4509533 -0.6427942 -4.32427e-5 -0.7660389 -0.6427943 -4.32285e-5 -0.766039 -0.6427943 -4.32229e-5 -0.766039 -0.4473989 0.7180248 -0.5331743 -0.6428222 7.42376e-5 -0.7660154 -0.6427915 -1.61986e-5 -0.7660412 -0.6427885 9.90927e-7 -0.7660439 -0.6427885 1.32248e-7 -0.7660437 -0.6427879 4.88013e-7 -0.7660443 -0.4614235 0.6962168 -0.5498823 -0.6427721 9.59635e-6 -0.7660576 -0.6427722 6.66568e-6 -0.7660575 0 0 -1 -0.4475311 0.717841 -0.5333108 -0.6427987 -2.38419e-7 -0.7660353 -0.4614273 0.696212 -0.5498852 -0.6427881 1.53389e-6 -0.7660441 -0.642788 1.53552e-6 -0.7660442 -0.6427878 1.49664e-6 -0.7660443 -0.4615531 0.6960178 -0.5500255 -0.6428005 -4.47035e-7 -0.7660336 -0.6427767 1.08182e-5 -0.7660536 -0.6428177 1.09639e-4 -0.7660192 -0.6562775 0.6562255 -0.3723816 -0.6427888 2.03848e-5 -0.7660436 -0.6427722 2.90945e-5 -0.7660575 -1.46527e-7 0 -1 -0.6562743 0.6562329 -0.3723741 -0.4615527 0.6960123 -0.5500327 -0.6427991 -1.27889e-5 -0.7660348 -0.6427873 2.38143e-5 -0.7660447 -0.6427872 2.38093e-5 -0.7660448 -0.6427873 2.3814e-5 -0.7660447 -0.8698934 0.4538504 -0.1931463 -0.6427829 -1.05053e-5 -0.7660485 -0.6427725 2.35327e-5 -0.7660573 -0.8698759 0.4538862 -0.193141 -0.6562524 0.6562437 -0.3723938 -0.6427867 -6.04987e-6 -0.7660452 -0.6428129 0 -0.7660233 -0.6428129 0 -0.7660233 -0.6428129 0 -0.7660232 -0.7235974 7.9177e-7 -0.6902223 -0.6427773 2.93704e-6 -0.7660531 -0.6427778 2.94314e-6 -0.7660529 -0.6428247 -2.39719e-5 -0.7660134 -0.6428247 -2.38814e-5 -0.7660133 -0.6428247 -2.39286e-5 -0.7660134 -0.6427881 -1.92493e-7 -0.7660441 -0.6427881 -1.40164e-7 -0.766044 -0.6427882 0 -0.7660441 -0.6427911 -2.95267e-6 -0.7660415 -0.6427911 -3.01498e-6 -0.7660416 -0.6427911 -2.94478e-6 -0.7660415 -0.6427877 5.41052e-6 -0.7660444 -0.6427878 5.4189e-6 -0.7660443 -0.6427878 5.42426e-6 -0.7660443 -0.9076421 4.39584e-6 -0.419745 -0.8698868 0.4538645 -0.1931422 -0.6427909 -8.41916e-6 -0.7660417 -0.9047925 1.4011e-6 -0.4258527 -0.907629 3.35705e-5 -0.4197736 -0.6428012 5.69969e-6 -0.7660331 -0.7235904 -6.24917e-6 -0.6902297 -0.9047865 9.42173e-6 -0.4258655 -0.642803 -1.20187e-6 -0.7660316 -0.454904 -0.706529 -0.5421063 -0.6428055 -2.19047e-5 -0.7660295 -0.6428067 -2.36137e-5 -0.7660286 -0.4475381 -0.7177857 -0.5333793 -0.7251185 -2.87592e-5 -0.6886242 -0.6428034 1.17029e-5 -0.7660312 -0.4548928 -0.7065406 -0.5421006 -0.4475132 -0.7178468 -0.5333179 -0.6427716 -5.93066e-6 -0.766058 -0.4544951 -0.7070977 -0.5417076 -0.6427699 2.05636e-5 -0.7660593 -0.642767 2.19718e-5 -0.7660618 -0.3530836 -0.6945993 -0.6267885 -0.6428086 -1.03116e-5 -0.7660268 -0.6427768 -5.08549e-6 -0.7660536 -1.93952e-6 0 -1 -0.3530312 -0.6945946 -0.6268232 -0.4545183 -0.7070949 -0.541692 -0.6427795 2.24002e-5 -0.7660512 -0.4058268 -0.6182317 -0.6731228 -0.6428139 6.17206e-5 -0.7660225 -0.6427834 -1.28214e-4 -0.766048 -0.7997294 -1.92854e-6 -0.6003608 -0.6427868 -8.55723e-6 -0.7660452 -0.6427866 -1.14739e-6 -0.7660453 -0.9105502 -1.81794e-6 -0.4133986 -0.6427905 -1.3541e-5 -0.7660421 -0.7997246 -1.51827e-7 -0.600367 -0.6962321 -0.7173592 0.0256257 -0.4059054 -0.6182404 -0.6730674 -0.6428623 -1.51694e-5 -0.7659817 -0.6428155 -7.87734e-5 -0.7660211 -0.3956242 0.5386955 -0.7438338 -0.6427809 7.39098e-6 -0.7660501 -0.6427749 5.49864e-6 -0.7660551 -0.3881438 0.5491347 -0.7401321 -0.6428011 4.35114e-6 -0.7660331 -0.3956039 0.538723 -0.7438246 -0.7997272 2.98619e-5 -0.6003636 -0.6428202 1.70339e-5 -0.7660172 -0.3880464 0.5492498 -0.7400978 -0.6427884 -1.50881e-5 -0.7660439 -0.6427884 -1.50371e-5 -0.7660439 -0.6427882 -1.49941e-5 -0.766044 -0.4473804 0.7180176 -0.5331994 -0.6427874 -2.15471e-5 -0.7660447 -0.6427925 -1.60635e-5 -0.7660403 -0.3956086 0.5387533 -0.7438002 -0.6427989 -1.05798e-5 -0.7660351 -0.4473641 0.7180216 -0.5332077 -0.6427878 -9.11392e-6 -0.7660443 -0.6427875 -8.13417e-6 -0.7660446 -0.642787 -7.15256e-6 -0.766045 -0.4473979 0.7180079 -0.5331978 -0.6427952 1.46031e-5 -0.7660382 -0.6427962 -3.81164e-6 -0.7660373 -0.4545351 0.7071091 -0.5416591 -0.6427714 -2.0504e-5 -0.7660581 -0.6428292 -2.14326e-5 -0.7660096 -0.4475378 0.7178439 -0.5333012 -0.6428064 -1.46031e-5 -0.7660287 -0.4544963 0.707112 -0.541688 -0.9053648 1.90832e-5 -0.424635 -0.9063181 2.68814e-5 -0.4225965 -0.642804 -3.09199e-6 -0.7660308 -0.7071114 0.7071022 2.80514e-6 -0.6428031 -3.1352e-5 -0.7660316 -0.9062954 -4.79072e-6 -0.4226449 -0.7071065 0.7071071 -1.29193e-5 -0.454533 0.7071199 -0.5416469 -0.6427643 1.39065e-5 -0.7660642 -1 1.24362e-5 1.35601e-5 -1 -1.04559e-5 1.39177e-5 -0.9063126 2.81027e-6 -0.4226081 -0.7071154 0.7070983 2.08691e-5 -0.906309 3.8743e-6 -0.4226157 -1 2.20258e-6 1.19805e-5 -0.996254 2.70642e-6 -0.08647692 -1 -3.11737e-6 7.36862e-6 -0.9063037 -9.01613e-6 -0.4226272 -0.9053545 5.95247e-6 -0.4246566 -0.996251 1.824e-6 -0.08651083 -0.9063087 1.34438e-5 -0.4226164 -0.7071112 0.7071023 1.81508e-5 -0.7071112 0.7071023 1.81886e-5 -1 1.75238e-5 -1.27787e-5 -0.7071112 0.7071023 1.26502e-5 -1 1.76132e-5 -1.83345e-5 -1 1.75536e-5 -1.83727e-5 -0.8693207 -0.4546612 -0.1938163 -1 2.90066e-4 1.08334e-5 -0.9961953 2.14379e-4 -0.08714926 -0.7292911 -0.6842036 -1.60873e-4 -1 2.34012e-4 -1.41561e-5 -0.869338 -0.4546284 -0.1938154 -1 1.10269e-6 8.46215e-6 -1 1.112e-6 1.99676e-6 -0.728909 -0.6846107 -2.16048e-5 -0.707113 0.7071007 2.93702e-5 -6.86198e-6 1 -1.59815e-5 -0.4545123 0.7071011 -0.5416886 -0.4475233 0.7178408 -0.5333175 -0.4545187 0.7071107 -0.541671 7.89762e-6 1 -3.1516e-5 -1.51396e-5 1 1.82121e-5 -1.51992e-5 1 1.825e-5 -0.7071006 0.707113 2.24402e-5 -4.9494e-6 1 -2.66347e-5 -0.4474977 0.7178379 -0.533343 -3.55244e-5 1 -3.57628e-7 0 1 2.23129e-6 0 1 -3.60873e-6 0 1 3.73587e-6 -0.7071004 0.7071132 -1.83114e-5 -1.4931e-5 1 -2.23657e-5 -0.7071004 0.7071132 -1.82733e-5 6.66548e-6 0.9735875 -0.2283142 -0.4473729 0.7180218 -0.5332 8.13603e-6 1 -6.3777e-6 1.23307e-5 0.8924469 -0.4511527 -0.3955985 0.5387547 -0.7438046 -0.4473755 0.7180206 -0.5331994 -2.864e-5 0.9735895 -0.2283055 2.60025e-6 0.8924364 -0.4511734 -0.4474076 0.7180059 -0.5331923 -1.02294e-5 0.972737 -0.2319113 3.64333e-6 0.9735972 -0.2282726 -8.76631e-6 1 -7.31647e-6 -5.70239e-6 1 1.7114e-5 7.19028e-6 0.9727426 -0.2318878 1.17586e-6 1 1.69352e-5 -0.3881013 0.5491444 -0.7401472 -0.3956281 0.5387144 -0.7438181 -5.126e-6 0.8924403 -0.4511656 1.07712e-5 0.8924512 -0.4511438 7.04452e-6 0.8924512 -0.451144 -2.93367e-7 0.9736043 -0.2282428 0 0.8924 -0.4512453 0 0.8924 -0.4512453 0 0.8924 -0.4512453 -4.4006e-6 0.892448 -0.4511505 -0.3881374 0.5491299 -0.740139 -4.78327e-6 0.8924521 -0.4511421 7.71368e-6 0.892447 -0.4511525 1.04881e-6 0.8924449 -0.4511565 1.07e-6 0.8924449 -0.4511564 1.07312e-6 0.8924449 -0.4511564 -1.34205e-5 0.972739 -0.2319027 -8.25594e-6 0.8924414 -0.4511632 -2.16596e-6 0.9735992 -0.2282642 0.2887994 0.9573435 0.009409129 1.41859e-5 0.8924545 -0.4511374 1.24276e-5 0.9727331 -0.2319274 0.6429925 0.7146486 -0.2753871 -2.67625e-5 0.8924397 -0.4511668 1.98184e-5 0.8924467 -0.4511528 0.4935728 0.8691557 0.03089153 -4.76837e-7 0.8924388 -0.4511685 0.2888155 0.9573389 0.009375393 0.6433254 0.7144238 -0.2751927 -2.6159e-5 0.8924496 -0.4511473 0.4935837 0.8691493 0.0309 0.28883 0.9573345 0.009388566 8.89599e-6 0.9727373 -0.2319101 -1.07116e-5 1 -2.23368e-5 0.7032997 0.7108407 0.008667945 -2.03252e-5 1 3.024e-6 2.45571e-5 1 7.81119e-5 0.2888083 0.9573407 0.009409606 -1.02967e-5 1 2.82005e-6 0.7032936 0.7108465 0.008687794 -7.41299e-5 0.8924589 -0.4511287 -7.41148e-5 0.8924589 -0.4511287 -7.41271e-5 0.8924589 -0.4511287 -0.5930976 0.6145756 -0.520127 -2.27988e-5 0.8924222 -0.4512015 -7.35968e-5 0.8924184 -0.4512088 -1.63296e-4 0.8924407 -0.451165 -1.63296e-4 0.8924407 -0.451165 -1.63296e-4 0.8924406 -0.451165 -0.5931122 0.6146076 -0.5200725 -0.3880599 0.5492475 -0.7400925 -1.35899e-5 0.8924348 -0.4511763 1.655e-4 0.8924455 -0.4511552 1.65498e-4 0.8924455 -0.4511552 1.65498e-4 0.8924455 -0.4511552 -0.5931162 0.6145846 -0.5200952 -5.85914e-5 0.8924385 -0.451169 -1.05258e-5 0.8924432 -0.4511598 1.52728e-5 0.8924406 -0.451165 1.5303e-5 0.8924406 -0.451165 1.52979e-5 0.8924406 -0.4511651 -1.93082e-4 0.8924431 -0.4511601 -1.9308e-4 0.8924431 -0.45116 -1.93081e-4 0.8924431 -0.45116 2.18204e-5 0.9777237 -0.2098965 -0.4723141 0.8765211 -0.09289836 -0.2618315 0.9379279 -0.2274544 -7.41142e-5 0.8925164 -0.451015 -0.02303618 0.9106212 -0.4125995 -0.2618564 0.9379271 -0.2274292 -0.04608297 0.9113668 -0.4090073 -2.73436e-5 0.9090899 -0.4166002 7.22706e-6 0.9777259 -0.209886 -0.2618359 0.9379292 -0.2274444 -0.02304178 0.9106173 -0.4126079 -2.8722e-6 0.9090904 -0.416599 -0.2618532 0.9379233 -0.2274487 0.4659706 0.8479041 -0.2528441 -0.00413537 0.8909827 -0.4540185 5.57184e-4 0.8925413 -0.4509654 0.2202181 0.9484518 -0.2279103 -0.02226114 0.9106047 -0.4126786 -0.04225784 0.9130324 -0.4056921 0.4660035 0.8478829 -0.2528545 0.2447351 0.9343131 -0.2591599 -0.004146695 0.8909798 -0.4540241 0.4659956 0.8478888 -0.2528495 5.74544e-4 0.8925349 -0.4509781 0.001171052 0.8926162 -0.450816 0.6031782 0.7470272 -0.2795114 0.001150488 0.8926256 -0.4507973 2.30186e-5 0.8924258 -0.4511943 0.4659963 0.8478977 -0.2528184 0.001157283 0.892607 -0.4508342 0.6032018 0.7470003 -0.279532 0.6429746 0.7146747 -0.2753615 -1.5825e-5 0.8924319 -0.4511823 -2.16961e-5 0.8924536 -0.4511395 0.6031628 0.7470833 -0.2793943 1.94907e-5 0.8924455 -0.4511553 0.6430009 0.7146548 -0.2753517 -0.9143844 1.54227e-5 -0.4048473 -0.7997313 -1.60337e-5 -0.6003583 -0.3880364 0.549241 -0.7401096 -0.5930989 0.6146025 -0.5200939 -0.9143753 8.68738e-6 -0.4048678 -0.3880538 0.5492194 -0.7401165 -0.9105449 -9.05956e-6 -0.4134104 -0.7997127 2.63378e-6 -0.6003831 -0.9143891 -7.00806e-7 -0.4048367 -0.5643825 0.8236545 -0.05536782 -0.6466887 0.7608193 -0.05429422 -0.5521662 0.8308836 -0.06888347 -0.9761633 -7.07945e-6 -0.2170373 -0.9105402 3.73562e-7 -0.4134206 -0.9143844 1.30385e-7 -0.4048472 -3.519e-6 0.9766295 -0.2149303 7.07805e-6 0.9777494 -0.2097764 1.8999e-7 0.9090804 -0.4166209 0.2202087 0.9484539 -0.2279107 -7.23153e-5 0.9091066 -0.4165637 -0.02228033 0.910605 -0.4126769 0.2588731 0.9406756 -0.2193493 -3.64333e-6 0.9766279 -0.2149375 -2.80067e-5 0.9090905 -0.4165988 0.2202097 0.9484544 -0.2279076 0.2588432 0.9406773 -0.2193778 -5.90682e-5 0.9091181 -0.4165385 0.2588441 0.9406804 -0.2193632 0.4888318 0.8723781 1.20327e-5 0.2552756 0.9668684 3.38256e-5 0.07503694 0.9971808 1.17701e-5 0.2552138 0.9668847 -2.97278e-6 0.4888474 0.8723694 -5.1707e-6 0.07505649 0.9971793 9.04361e-6 0.03740489 0.9993003 2.1779e-6 0.2552203 0.966883 8.08388e-6 0.4992834 0.8664387 -1.07363e-5 0.4888564 0.8723643 -1.63149e-5 0.2588409 0.9406811 -0.2193637 0.4942284 0.8693321 -1.34083e-5 0.07506656 0.9971786 -1.02073e-5 0.4888474 0.8723694 -2.90573e-7 0.4942256 0.8693338 5.91576e-6 0.4888004 0.8723958 -3.28124e-5 0.4992454 0.8664607 -2.86922e-5 0.2202134 0.9484547 -0.2279028 0.4993025 0.8664279 1.48937e-5 0.2588548 0.9406806 -0.21935 0.6104183 0.6844953 0.3985671 0.03739017 0.9993008 -2.56747e-5 0.07505583 0.9971795 4.12017e-6 0.4993056 0.866426 -5.22472e-6 0.6236119 0.7817342 -4.64544e-6 0.0750783 0.9971777 5.36442e-6 0.7372562 0.6445859 0.2023919 0.07506638 0.9971786 -1.50129e-6 0.6235873 0.7817538 3.62098e-5 0.4942514 0.8693192 5.34579e-6 0.4993267 0.8664139 1.02911e-5 0.07506549 0.9971786 -2.0206e-5 0.1007151 0.9899522 0.09925317 0.6119078 0.6843888 0.3964605 0.07505488 0.9971795 -6.33672e-5 0.2438822 0.9252388 0.290611 0.1007194 0.9899534 0.0992363 0.07506734 0.9971785 -4.84474e-6 0.7372509 0.6445795 0.2024312 0.2438822 0.9252288 0.2906428 0.07509028 0.9971768 -3.31998e-5 0.7989395 0.6014114 2.89828e-6 0.9519374 0.3062928 -2.5481e-5 0.6236119 0.7817342 -7.00355e-7 0.9880602 0.1469899 0.04616379 0.6235954 0.7817474 3.54983e-5 0.9519458 0.3062668 6.05919e-5 0.7670367 0.6416034 1.80453e-5 0.7989382 0.6014134 0 0.6236122 0.7817338 9.92417e-6 0.4993236 0.8664157 -3.50922e-6 0.7670401 0.6415992 1.03191e-6 0.623584 0.7817565 -9.11579e-6 0.9880579 0.1470068 0.0461592 0.7372558 0.6445808 0.2024095 0.6236045 0.78174 3.01003e-6 0.465984 0.8478981 -0.2528398 0.9519279 0.3063223 7.9155e-5 0.8014416 0.5980731 4.33922e-5 0.9668112 0.254599 0.0213443 0.9880573 0.1470072 0.04617142 0.9519404 0.3062834 5.73061e-5 0.6031672 0.7470664 -0.2794301 0.9668148 0.2546031 0.0211296 0.9519332 0.3063061 2.5519e-4 0.4659954 0.8478868 -0.2528561 0.6031762 0.7470216 -0.2795303 0.9519459 0.3062666 3.54052e-5 0.4992244 0.8664728 1.22994e-4 0.801481 0.5980201 2.75671e-5 0.7670235 0.6416191 -1.01089e-4 0.2447549 0.9343059 -0.259167 0.8014554 0.5980545 5.44041e-5 0.4992253 0.8664723 7.79293e-5 0.4659802 0.8478944 -0.2528588 0.8014399 0.5980755 1.7114e-5 0.24475 0.934307 -0.2591678 0.1006923 0.9899533 0.09926557 0.1240952 0.972568 0.1967532 0.6118868 0.6843796 0.3965088 0.6077359 0.6241191 0.4910525 0.6118856 0.6843845 0.3965023 0.1240938 0.9725711 0.196739 0.1644216 0.965057 0.2040362 0.1241134 0.972559 0.1967867 0.1007266 0.9899525 0.09923833 0.5883692 0.7178115 0.3722478 0.6438767 0.6272883 0.4381006 0.1765041 0.9769684 0.1199128 0.5883593 0.7178115 0.3722634 0.1765059 0.9769653 0.1199359 0.07791966 0.9955807 0.05241888 1.50136e-7 0 -1 0.2197639 0.9397437 0.2618886 0.1644241 0.965057 0.204034 0.1007207 0.9899538 0.09923154 0.243893 0.9252288 0.2906339 0.2197701 0.9397377 0.2619047 0.1007198 0.9899506 0.09926396 0.8356493 -9.14931e-6 0.5492636 0.8259937 1.61525e-5 0.5636793 0.6438617 0.6272847 0.4381279 0.8450726 1.13547e-5 0.5346515 0.8356581 1.34036e-5 0.5492501 0.6438619 0.6273069 0.4380957 0.5883702 0.7178063 0.3722562 0.8450749 -1.36346e-5 0.5346481 0.6438552 0.6273055 0.4381077 0.5883775 0.7177969 0.3722627 0.07791471 0.9955812 0.05241638 -3.29316e-6 1 2.40691e-5 2.30595e-5 1 -3.38256e-6 0.5883786 0.7178067 0.3722422 2.26498e-6 1 2.3976e-5 0.2800199 0.9001285 0.3337029 0.2438706 0.9252376 0.2906247 0.7372505 0.6445813 0.2024271 0 1 -2.94525e-5 0.9901487 0.1117097 0.08441913 0.7372658 0.6445761 0.2023877 0.9880596 0.14699 0.04617482 0.4885171 0.7314314 0.4757721 0.2800064 0.9001314 0.3337065 0.7372678 0.6445657 0.2024141 0.7573471 0.5089901 0.4090898 0.4885231 0.7314343 0.4757617 0.7372452 0.6445904 0.2024176 0.9901474 0.11171 0.08443427 0.7573622 0.5089722 0.4090843 0.7372673 0.6445728 0.2023929 0.9668083 0.2546106 0.02133822 0.9801151 0.1959038 0.03156346 0.9880581 0.1470021 0.04616886 0.5746182 0.818208 0.01870214 0.987077 0.1528797 0.0480296 0.980113 0.195861 0.0318911 0.9960692 0.07206362 0.05150836 0.9901441 0.1117169 0.08446341 0.9880592 0.1469935 0.04617434 0.9907774 0.1262965 0.04908519 0.9960706 0.07204777 0.05150425 0.9880583 0.1470021 0.04616433 0.5745954 0.8182241 0.01869779 0.9906648 0.1271945 0.04903912 0.9870809 0.1528499 0.04804503 0.6031678 0.7470679 -0.2794249 0.9801092 0.1958677 0.0319665 0.9668093 0.2546218 0.02116096 0.6433241 0.7144274 -0.2751865 0.574617 0.8182089 0.01869314 0.9800984 0.1959301 0.03191292 0.6031631 0.7470666 -0.2794387 0.6429838 0.7146658 -0.2753631 0.9801138 0.1958442 0.03197228 -1.11908e-5 1 1.63002e-6 -1.1187e-5 1 1.06022e-5 0.2895486 0.9571634 1.30273e-5 0.6537382 0.7567209 -1.50278e-5 0.2895786 0.9571543 -1.19433e-5 0.6630117 0.7486091 5.70121e-6 0.6537004 0.7567535 3.69102e-5 -1.1513e-5 1 9.13441e-6 0.289575 0.9571554 1.03675e-5 0.8994139 0.4370981 5.9437e-6 0.6629885 0.7486296 1.89543e-5 0.9863125 0.1648871 -7.22706e-7 0.8994205 0.4370844 1.15409e-5 0.653738 0.7567209 -3.93495e-6 0.6630116 0.7486092 5.42402e-6 0.899412 0.4371021 8.25524e-6 0.9863126 0.1648861 1.14646e-5 0.9965696 0.08275973 5.20609e-6 0.9907759 0.1263064 0.04909163 0.9992532 0.03204083 0.02159893 0.9960698 0.07205539 0.0515092 0.8994148 0.437096 -2.79658e-5 0.9965698 0.08275765 -1.15596e-5 1 -1.58064e-5 1.31046e-5 0.9907793 0.1262831 0.04908335 0.9995049 0.02616626 0.01747351 0.9992534 0.03203547 0.02159762 1 0 0 0.8994157 0.4370941 -5.1111e-6 1 1.89394e-5 1.04862e-5 1 1.89543e-5 1.07102e-5 0.9907805 0.1262731 0.04908317 0.9996894 0.02078312 0.01375961 0.9995048 0.0261777 0.01746976 1 1.73702e-5 0 0.5746125 0.8182113 0.0187357 0.999875 0.009576261 0.01258826 0.9906647 0.1272004 0.04902762 0.5746299 0.8181993 0.01871889 0.7032955 0.7108449 0.008658349 0.9998751 0.009563803 0.01258629 0.7070962 0.7071174 1.41058e-5 0.9999538 0.009626448 -3.95792e-5 0.7039026 0.7102966 -1.96044e-5 0.707121 0.7070926 4.39326e-5 1 3.8445e-6 -2.23355e-5 0.9999541 0.009591341 -1.99378e-5 0.9467217 4.41074e-6 0.3220531 0.8450765 8.00099e-6 0.5346454 0.588396 0.7178024 0.3722229 -3.29365e-7 0 -1 0.9467135 3.12924e-6 0.322077 0.5884141 0.7177959 0.372207 0.9593028 -0.001120209 0.2823774 0.6537343 0.7567241 -1.73338e-5 0.9592837 -0.00112158 0.2824421 0.588371 0.7178049 0.3722577 7.45058e-6 1 1.45286e-5 1.35043e-5 1 4.78141e-6 0.5883831 0.7178133 0.3722222 0.6537484 0.7567121 1.055e-5 0.588366 0.7178119 0.3722522 -2.52426e-5 1 -2.48551e-5 0.9853588 -1.59314e-7 0.1704939 0.9886499 3.64333e-6 0.1502388 0.959047 -1.35554e-6 0.2832474 0.6638683 -0.7478495 1.30437e-5 0.6586539 -0.7524461 6.25104e-6 0.9054327 -0.42449 -1.56257e-5 0.9592789 0 0.2824609 0.9853547 1.69547e-6 0.1705172 0.9590348 -1.7097e-7 0.2832885 0.9467098 1.21072e-7 0.3220878 0.9592753 9.99331e-7 0.2824734 0.9590447 1.43715e-6 0.2832551 0.6638728 -0.7478456 -2.15322e-6 0.2906689 -0.9568238 -1.73226e-6 0.6586584 -0.7524421 -1.56867e-5 1 5.23718e-6 1.72779e-5 1 5.66803e-6 1.72774e-5 0.9886465 -1.57487e-6 0.1502601 0.9863167 -0.1648618 -1.112e-6 0.9054291 -0.4244977 2.44379e-6 1 -1.84476e-5 8.77399e-6 0.985361 -2.24635e-6 0.1704812 1 -2.54717e-6 8.20309e-6 0.9886518 -4.35393e-7 0.1502259 0.6638708 -0.7478474 5.30854e-6 0.9054337 -0.424488 -3.22238e-6 0.986316 -0.1648655 9.68575e-7 0.9965643 -0.08282375 -2.09548e-7 0.9863134 -0.1648815 1.23528e-6 1 -7.93487e-6 -1.56392e-6 1 -2.47057e-5 -9.8953e-7 0.996565 -0.08281517 4.01866e-7 1 -2.47508e-5 2.49877e-6 0.8994209 0.4370837 -6.07222e-6 1 2.73585e-5 1.14411e-4 0.9853574 -1.30022e-5 0.1705022 0.8994264 0.4370724 5.4827e-6 0.9853602 1.79559e-5 0.1704856 0.9593058 -0.001124262 0.2823674 0.8994235 0.4370782 -1.093e-5 0.9592934 -0.001131594 0.2824094 0.6537375 0.7567214 -1.20699e-6 0.7347566 -0.6471817 0.2031959 0.990145 -0.111723 0.08444422 0.9960644 -0.07209223 0.05156117 0.7347525 -0.6471787 0.2032207 0.7579845 -0.5083944 0.4086501 0.9901466 -0.1117106 0.08444148 0.7347579 -0.6471752 0.2032124 0.9960662 -0.07207721 0.05154681 0.9992525 -0.03205281 0.0216121 -2.56762e-7 0 -1 0.7347586 -0.647179 0.2031975 0.07508164 -0.9971775 -2.37227e-5 0.09216886 -0.9935719 0.06572568 0.734754 -0.6471836 0.2031996 0.6121829 -0.7907162 4.13731e-5 0.07505345 -0.9971796 3.77744e-6 0.9659385 -0.2578366 0.02198094 0.9506936 -0.3101319 5.32121e-5 0.6121696 -0.7907265 1.90176e-5 0.6305552 -0.7761445 -1.04569e-5 0.612186 -0.7907139 1.14436e-5 0.9507066 -0.3100922 2.18228e-5 0.9791979 -0.200318 0.0323159 0.9659267 -0.2578806 0.02198582 0.6121867 -0.7907134 3.68534e-5 0.9874638 -0.1505863 0.04731899 0.9791995 -0.200306 0.03234249 0.6121578 -0.7907357 3.36021e-5 0.734742 -0.6471893 0.2032248 0.9874643 -0.1505842 0.04731476 0.6121789 -0.7907193 3.46303e-5 0.6305431 -0.7761542 -2.24635e-6 0.4910137 -0.8711519 7.12741e-6 0.612172 -0.7907246 4.9629e-6 0.6416721 -0.7168062 -0.2728475 0.9506968 -0.3101218 2.40952e-4 0.9659323 -0.2578772 0.02177363 0.8342499 -0.5513866 2.07126e-5 0.6305727 -0.7761301 -4.27663e-6 0.9506968 -0.3101222 1.29491e-5 0.6013662 -0.7490797 -0.277918 0.834107 -0.5516027 1.13044e-5 0.9507195 -0.3100523 5.63264e-6 0.6416706 -0.7167975 -0.2728739 0.6013514 -0.7491419 -0.2777821 0.9506929 -0.310134 2.27466e-4 0.6416606 -0.7168064 -0.2728741 0.9659353 -0.2578652 0.02178436 0.9791969 -0.200247 0.03278231 0.5861113 -0.8099946 0.01955783 0.9792034 -0.2002348 0.03266227 0.9861692 -0.1581909 0.04945629 0.5861762 -0.8099647 0.01883572 0.6416692 -0.7168028 -0.2728633 0.9791785 -0.2003519 0.03268939 0.9906086 -0.1270473 0.05053389 0.9874606 -0.1506159 0.04729259 0.7347579 -0.6471714 0.2032244 0.5861307 -0.809981 0.0195319 0.9861623 -0.1582298 0.04947024 0.990256 -0.1296871 0.05073964 0.9992528 -0.03204977 0.02160477 0.9995324 -0.02543514 0.01697021 0.7347334 -0.6472012 0.203218 0.9906053 -0.1270727 0.05053448 0.7347392 -0.6471908 0.20323 0.9995324 -0.02542001 0.01699721 0.7065083 -0.70763 0.01028829 0.9902572 -0.1296768 0.05074256 0.9998782 -0.005063951 0.01476913 0.707121 -0.7070927 -9.21357e-6 0.9999867 -0.005181193 -2.42932e-5 1 -3.9347e-6 6.60897e-5 0.7073822 -0.7068314 3.32145e-6 0.9999865 -0.005195379 -1.00862e-5 0.707111 -0.7071026 2.10911e-5 0.7064863 -0.7076524 0.0102601 0.5861113 -0.8099945 0.01956123 0.9902547 -0.1296952 0.05074512 0.601389 -0.7490646 -0.2779095 0.6305301 -0.7761648 4.54187e-5 0.8341081 -0.5516012 -2.14577e-5 0.6013917 -0.7490528 -0.277935 0.343623 -0.9070448 -0.2432961 0.6305553 -0.7761443 -3.32296e-6 0.5861815 -0.8099611 0.01882708 0.4929254 -0.8695203 0.03096824 0.6416545 -0.7168118 -0.2728742 9.34899e-5 -1 8.46344e-5 1.72766e-6 -1 -3.02354e-6 0.3095328 -0.9508327 0.01033234 -8.03649e-4 -0.9999997 -3.73274e-6 0.3095042 -0.9508421 0.01032364 0.4974314 -0.8673443 0.01660907 7.36564e-5 -1 7.26767e-5 0.3095349 -0.9508321 0.01031881 -7.86096e-4 -0.9999997 -2.21436e-5 0.70651 -0.707629 0.01024085 0.4974524 -0.8673324 0.01660078 0.5861304 -0.8099808 0.01955223 0.706492 -0.7076468 0.01026189 -7.80523e-4 -0.9999998 7.12275e-6 0.4974371 -0.8673413 0.01660144 -6.87316e-6 -0.7071215 0.7070921 -3.61489e-5 -1 2.98023e-6 -1.83283e-5 -1 3.03984e-6 -0.7071039 -0.7071098 2.73045e-5 -1.98185e-5 -1 -1.82121e-5 -1.98483e-5 -1 -1.825e-5 -2.2471e-5 -0.7070848 0.7071288 -0.7071045 -0.7071091 2.8044e-5 2.81036e-5 -1 -2.42516e-6 1.82331e-5 -0.7071215 0.7070921 6.90855e-6 -1 3.01003e-6 3.59611e-5 -0.7071215 0.7070921 0.7073875 -0.706826 -9.78634e-6 4.20958e-4 -1 2.01811e-5 4.20971e-4 -1 -1.92849e-5 0.7073972 -0.7068163 1.81729e-5 0.7070922 -0.7071214 1.82984e-5 4.34846e-4 -1 1.81459e-5 -3.3617e-5 -0.707121 0.7070927 3.618e-5 -1 -1.46031e-5 0.7070906 -0.7071231 -3.02158e-5 0 -1 0 0 -1 2.00478e-6 -0.4475086 -0.7178226 -0.5333544 -1.01477e-5 -1 1.29342e-5 1.48416e-5 -1 -8.51601e-6 -0.4548679 -0.7065289 -0.5421366 -1.01328e-6 -1 1.49608e-5 -0.4475252 -0.7178359 -0.5333226 -0.3530803 -0.6946077 -0.6267811 6.76811e-5 -1 -2.89865e-5 -0.4544951 -0.7070919 -0.5417152 -5.2318e-5 -0.9664496 -0.2568563 5.24521e-5 -1 -7.10087e-5 -0.353049 -0.6945914 -0.6268168 -0.7185561 -0.6954691 -6.48687e-5 -2.68221e-6 -1 -5.98654e-6 -0.7070918 -0.7071219 1.78599e-5 -0.7251179 -0.6368843 -0.2618826 1.1662e-5 -1 3.50177e-6 -0.7185169 -0.6955096 -1.76951e-5 -0.4475408 -0.7177984 -0.5333601 1.02539e-5 -1 -5.42924e-5 -0.7251147 -0.6368895 -0.261879 -0.7185515 -0.6954737 -1.26893e-5 -1 -3.66569e-6 1.79626e-5 -1 -3.72529e-6 1.8e-5 -1 1.20335e-7 0 -1 -2.09361e-5 2.40356e-5 -0.7185236 -0.6955026 -1.50613e-5 -1 -1.53184e-5 -2.62633e-6 -1 0 0 -0.7185407 -0.6954849 -1.31555e-5 -0.7071102 -0.7071034 -9.70904e-5 -1 -1.92523e-5 -5.8501e-6 -0.7071123 -0.6123523 0.3535774 -1 2.95739e-5 2.02507e-5 -0.7071203 -0.7070934 -1.49384e-5 2.60492e-7 0 -1 -1 -1.28278e-6 0 -0.7071152 -0.6123584 0.3535611 -1 3.69549e-6 -1.16825e-5 -1 6.09457e-6 -6.54161e-6 -0.7070907 -0.6123706 0.3535888 -0.707093 -0.7071207 6.52671e-6 4.34518e-5 -0.7071142 0.7070994 9.69755e-7 0 -1 -0.7251108 -0.6368949 -0.2618763 -0.7185127 -0.695514 6.70552e-6 -1 1.38469e-5 1.39847e-5 -1 7.69578e-7 0 -0.7070978 1.65105e-5 0.7071157 -1 2.35438e-5 -1.35005e-5 -1 -1.81198e-5 -2.94745e-5 -0.7071198 -2.47788e-5 0.7070939 -1 -5.43968e-6 2.17557e-6 -1 1.29063e-4 5.51343e-6 -0.7071154 -0.3535525 0.612363 -0.7070916 1.51992e-5 0.7071219 -1 -1.87457e-5 -1.27577e-5 -0.70712 -0.6123658 0.3535387 -0.7071195 -0.3535438 0.6123633 -1 -9.77702e-6 -3.11434e-5 -1 0 0 -0.7251073 -0.6368887 -0.2619014 -1 9.35793e-6 -1.93864e-5 -1 -1.1093e-5 1.31577e-5 -0.7251178 -0.4346714 -0.534102 -1 5.63264e-6 -1.01626e-5 -1 -1.18464e-6 -7.01845e-6 -0.7251023 -0.4346793 -0.5341166 -0.7250964 -0.6369132 -0.2618719 -1 2.4125e-5 -3.39001e-6 -0.9962486 1.77103e-6 -0.08653825 -1 -2.16344e-6 -2.21394e-5 -1 -1.52276e-5 -2.20239e-5 -0.9076278 -9.58843e-6 -0.4197759 -1 -1.41064e-5 1.20699e-5 -0.9962514 1.4063e-7 -0.08650648 -0.9047828 2.99797e-5 -0.4258733 -1 1.04941e-5 3.36766e-6 -0.9076204 -7.03744e-6 -0.4197921 -0.7251146 -0.4346771 -0.5341017 -1 1.63317e-5 -1.54944e-5 -0.9047394 1.05985e-5 -0.4259657 -0.707097 0.7071166 2.45934e-5 -1 -9.98378e-6 -1.98048e-6 -1 -1.00434e-5 -1.83008e-5 -0.7369326 0.6759663 1.51023e-5 -1 -9.53674e-7 3.86685e-6 -0.7070916 0.707122 -3.44805e-6 -0.996194 -4.14252e-6 -0.08716362 -1 2.18917e-5 -1.36308e-5 -0.7369323 0.6759666 -6.95884e-6 -0.7070952 -1.81906e-5 0.7071185 -1 2.50284e-5 -7.7486e-6 -0.7070931 5.56677e-6 0.7071205 -0.6123705 0.3535577 0.7071063 -1 2.59578e-5 -1.10846e-5 -0.7070958 1.16006e-5 0.7071178 -0.7071168 0.7070968 -8.24779e-6 -1 -8.48621e-6 9.0301e-6 -0.6123595 0.3535426 0.7071235 -0.7071021 1.60877e-5 0.7071115 -1.70171e-5 -3.38085e-5 1 -1.73152e-5 -1.28187e-4 1 5.28871e-6 0 1 -9.23872e-6 3.38852e-5 1 -0.707103 -1.92672e-5 0.7071107 -1.17123e-5 2.33203e-5 1 6.83576e-6 0 1 -0.707102 3.39222e-5 0.7071117 -0.7071021 1.28618e-4 0.7071115 -1.72853e-5 -1.60355e-5 1 -0.7070884 -0.3535792 0.6123787 1.96695e-6 -2.5332e-6 1 -0.7071102 5.69969e-6 0.7071034 6.87875e-6 -0.7071225 0.7070912 3.61489e-5 1.69873e-6 1 1.83283e-5 1.84774e-6 1 -0.7071269 -0.3535139 0.6123722 2.68221e-6 -0.707092 0.7071216 -3.25963e-5 5.22472e-6 1 -0.6123936 0.3535333 0.7070986 -0.7070944 -1.15335e-5 0.7071192 1.15475e-5 -2.48924e-5 1 -0.3535383 0.6123768 0.7071105 -9.87202e-6 -1.78814e-6 1 -6.15418e-6 -1.93715e-7 1 -3.49406e-5 0 1 -0.3535517 0.612365 0.7071141 -0.612369 0.3535484 0.7071123 4.47035e-6 3.45213e-5 1 -3.17544e-5 0.7071002 0.7071134 -2.59298e-5 1.47223e-5 1 -1.825e-5 1.46925e-5 1 -2.97204e-5 0.7071026 0.707111 -0.3535473 0.6123694 0.7071125 -4.89503e-6 1.59265e-5 1 2.6017e-5 0.7070999 0.7071137 1.83114e-5 0.7070999 0.7071138 3.16352e-5 1.40667e-5 1 -0.5147704 0.4847614 0.7071195 5.91204e-6 5.78165e-6 1 1.95205e-6 3.58373e-6 1 -0.5148147 0.4847497 0.7070952 4.42564e-6 0.7071081 0.7071055 1.48416e-5 2.42591e-5 1 -2.98948e-5 0 1 -0.5148192 0.4847323 0.7071039 -1.71512e-5 1.12355e-5 1 -1.00322e-5 -3.57777e-5 1 -0.5407724 0.4381292 0.7180585 1.29938e-5 2.86698e-5 1 -4.26173e-6 1.21295e-5 1 -0.540796 0.4381221 0.7180452 -0.5148059 0.4847319 0.7071138 5.21541e-6 9.47714e-6 1 -0.5407924 0.4381311 0.7180423 9.0301e-6 1.93715e-7 1 -9.32882e-6 1.34343e-6 1 0 -0.06877863 0.997632 1.69855e-6 6.50063e-6 1 0 6.50063e-6 1 -2.19792e-7 -0.0691049 0.9976094 1.24145e-6 4.04939e-6 1 -1.04867e-6 -0.06877142 0.9976325 -0.5406581 0.4380626 0.7181853 -5.58794e-6 1.01626e-5 1 -3.83705e-6 -0.06909126 0.9976104 0.149158 -0.4043632 0.9023538 3.46638e-6 -3.44217e-6 1 -2.34693e-6 -2.22027e-6 1 -7.0557e-6 -0.06877774 0.997632 -1.5418e-5 -1.16238e-5 1 0.1492048 -0.4043626 0.9023463 0.1491734 -0.4043462 0.9023589 -2.01166e-6 3.51667e-6 1 7.49528e-6 6.50482e-6 1 0.3509392 -0.3561448 0.8660269 1.24127e-5 -9.19402e-6 1 7.74488e-6 -1.83657e-5 1 0.1491823 -0.4043815 0.9023416 1.71959e-5 -9.86457e-6 1 0.3509379 -0.3561445 0.8660277 1.90964e-6 0 1 0.6496003 -0.250586 0.7177925 -2.69115e-5 -1.41859e-5 1 -1.21072e-7 1.85966e-5 1 0.3509342 -0.3561537 0.8660252 -1.23531e-5 1.37761e-5 1 0.6495957 -0.2505772 0.7177998 0.7071171 -1.67806e-5 0.7070965 -8.46386e-6 -1.76834e-5 1 -9.38773e-6 1.83283e-5 1 0.2972406 -1.44402e-6 0.9548027 -1.53482e-6 -1.2218e-5 1 0.7070909 2.82684e-5 0.7071228 0.6496141 -0.2505663 0.717787 2.15471e-5 -1.3262e-6 1 0.2970054 -8.48994e-6 0.9548759 0.35355 -0.6123783 0.7071034 -1.24574e-5 0 1 9.48459e-6 -0.7071112 0.7071025 -3.59611e-5 -0.7070903 0.7071233 -1.82331e-5 -0.7070904 0.7071232 -6.91414e-6 -6.25849e-7 1 0.6123696 -0.3535271 0.7071225 1.3262e-5 1.42269e-5 1 0.3535586 -0.612375 0.7071021 0.7071096 -2.61515e-5 0.707104 9.0152e-7 -3.58373e-6 1 0.6123773 -0.3535675 0.7070955 -0.7070889 0.7071247 -7.40588e-6 -0.612392 0.3535463 0.7070935 -0.3535673 0.6123803 0.7070932 -0.7071094 0.7071042 -2.95639e-5 -0.3535422 0.6123858 0.7071009 -1.01328e-5 0.7071186 0.7070949 1.86451e-5 1 2.0057e-5 -0.7071008 0.7071127 1.01328e-5 8.70228e-6 0.7071185 0.7070952 -2.24944e-5 1 2.13981e-5 1.83727e-5 1 2.14577e-5 -1.14143e-5 0.7071086 0.7071051 -1.81886e-5 0.707109 0.7071047 1.15335e-5 1 2.10255e-5 2.2269e-5 0.707109 0.7071047 -0.4110211 0.9116259 1.57626e-7 -0.7071073 0.7071063 1.9504e-5 -4.67896e-6 1 7.91857e-6 -0.4110241 0.9116246 1.05128e-5 -0.7369263 0.6759732 -1.65158e-6 -0.7071188 0.7070948 -1.14716e-6 1.94833e-5 1 -5.1409e-6 -0.4110121 0.9116299 4.11598e-6 1.94758e-5 1 1.1389e-5 -0.656264 0.6562318 -0.3723943 -0.7369435 0.6759544 1.1486e-5 -0.4109848 0.9116422 -1.03191e-6 -0.8698766 0.4538782 -0.1931565 -0.7369184 0.6759818 4.09782e-6 -0.6562397 0.6562541 -0.3723979 -0.9961977 -4.08143e-5 -0.08712166 -0.7368987 0.6760032 1.4931e-5 -0.8698763 0.4538902 -0.19313 -0.6562605 0.6562207 -0.3724199 -0.4109964 0.9116371 1.97291e-5 -2.45497e-5 1 4.5836e-5 -0.6562574 0.6562363 -0.372398 -8.06153e-6 1 -1.73673e-5 -0.4615641 0.6960213 -0.5500118 -0.44751 0.7178245 -0.5333507 -0.4614294 0.6962008 -0.5498976 -3.8445e-6 1 2.79518e-5 2.92874e-5 1 8.59553e-7 -0.4475033 0.7178331 -0.5333446 2.21729e-5 1 4.20213e-6 -0.9076578 2.45422e-5 -0.4197113 -0.9961937 2.346e-5 -0.08716851 -0.8698857 0.4538704 -0.193134 -0.7996115 0.3964929 -0.4510157 -0.4474132 0.7180053 -0.5331885 -2.72393e-5 1 -9.41753e-6 -0.3965206 0.9180258 0 -7.86781e-6 1 0 -7.88271e-6 1 0 -0.4049163 0.9143539 -5.02914e-6 -1.55121e-5 1 9.07108e-7 -0.3965274 0.918023 2.22919e-6 -0.7279856 0.6855925 1.24872e-5 -1.25542e-5 1 -3.74019e-6 -0.4048525 0.9143821 -1.00493e-4 -0.7995887 0.3965006 -0.4510489 1.885e-5 1 -2.32756e-5 -0.7280614 0.6855119 7.18981e-6 -0.396511 0.91803 1.2964e-5 7.42078e-6 1 -1.98064e-5 -1.06469e-5 0.7071123 0.7071014 -0.7280467 0.6855276 -1.89245e-5 -0.3965184 0.9180269 -2.5332e-5 1.3411e-5 0.7071346 0.7070791 -0.514842 0.4847297 0.7070891 -0.7280649 0.6855083 1.72853e-5 3.19928e-5 0.7071075 0.7071061 -0.4048942 0.9143636 -7.41267e-6 -0.3965491 0.9180135 -2.17352e-4 -0.7280482 0.6855261 -1.16155e-5 -0.7530345 0.657981 -3.9041e-6 -0.7280543 0.6855195 -2.31648e-5 -0.514836 0.4847258 0.707096 -0.7280471 0.6855272 1.5974e-5 -0.4048926 0.9143643 3.84264e-6 -0.7280471 0.6855272 -8.12044e-6 -0.7530419 0.6579726 0 -0.7280499 0.6855242 1.36911e-6 -0.7280499 0.6855242 0 -0.7770021 0.6294981 -1.53184e-5 -0.5148037 0.4847564 0.7070986 -0.5408004 0.4381253 0.7180398 -0.7530438 0.6579706 -6.4671e-6 -0.5147965 0.4847466 0.7071105 -0.7769778 0.6295282 -1.03116e-5 -0.8521934 0.5232269 -2.12044e-5 -0.7995909 0.396602 -0.450956 -0.7280471 0.6855272 -3.08454e-6 -0.851736 0.5239714 5.16768e-6 -0.8521878 0.5232362 -5.01424e-6 -0.728038 0.6855369 -2.24542e-6 -0.851745 0.5239567 -1.25995e-5 -0.7280509 0.6855231 8.16025e-6 -0.8384711 0.5449463 3.85568e-7 -0.8144778 0.5801949 3.3956e-6 -0.8384823 0.5449289 -9.11276e-6 -0.7280635 0.6855097 3.02587e-6 -0.8144674 0.5802094 1.76905e-6 -0.7280604 0.685513 2.33762e-6 -0.7875778 0.6162152 -2.68314e-6 -0.7823402 0.6228514 1.53272e-6 -0.7875784 0.6162147 2.01484e-5 -0.7280675 0.6855056 -6.21611e-6 -0.78237 0.622814 -3.9481e-5 -0.7280569 0.6855168 -3.94112e-6 -0.776989 0.6295142 -7.89645e-7 -0.7530562 0.6579562 8.23929e-7 -0.7769873 0.6295163 2.89816e-7 -0.7280579 0.6855157 4.44113e-6 -0.4615346 -0.6960209 -0.5500372 -0.800399 -0.4030802 -0.4437206 -0.7280282 -0.6855472 -1.05202e-5 -0.728054 -0.6855199 8.93368e-6 -0.728054 -0.6855199 8.90344e-7 -0.8522753 -0.5230938 3.33414e-7 -1.54078e-5 -1 5.99027e-6 -0.4615533 -0.696031 -0.5500085 -0.7280287 -0.6855466 2.98023e-7 -0.4039447 -0.9147834 -9.87053e-5 -4.38392e-5 -1 9.29832e-6 -0.7280539 -0.68552 2.99215e-5 -0.3965385 -0.9180182 -1.83751e-6 -0.4040505 -0.9147367 8.71718e-7 -0.7280401 -0.6855345 1.43703e-6 -0.3965339 -0.9180201 0 -0.7280368 -0.6855381 7.01269e-6 -0.7280368 -0.6855381 0 -0.8523224 -0.523017 -7.66626e-6 -0.8522722 -0.5230988 1.62423e-6 -0.9362933 -0.3512194 -4.12296e-6 -0.753547 -0.6573941 -3.46173e-6 -0.7280614 -0.6855121 5.52647e-6 -0.8522859 -0.5230762 6.4671e-6 -0.7779486 -0.6283279 -6.06151e-6 -0.7535498 -0.6573908 3.58396e-6 -0.8522701 -0.523102 -9.1847e-6 -0.7821683 -0.6230673 -1.99578e-5 -0.777936 -0.6283436 6.17787e-7 -0.852267 -0.5231072 -1.07423e-5 -0.7863116 -0.6178301 -7.17002e-6 -0.7821583 -0.62308 1.37321e-5 -0.8522802 -0.5230857 9.6634e-6 -0.8126634 -0.5827334 2.63727e-6 -0.7862992 -0.617846 1.39e-7 -0.8522701 -0.5231022 8.23639e-6 -0.8375986 -0.5462864 -1.27405e-6 -0.8126773 -0.582714 -5.49015e-7 -0.8522629 -0.5231137 -1.31078e-6 -0.8523285 -0.5230069 -1.56462e-7 -0.8376164 -0.5462591 2.57394e-7 -0.8522784 -0.5230886 -1.08999e-6 -0.9554974 -0.2949995 -4.3537e-6 -0.936294 -0.3512175 2.61888e-6 -1 2.04086e-4 5.95301e-6 -0.8538829 -0.5204652 8.15932e-6 -0.8523188 -0.5230227 -3.54834e-6 -0.936302 -0.3511959 -2.53879e-6 -0.8590862 -0.5118309 2.32109e-6 -0.8538781 -0.5204732 4.97408e-6 -0.9362933 -0.3512193 -5.56652e-6 -0.859074 -0.5118516 5.48229e-6 -0.859074 -0.5118516 2.20444e-6 -0.9362964 -0.351211 2.80933e-6 -0.8696334 -0.4936981 1.90543e-5 -0.8590955 -0.5118156 6.21192e-6 -0.9362928 -0.3512207 0 -0.8841682 -0.4671689 -2.21748e-6 -0.8696432 -0.4936807 5.57292e-6 -0.9363008 -0.351199 1.26106e-5 -0.9045301 -0.4264099 8.03731e-7 -0.8841664 -0.4671723 -5.59841e-7 -0.9363052 -0.3511872 -2.20188e-6 -0.9291453 -0.3697148 3.21306e-7 -0.9045222 -0.4264267 1.6205e-7 -0.9362997 -0.3512022 1.44035e-6 -0.9554966 -0.2950025 1.051e-6 -0.9291466 -0.3697116 0 -0.9363009 -0.3511989 -6.28119e-7 -0.9999992 0.001320362 -6.39452e-6 -1 2.1782e-4 1.27256e-5 -0.9362022 0.3514621 -6.63102e-7 -0.9999992 0.001290738 -7.08584e-5 -0.9554917 -0.2950181 -4.61936e-6 -1 1.88187e-4 4.07138e-6 -0.928269 0.3719096 -4.94474e-7 -0.9362106 0.3514398 -4.39957e-6 -0.8521777 0.5232526 0 -0.9547358 0.2974556 1.02306e-6 -0.9999992 0.001291275 -2.32831e-6 -0.9361999 0.3514683 9.26713e-6 -0.9282774 0.3718888 9.37609e-7 -0.9547311 0.2974705 8.77131e-7 -0.9362015 0.3514636 0 -0.8528963 0.5220804 0 -0.857764 0.5140438 0 -0.8521948 0.5232247 0 -0.8683117 0.496019 -2.6339e-7 -0.8521862 0.5232387 0 -0.8577557 0.5140576 2.61469e-7 -0.8529207 0.5220406 0 -0.8521941 0.5232258 1.67351e-6 -0.8517423 0.523961 5.56e-7 -0.90347 0.4286514 -1.53482e-6 -0.9282826 0.3718757 0 -0.8521922 0.523229 -5.94137e-6 -0.8829423 0.4694817 1.28709e-6 -0.9034792 0.428632 -1.74169e-6 -0.8521963 0.5232222 4.78118e-6 -0.8683242 0.4959971 7.90693e-7 -0.8829212 0.4695213 2.08089e-6 -0.8521969 0.5232214 3.98047e-6 -0.4542862 -0.7074712 -0.5413951 -0.4614349 -0.6961991 -0.5498952 -1.4253e-5 -1 -1.68085e-5 -6.54161e-6 -1 -1.38427e-5 -6.53416e-6 -1 -2.69711e-6 -0.4040315 -0.9147451 -7.31926e-6 -1.42357e-5 -1 -9.50915e-6 -0.454269 -0.7074864 -0.5413897 1.28001e-5 -1 -3.00407e-5 -0.3965212 -0.9180256 2.21834e-4 -8.61287e-6 -1 -2.28267e-6 -0.4040331 -0.9147444 -1.81323e-5 -0.4125567 -0.9109319 -3.59356e-4 -0.6555672 -0.6565651 -0.3730335 -0.4545939 -0.7071269 -0.5415866 -0.4125773 -0.9109225 -3.82179e-4 -0.4546306 -0.7070913 -0.5416023 -9.42498e-5 -1 7.10189e-5 -0.7070906 -0.7071229 4.42928e-5 -0.4129865 -0.9107373 7.87526e-6 2.35438e-5 -1 -9.84222e-6 -0.7071164 -0.7070972 -2.47033e-5 1.04606e-5 -1 -1.53613e-5 1.04308e-5 -1 -1.8362e-4 -0.7292971 -0.6841972 -1.61618e-4 -0.8693151 -0.4546691 -0.1938229 -0.6555569 -0.6565665 -0.3730491 -0.4125844 -0.9109193 -3.49358e-4 -0.7293043 -0.6841895 -1.56805e-4 -0.655541 -0.6565748 -0.3730624 -0.7070932 -0.7071204 -3.73473e-6 -0.7289116 -0.6846079 -6.25849e-7 -0.4129565 -0.9107507 1.42883e-5 -0.7070969 -0.7071167 1.74245e-6 -1 9.35793e-6 1.29091e-5 -0.7289151 -0.6846041 -1.98646e-5 -0.3535186 -0.6123753 0.7071217 -0.7070989 -0.7071148 -1.91927e-5 6.71856e-6 -1 1.73301e-5 1.15037e-5 -0.7071151 0.7070985 2.24486e-5 -1 1.29342e-5 -1.83727e-5 -1 1.27554e-5 1.81886e-5 -0.7071084 0.7071052 -1.16527e-5 -1 2.20314e-5 -2.22237e-5 -0.7071084 0.7071052 -0.3535563 -0.6123827 0.7070965 -1.64658e-5 -1 -2.09548e-5 8.40053e-6 -0.7071295 0.7070841 -0.7071118 -2.44379e-5 0.7071018 -1 1.26362e-5 3.66569e-6 -0.7070829 -0.7071308 3.74019e-6 -0.7071003 -2.47806e-5 0.7071133 -1 -5.53139e-6 -1.60635e-5 -1 1.83747e-5 -1.48714e-5 -0.6123934 -0.3535255 0.7071026 -0.7071058 1.37389e-5 0.7071079 -0.7070951 -0.7071185 -2.2769e-5 -0.6123868 -0.3535538 0.7070942 -0.7070834 -0.7071303 -6.09457e-6 -0.3535585 -0.612384 0.7070943 -0.5148538 -0.4847169 0.7070892 2.47359e-6 -0.7070881 0.7071256 -2.34134e-6 -1 -3.49283e-5 -0.5147475 -0.4847347 0.7071544 8.06153e-6 -1 7.6592e-6 -0.3965123 -0.9180296 -1.85072e-5 3.17544e-5 -0.7070998 0.7071138 2.59298e-5 -1.41263e-5 1 1.825e-5 -1.41263e-5 1 3.50773e-5 -1.18017e-5 1 3.16948e-5 -0.7071148 0.7070988 -2.34842e-5 1.24574e-5 1 -2.6017e-5 -0.7071002 0.7071134 -1.83114e-5 -0.7071002 0.7071134 -3.16501e-5 -1.47298e-5 1 -2.66135e-5 -9.95398e-6 1 -1.10343e-5 -1.2605e-5 1 2.42221e-5 -0.7071148 0.7070989 6.00587e-6 -2.60025e-6 1 2.5779e-6 -0.7070968 0.7071168 4.36604e-6 -1.08033e-6 1 -0.5148024 -0.4847229 0.7071225 -3.70741e-5 -7.6592e-6 1 1.3262e-6 -0.7071081 0.7071055 -0.3535335 -0.6123873 0.7071039 -1.08778e-5 -0.7071096 0.707104 -1.56462e-7 -1.49477e-5 1 -6.87875e-6 0.7071225 0.7070912 -3.61489e-5 -1.69873e-6 1 -1.83283e-5 -1.84774e-6 1 -0.7071021 1.60877e-5 0.7071114 -1.70171e-5 -3.37174e-5 1 1.26213e-5 0.707077 0.7071367 -0.7071267 8.43406e-6 0.7070869 -1.37091e-6 -5.08875e-6 1 1.82331e-5 0.7070904 0.7071232 6.91414e-6 6.55651e-7 1 3.59611e-5 0.7070903 0.7071233 0.2972226 6.26757e-6 0.9548083 1.03861e-5 5.09717e-6 1 1.04308e-5 3.16463e-6 1 -2.91622e-6 0 1 1.98482e-5 0 1 -1.98138e-5 0 1 0.7070965 -1.82331e-5 0.707117 9.38773e-6 9.81893e-6 1 0.7070958 -1.3257e-5 0.7071179 0.2972266 -7.26432e-6 0.9548071 0.7071048 2.57059e-5 0.7071089 0 5.65182e-5 1 0.6123742 0.3535663 0.7070989 -4.2466e-6 2.36928e-6 1 0.7071064 2.55555e-5 0.7071073 0.353566 0.6123535 0.707117 -5.95301e-6 0.7070968 0.7071167 2.76715e-5 2.38791e-6 1 0.6123727 0.3535301 0.7071182 0.3535611 0.6123781 0.7070981 1.771e-5 -9.37283e-6 1 0.3503733 0.3566929 0.8660306 1.68383e-6 2.69264e-5 1 1.14776e-5 1.20588e-5 1 0.6696887 0.2583511 0.6962556 0.2970343 -1.0482e-5 0.9548669 2.00272e-5 -6.95139e-6 1 0.3503738 0.3567177 0.86602 0.6696867 0.2583611 0.6962538 -2.86102e-6 3.34382e-5 1 0.1416554 0.3877781 0.9108029 1.85519e-6 -1.53035e-5 1 5.22658e-6 -1.54236e-5 1 0.3503556 0.3567067 0.866032 1.1228e-5 -3.8594e-6 1 0.1416625 0.3877445 0.9108161 3.47104e-6 0.05413216 0.9985338 6.13765e-6 2.06679e-5 1 5.3242e-6 2.10544e-5 1 4.18071e-6 0.05413174 0.9985339 -2.57557e-6 0.1081036 0.9941397 -5.94556e-6 5.88596e-7 1 0.1416537 0.3877488 0.9108157 1.04215e-6 9.77516e-6 1 -7.23451e-6 0.1081052 0.9941395 -6.09434e-7 0.05411332 0.9985348 7.55535e-7 -1.13528e-5 1 5.79981e-7 -1.12346e-5 1 -2.27243e-7 0.05432754 0.9985232 4.12422e-7 -7.78958e-6 1 -3.61353e-7 -7.78958e-6 1 0 0.05413728 0.9985336 0 -6.57793e-6 1 -5.45914e-7 0.05432873 0.9985232 -0.5148113 -0.484717 0.7071202 -1.93715e-6 3.70592e-5 1 9.06736e-6 2.12789e-5 1 -0.558301 -0.4509299 0.6963923 -1.05947e-5 2.7895e-5 1 -0.5147944 -0.484735 0.7071201 6.76513e-6 0.05431604 0.9985238 -1.14329e-5 1.40648e-5 1 -0.558483 -0.4510774 0.6961509 -0.514816 -0.4847105 0.7071211 1.06692e-5 1.98781e-5 1 2.2586e-5 8.09413e-6 1 -0.6123888 -0.3535584 0.7070902 2.18749e-5 -8.23289e-6 1 1.77026e-5 -5.40167e-6 1 -0.6123698 -0.3535485 0.7071116 -0.3535527 -0.6123658 0.707113 3.66429e-6 -3.5882e-5 1 -1.72853e-5 -1.60336e-5 1 -0.707102 3.38308e-5 0.7071117 -0.6123831 -0.3535392 0.7071047 9.96236e-6 1.29566e-5 1 -0.7071182 -2.13459e-5 0.7070954 -0.7071141 5.47534e-6 0.7070996 -0.7071147 -1.81886e-5 0.7070989 -1 2.50302e-5 1.27256e-5 -0.7071113 0.3535237 0.6123844 -1 2.63304e-5 -1.70153e-6 -0.7071 -2.95863e-5 0.7071136 -0.7071095 0.3535678 0.6123611 -1 -8.70228e-6 3.03984e-6 -1 -3.00258e-6 7.00355e-7 -0.7071308 0.3535151 0.6123669 -0.707116 -1.51098e-5 0.7070976 2.92063e-6 0.7071014 0.7071123 -0.7071209 0.7070927 5.90086e-6 -1 -2.5332e-6 -1.77026e-5 -1 -1.96248e-5 2.30074e-5 -0.7071177 0.6123614 0.3535508 -0.7070942 0.7071194 -1.33216e-5 -1 -1.70991e-5 1.94907e-5 -0.7071017 0.3535373 0.6123878 -0.7071009 0.6123917 0.353532 -1 2.92361e-5 -1.42129e-5 -0.7071088 0.6123581 0.3535743 1.09039e-5 1 -1.82092e-5 -0.7071034 0.7071102 1.3832e-5 6.87689e-6 0.7071194 0.7070942 3.61489e-5 1 5.78165e-6 1.83283e-5 1 6.02007e-6 -0.707127 0.6123721 0.3535137 1.22935e-6 0.7071167 0.7070969 -3.20561e-5 1 1.23121e-6 0.7032964 0.7108439 0.008670449 4.67897e-5 1 6.35618e-5 -5.24598e-4 1 -6.03106e-5 0.707092 0.7071216 1.17272e-5 2.90513e-4 1 -2.62516e-5 2.90573e-4 1 -1.83156e-5 0.7071017 0.7071119 1.49746e-5 0.7039082 0.710291 1.81438e-5 2.56538e-4 1 4.72926e-6 0.3535563 0.6123699 0.7071076 0.7070999 0.7071137 2.41697e-5 -9.19402e-6 1 3.46005e-5 0.3535754 0.6123637 0.7071034 -3.4675e-5 1 -5.55068e-6 -2.03401e-5 0.7071194 0.7070942 -3.59611e-5 0.7071235 0.7070901 -1.82331e-5 0.7071237 0.7070899 -6.91041e-6 1 0 0.497617 0.8672455 0.01620495 0.2888334 0.9573333 0.009404599 0.7033 0.7108402 0.008683383 0.5746112 0.8182129 0.01870709 0.4976281 0.8672392 0.01620423 0.7033101 0.7108305 0.008658468 0.6433253 0.714427 -0.2751848 0.4935879 0.8691482 0.03086382 0.5746059 0.8182163 0.01871317 0.7071239 -3.43621e-5 0.7070897 1 3.29763e-5 -1.88351e-5 0.7071247 0.7070889 -3.25516e-5 0.7070947 9.76212e-6 0.7071189 1 -1.33262e-5 -5.72205e-6 1 -1.83283e-5 -6.85453e-6 0.612356 0.353549 0.7071233 0.7071137 -4.64916e-6 0.7071 0.7071248 0.7070888 -2.95192e-5 0.6123677 0.3535442 0.7071155 0.70713 0.7070837 1.46851e-5 0.3535386 0.612371 0.7071155 0.6123773 -0.3535466 0.707106 0.7070979 -0.7071157 -4.94719e-6 1 2.44081e-5 2.902e-5 0.7071139 9.01893e-6 0.7070998 0.6123875 -0.3535774 0.7070817 1 2.11149e-5 5.90645e-6 0.7071145 1.3257e-5 0.7070991 0.7071137 1.82331e-5 0.7071 1 -9.81055e-6 1.41859e-5 0.3535527 -0.6123561 0.7071213 2.5332e-7 -0.7071163 0.7070974 0.7070927 -0.7071209 -3.31998e-5 0.6123689 -0.353546 0.7071136 0.3535395 -0.6123725 0.7071137 0.70713 -0.7070837 1.18483e-5 -0.7071126 -0.6123579 0.3535672 2.11298e-5 -0.7070825 0.7071312 -0.7071133 -0.3535729 0.6123538 0.8148607 9.04501e-6 0.5796571 0.2970238 2.01687e-5 0.9548702 0.6696975 0.2583243 0.6962571 0.6496014 -0.2505859 0.7177916 0.2970064 -8.12858e-6 0.9548755 0.8148451 1.55605e-5 0.5796788 0.8148511 -1.98931e-5 0.5796704 0.982991 0.1836537 -1.16229e-6 1 -1.48118e-5 2.41678e-6 1 1.69948e-5 -3.67136e-6 1 1.69918e-5 4.82216e-6 0.9829959 0.1836276 -5.04032e-6 0.6496053 -0.2505497 0.7178007 0.8148618 2.01166e-6 0.5796553 1 -5.73695e-7 -2.82526e-5 0.6496124 -0.2505096 0.7178083 1 2.80642e-6 2.07126e-6 0.9823003 -0.1873129 -7.85489e-6 0.8348546 -0.5504706 2.06232e-5 0.982311 -0.1872567 -1.06692e-5 1 -1.84774e-5 -1.7494e-5 1 -8.91089e-6 -1.37339e-5 0.8348745 -0.5504404 7.40588e-6 1 -8.9407e-6 6.386e-7 0.8148479 -4.49866e-5 0.5796749 0.9329902 0.3599018 -1.16974e-5 0.9829958 0.1836281 1.56909e-5 1 -3.63886e-5 9.68576e-6 0.9829918 0.1836496 2.6226e-6 0.9329925 0.3598959 -4.91738e-7 0.8148499 -6.10296e-6 0.5796723 0.6697052 0.2583274 0.6962485 0.9329949 0.3598898 -7.15256e-7 0.7208794 0.6930606 2.65241e-6 0.9329956 0.3598879 -1.116e-5 0.6697039 0.2583519 0.6962407 0.8355917 0.549351 9.92417e-6 1 -1.38655e-5 2.83122e-6 0.9329877 0.3599085 -1.4782e-5 0.7209254 0.6930127 1.93715e-6 0.8355727 0.54938 1.39996e-5 0.9329915 0.3598985 -1.60336e-5 0.7208986 0.6930406 9.86457e-6 0.6696594 0.258379 0.6962734 0.7007689 0.7133884 -1.57356e-5 0.6068488 0.6178443 0.500003 0.7007337 0.713423 1.02222e-5 0.6697025 0.2583545 0.696241 0.6068736 0.6178359 0.4999833 0.6696754 0.2583184 0.6962805 0.3503541 0.3566963 0.866037 0.9329932 -0.3598939 4.75463e-6 0.6495985 -0.2505763 0.7177976 0.9822983 -0.1873241 1.40071e-6 0.8348581 -0.5504652 3.11434e-5 0.932998 -0.3598818 4.67896e-6 0.982301 -0.1873095 1.57803e-5 0.6078628 -0.6168472 0.5000023 0.6495789 -0.2506012 0.7178066 0.9329844 -0.3599171 5.03659e-6 0.3509165 -0.3561585 0.8660305 0.6495832 -0.2505879 0.7178074 0.6078315 -0.6168799 0.5000001 0.7199994 -0.6939747 -1.78516e-5 0.9329963 -0.359886 4.47035e-6 0.8348652 -0.5504545 -1.22339e-5 0.6078515 -0.6168783 0.4999779 0.9330012 -0.3598735 8.74698e-6 0.720008 -0.6939657 1.83061e-5 0.7018752 -0.7123 -1.68011e-6 0.3939915 -0.9191141 8.81123e-6 0.3939914 -0.9191141 8.86358e-6 -0.7709196 -0.6369325 -3.36468e-5 0.3940113 -0.9191057 2.97481e-5 0.3940113 -0.9191057 -2.85444e-5 0.3624894 -0.8756318 0.3191716 0.7018911 -0.7122844 3.59863e-6 0.3939775 -0.9191202 -1.1187e-5 -0.7709361 -0.6369124 -5.61904e-5 -0.7348291 -0.6782525 3.78443e-5 0.3939988 -0.919111 1.85817e-5 0.3625013 -0.8756082 0.3192229 0.3942508 -0.919003 4.52697e-5 -0.7366331 -0.6762924 6.10709e-4 0.7200126 -0.6939609 1.47074e-5 0.8348644 -0.5504556 8.49366e-6 0.3939854 -0.9191168 -1.4931e-5 0.3817008 -0.8236963 0.4193201 0.3940144 -0.9191043 1.51843e-5 0.8348627 -0.5504583 2.92212e-5 0.7018931 -0.7122824 -1.2368e-5 0.7199973 -0.6939769 3.33786e-6 0.3939943 -0.9191129 -6.3777e-6 0.3816286 -0.8237225 0.4193339 -0.7692527 -0.6389448 -6.27339e-5 0.3942406 -0.9190073 -6.97672e-5 0.6087046 -0.3598237 0.7071108 0.834871 -0.5504457 1.54674e-5 1 2.88412e-5 1.63168e-5 0.3566884 -0.6895822 0.6302775 0.3816678 -0.8237065 0.4193297 0.8348748 -0.55044 3.09199e-5 0.3417605 -0.6190209 0.7071159 0.3566731 -0.6895782 0.6302906 0.834884 -0.550426 7.92742e-6 0.6087009 -0.3598003 0.7071259 0.3417663 -0.6190182 0.7071155 0.8348762 -0.5504378 1.31726e-5 0.6096567 0.3582543 0.7070874 1 -3.02624e-5 1.81198e-5 0.8355754 0.5493759 -1.52327e-5 0.7071183 -8.90076e-4 0.7070948 0.6087229 -0.3597679 0.7071235 1 5.90086e-6 2.48719e-5 0.6096474 0.3582254 0.7071102 0.7071138 -8.95023e-4 0.7070993 1 4.13507e-6 -1.63913e-6 0.3963929 0.9180811 5.04674e-6 0.3963929 0.9180811 -1.36988e-5 0.8355721 0.5493809 1.52364e-6 0.3433131 0.6181795 0.7071 0.8355738 0.5493783 1.63019e-5 0.3963624 0.9180942 -7.61077e-6 0.7007297 0.7134269 6.79493e-6 0.396389 0.9180827 -2.36928e-5 0.8355907 0.5493528 2.18451e-5 0.7209113 0.6930274 -2.17855e-5 0.7007489 0.713408 -1.14143e-5 0.8355644 0.5493926 -5.37932e-6 0.6096516 0.3582254 0.7071065 0.8355594 0.5494003 -3.71039e-6 0.3433102 0.6181848 0.7070966 -0.7692679 0.6389263 3.35872e-5 0.3963894 0.9180826 -2.98514e-5 0.3963896 0.9180824 2.86434e-5 -0.7330728 0.6801502 2.94298e-7 0.3963724 0.9180899 2.52724e-5 -0.7692878 0.6389024 1.43368e-5 -0.6342773 0.4920783 0.5962812 0.3966457 0.9179718 -9.97484e-5 -0.7348791 0.6781982 -2.1328e-4 0.3581088 0.6870468 0.6322379 0.3963891 0.9180827 2.87741e-5 0.3836448 0.8217005 0.4214559 -0.6342436 0.4920665 0.5963269 0.383187 0.8219367 0.4214118 0.3966661 0.9179629 -4.47035e-5 0.3433469 0.6181012 0.707152 0.3964058 0.9180755 5.43594e-5 0.3581206 0.6870535 0.6322241 0.6068587 0.6178238 0.5000163 0.3963938 0.9180807 -1.86861e-5 0.7007341 0.7134226 6.12205e-6 -0.7089788 0.4595136 0.5349733 -0.7675818 0.6409511 1.24663e-4 0.3966386 0.9179749 -1.42753e-5 0.3615089 0.8696889 0.3360845 -0.7090143 0.4595213 0.5349196 0.3966147 0.9179852 3.11434e-5 0.6068382 0.6178456 0.5000144 0.3612701 0.869722 0.3362551 0.396386 0.918084 -8.89599e-6 0.6078572 -0.6168639 0.4999886 0.7200092 -0.6939646 4.47035e-6 0.7018653 -0.7123098 -1.41667e-6 0.3624975 -0.8756276 0.319174 0.353453 -0.8646327 0.3570451 0.7018884 -0.712287 -7.56979e-6 0.6078275 -0.6168863 0.4999971 0.7018907 -0.7122848 -8.73208e-6 0.3534415 -0.8646287 0.3570664 -0.8577393 0.5140851 4.6204e-5 -0.8577392 0.5140852 2.86013e-5 -0.7348285 -0.678253 1.5825e-5 -0.8529412 0.5220057 0.001132965 -0.7366302 -0.6762956 5.50658e-4 -0.8576161 0.5142903 4.69193e-4 -0.7709309 -0.6369189 1.62181e-5 -0.8577427 0.5140794 -4.33177e-5 -0.7348539 -0.6782256 -2.64319e-5 -0.713962 -0.4776616 0.5119547 -0.7366337 -0.6762918 6.20365e-4 -0.8529221 0.5220371 0.001128613 0.3625015 -0.8756113 0.3192144 -0.736645 -0.6762795 5.81838e-4 -0.7139589 -0.477622 0.511996 -0.8683174 0.4960092 0 -0.8577612 0.5140483 0 -0.8577613 0.5140483 1.57161e-7 -0.8528694 0.5221244 -2.026e-5 -0.8529446 0.5220003 0.001144051 -0.8575999 0.5143174 4.85464e-4 -0.635606 -0.4904775 0.5961854 -0.8592789 0.5115075 1.43349e-5 -0.7692593 -0.6389369 -8.3372e-5 -0.6356095 -0.4904437 0.5962094 -0.869471 0.4939807 0.001866459 -0.8592752 0.5115137 1.80453e-5 -0.6356282 -0.4904676 0.5961698 -0.7692589 -0.6389372 -6.90967e-5 0.3816457 -0.8237068 0.4193493 0.3537388 -0.8630624 0.3605445 -0.6470031 -0.2231638 0.7290987 0.2694324 -0.7298133 0.6283142 0.07781368 -0.4881013 0.8693113 0.2693282 -0.7297883 0.628388 -0.6434264 -0.2270538 0.7310603 0.6078334 -0.616884 0.4999927 0.3534493 -0.8646394 0.357033 0.2691978 -0.7297818 0.6284514 0.3509208 -0.3561505 0.866032 0.6078478 -0.6168659 0.4999976 0.2692206 -0.7297698 0.6284556 0.1491847 -0.4043874 0.9023386 0.350928 -0.3561528 0.8660282 0.2692224 -0.7297588 0.6284676 0.07773363 -0.488034 0.8693564 0.1491759 -0.404371 0.9023474 0.2692043 -0.729766 0.628467 -0.7139701 -0.4776398 0.5119639 -0.8383153 0.5451858 -2.73302e-4 -0.6469774 -0.2231295 0.7291321 -0.8145707 0.5800643 5.11631e-4 -0.643418 -0.2270827 0.7310586 -0.8384352 0.5450013 -1.27256e-4 0.3537494 -0.8630385 0.3605911 -0.7139758 -0.4776169 0.5119774 -0.646952 -0.2231176 0.7291582 -0.5925061 0.3640341 0.7186207 0.07784742 -0.4881066 0.8693054 -0.6434279 -0.2270562 0.7310582 -0.787606 0.6161793 1.58485e-4 -0.5925188 0.3640312 0.7186117 -0.6434436 -0.2270737 0.7310389 -0.8145931 0.5800327 5.29706e-4 -0.7876262 0.6161535 1.25051e-4 -0.6434652 -0.2270935 0.7310137 -0.7139931 -0.4776389 0.5119326 -0.8529397 0.5220084 0.001123726 -0.8382937 0.545219 -2.65962e-4 0.3624932 -0.8756093 0.3192288 -0.7139387 -0.477625 0.5120216 0.3537515 -0.8630281 0.3606141 0.07773172 -0.4880173 0.8693659 -2.20835e-5 -0.1372329 0.9905389 0.1491556 -0.4043689 0.9023517 2.03403e-5 -0.06877654 0.9976322 0.1491571 -0.4043895 0.9023423 1.55084e-5 -0.1372549 0.9905358 -0.5925491 0.3639984 0.7186034 6.34044e-5 -0.1373466 0.9905231 0.07782369 -0.4881073 0.8693071 -2.25948e-6 -0.06911915 0.9976085 -2.20956e-7 -0.06878376 0.9976316 -1.10269e-6 -0.1372513 0.9905363 1.89543e-5 -0.0690881 0.9976106 -1.38134e-5 -0.1372654 0.9905343 -0.5925742 0.364063 0.7185499 -0.7823275 0.6228674 3.80389e-5 -0.5925874 0.3640753 0.7185328 -0.7875858 0.616205 2.08616e-6 -0.5406746 0.4380376 0.7181881 -3.8527e-5 -0.06911087 0.997609 -0.5925816 0.364093 0.7185286 -0.7769952 0.6295066 -5.78229e-6 -0.5406906 0.4380595 0.7181627 -0.5925918 0.3640583 0.7185378 -0.7823534 0.6228348 3.317e-5 -0.7770071 0.6294919 -2.01911e-5 -0.5925607 0.3640768 0.7185541 -0.5582787 -0.4509414 0.6964027 -0.728064 -0.6855093 5.84125e-6 -0.7535349 -0.657408 -1.86712e-5 -0.5148274 -0.4847376 0.7070941 -0.3965443 -0.9180157 -2.68519e-5 -0.728039 -0.6855358 -1.06934e-5 -0.5582795 -0.4509434 0.696401 -0.5148108 -0.4847556 0.707094 -0.7280387 -0.685536 -1.06096e-5 -0.5583097 -0.4509045 0.6964019 -0.7535434 -0.6573982 -2.83122e-6 -0.7779607 -0.628313 -2.09065e-6 -0.5723902 -0.370172 0.7316709 -0.7779391 -0.6283398 3.05772e-5 -0.7821519 -0.6230878 5.41843e-6 -0.5723622 -0.3702101 0.7316734 -0.5584655 -0.4510909 0.6961562 -0.7779624 -0.6283108 2.1033e-5 -0.5723636 -0.3701702 0.7316926 -0.7821727 -0.6230618 1.06096e-5 -0.7863056 -0.6178377 -1.35528e-5 -0.637196 0.1934326 0.746033 -0.7862979 -0.6178476 1.28329e-4 -0.8126952 -0.5826892 -2.11e-5 -0.6371592 0.1934219 0.7460672 -0.572346 -0.3701853 0.7316987 -0.7863195 -0.6178202 1.23292e-4 -0.637149 0.1933655 0.7460904 -0.8127017 -0.5826799 -2.63155e-5 -0.837576 -0.5463209 -9.86382e-5 -0.7090179 0.4595233 0.5349131 -0.837432 -0.5465418 -1.97709e-4 -0.8534451 -0.5211818 0.001048743 -0.7090049 0.459535 0.5349203 -0.6405072 0.189725 0.7441471 -0.8374648 -0.5464914 -2.25971e-4 -0.767592 0.6409389 1.30206e-4 -0.853439 -0.521192 0.001071095 -0.853528 -0.521047 -3.67291e-4 -0.7089819 0.4595008 0.5349802 -0.8534309 -0.521205 0.001048088 -0.7675761 0.6409578 1.71229e-4 -0.767598 0.6409316 1.4028e-4 -0.853528 -0.521047 -4.00588e-4 -0.8589353 -0.5120841 2.52128e-5 -0.733092 0.6801297 -1.88649e-5 -0.8590754 -0.5118491 1.56968e-5 -0.8590754 -0.5118492 3.57046e-6 -0.7330836 0.6801385 3.58457e-5 -0.7692679 0.6389266 3.0891e-5 -0.8590792 -0.5118429 -3.26335e-6 -0.7348721 0.6782057 -2.00167e-4 -0.8606091 -0.5092664 -5.52535e-5 -0.8707951 -0.4916425 0.001862943 -0.6342754 0.4920811 0.5962809 -0.8708063 -0.4916228 0.001847684 -0.8849931 -0.4655976 0.002459585 -0.6342642 0.4920938 0.5962824 -0.7348569 0.6782224 -2.32428e-4 -0.8707938 -0.4916449 0.001907646 -0.4821394 0.266921 0.8344429 -0.8849666 -0.4656483 0.00246936 -0.9049701 -0.425466 0.00282514 -0.6342362 0.492074 0.5963286 -0.884995 -0.4655939 0.002453565 -0.482112 0.2669219 0.8344584 -0.3834621 0.1051483 0.9175515 -0.9049723 -0.4254612 0.002819538 -0.9293339 -0.3692283 0.002991557 -0.4821419 0.2669267 0.8344395 -0.9050027 -0.4253968 0.002791702 -0.3834589 0.1051609 0.9175513 -0.3251399 -0.009885251 0.9456143 -0.9293324 -0.3692322 0.002996206 -0.9554791 -0.2950441 0.00298351 -0.3834557 0.1051434 0.9175547 -0.9293209 -0.3692612 0.00296247 -0.3251539 -0.009872138 0.9456097 -0.6737056 0.2098841 0.7085686 -0.955473 -0.2950789 -8.55327e-6 -0.9999992 0.001293838 -1.80751e-5 -0.6699404 -0.2068377 0.7130205 -0.3251255 -0.009920716 0.9456189 -0.955499 -0.2949791 0.003001749 -0.673671 0.2099193 0.7085911 -0.6712982 -0.2072804 0.7116134 -0.9554936 -0.2950119 3.09944e-5 -0.6736761 0.209928 0.7085837 -0.9999992 0.001333355 -4.79817e-6 -0.9547325 0.2974658 -5.83567e-6 -0.671931 0.2093634 0.7104054 -0.9547213 0.2974867 0.002970695 -0.9284452 0.3714578 0.002971291 -0.3838932 -0.104477 0.9174478 -0.9284725 0.3713895 0.002946794 -0.9039131 0.4277071 0.002815783 -0.3251439 0.0107094 0.9456039 -0.9284476 0.3714519 0.002946138 -0.383902 -0.1044735 0.9174446 -0.2939131 0.09162062 0.9514309 -0.9284531 0.371438 0.002924859 -0.3251517 0.01072448 0.9456011 -0.6719103 0.2093608 0.7104257 -0.9284702 0.3713951 0.0029549 -0.2939338 0.09156274 0.9514301 -0.4829893 -0.2659621 0.8342576 -0.9039171 0.4276986 0.002799749 -0.8837375 0.4679768 0.002446413 -0.3839215 -0.1044961 0.9174339 -0.9039093 0.4277151 0.002796173 -0.4830323 -0.2659894 0.8342239 -0.4830174 -0.2659825 0.8342347 -0.8837286 0.4679932 0.002477765 -0.8694759 0.4939718 0.001884102 -0.4830089 -0.2659809 0.8342402 -0.8694571 0.494005 0.001894176 -0.6355932 -0.4904546 0.5962178 -1.39475e-5 0.1080968 0.9941405 -2.02283e-5 0.05433803 0.9985226 -0.5584633 -0.4511039 0.6961494 -0.5723732 -0.3701816 0.7316793 2.17445e-5 0.1081086 0.9941391 -0.5584656 -0.4510865 0.6961589 0 0.05411809 0.9985346 -6.85453e-7 0.05435746 0.9985216 0 0.1081032 0.9941397 0.06360709 0.4380483 0.8966983 6.69323e-5 0.1081695 0.9941325 -0.5723431 -0.3701695 0.731709 0.1416348 0.3877482 0.9108188 -8.67248e-6 0.1081033 0.9941397 0.06361901 0.4379702 0.8967357 0.06360429 0.438066 0.8966899 -0.5723768 -0.3701632 0.7316858 0.2581107 0.7063905 0.6590837 -0.6371424 0.1933829 0.7460917 0.2581354 0.7063575 0.6591095 -0.5723053 -0.3702101 0.7317179 0.1416359 0.3877406 0.910822 0.06361383 0.4379732 0.8967346 0.2580325 0.7063396 0.6591689 0.3503846 0.3567178 0.8660156 0.141652 0.3877529 0.9108142 0.2580458 0.7063435 0.6591595 0.351059 0.8546659 0.3824968 0.2582373 0.7064141 0.6590089 -0.6405137 0.1896803 0.7441529 0.6068671 0.617819 0.500012 0.2580166 0.706345 0.6591693 0.350596 0.8566428 0.3784781 0.6068518 0.6178283 0.500019 0.3503696 0.3567125 0.8660239 0.2580171 0.706363 0.65915 0.3510804 0.8546448 0.3825243 -0.6404868 0.1896738 0.7441779 -0.7090027 0.4595197 0.5349363 0.3614766 0.8697119 0.3360593 0.3510804 0.8546661 0.3824768 -0.7089949 0.4594786 0.534982 0.6068675 0.617821 0.5000091 0.3506194 0.8566432 0.3784556 0.3612758 0.8697302 0.336228 -0.634277 0.4920657 0.5962919 0.3583058 0.6871688 0.6319937 0.383165 0.8219478 0.4214103 -0.4821344 0.2669093 0.8344496 0.3407307 0.6155218 0.7106585 0.3583186 0.687141 0.6320167 -0.6342725 0.4920608 0.5963008 -0.4821236 0.2669479 0.8344434 0.3583148 0.687159 0.6319992 0.1921586 0.2473452 0.9496818 0.3433668 0.618093 0.7071495 0.3020876 0.4906063 0.8173424 -0.4821437 0.2669482 0.8344317 0.3019759 0.4906753 0.8173424 0.3406904 0.6155372 0.7106645 -4.39733e-5 4.26769e-5 1 0.3433207 0.6182191 0.7070617 0.1921348 0.2474387 0.9496622 0.6096478 0.3582396 0.7071025 0.3433176 0.6181617 0.7071132 -3.24287e-6 -2.72393e-5 1 -0.3834779 0.1052119 0.9175376 0.1918804 0.2472668 0.9497584 0.3019976 0.4906541 0.8173471 -0.4821419 0.2669145 0.8344435 -0.3834893 0.1051612 0.9175387 0.301979 0.4906824 0.8173369 -0.2941645 -0.09082233 0.9514297 4.53442e-5 8.09506e-6 1 0.1918917 0.2472771 0.9497535 -0.3251548 -0.009881854 0.9456092 -0.294176 -0.09078973 0.9514293 0.1918842 0.2472776 0.9497548 -0.3834986 0.1051963 0.9175307 -0.3251489 -0.009885907 0.9456112 0.1918997 0.2472611 0.9497561 1.80155e-5 1.69277e-5 1 2.13343e-5 4.43682e-6 1 -0.2994912 -0.09245401 0.9496091 -3.23653e-5 7.40588e-6 1 0.6096389 0.3582583 0.7071007 -2.14279e-5 -9.49204e-6 1 -0.6699506 -0.2068313 0.7130127 -0.2941503 -0.0908212 0.9514343 -0.3251628 -0.009908437 0.9456062 -0.2995984 0.0933572 0.9494869 -0.2994816 -0.09248203 0.9496093 -0.6712852 -0.2072656 0.7116299 -0.2995842 0.09333932 0.9494931 -3.8892e-6 0 1 -0.2994847 -0.0924682 0.9496097 -2.77311e-5 4.45615e-6 1 -0.2994776 -0.09245169 0.9496136 -2.77981e-5 4.17908e-6 1 -0.6736722 0.2098965 0.7085967 -0.2995654 0.09334629 0.9494984 -0.6713064 -0.2072616 0.711611 -0.6356291 -0.4904748 0.5961629 0.3816414 -0.8237099 0.4193472 0.3567414 -0.6895529 0.6302797 -0.6356162 -0.4904586 0.59619 0.3567376 -0.6895689 0.6302643 0.3389925 -0.6163516 0.7107706 0.3013831 -0.4929012 0.816221 0.3417625 -0.619033 0.7071044 0.6087399 -0.3598018 0.7070915 -0.4830126 -0.2659622 0.834244 0.3389883 -0.6163902 0.7107391 0.3014374 -0.4928892 0.8162082 -0.4830251 -0.2659683 0.8342349 -0.6356275 -0.4904471 0.5961874 0.3389785 -0.6163956 0.7107391 2.72691e-6 -2.86102e-5 1 0.6087396 -0.359776 0.7071049 0.7071274 -9.24692e-4 0.7070856 0.1919957 -0.2487109 0.949358 0.3013799 -0.4929025 0.8162214 0.6087347 -0.3598097 0.707092 1.72555e-5 2.01911e-6 1 0.1919886 -0.2487207 0.9493569 0.6087176 -0.3597989 0.7071122 2.08914e-5 2.38419e-7 1 2.64496e-5 9.46224e-6 1 0.6087324 -0.3597766 0.7071109 2.21133e-5 -4.67896e-6 1 0.7071059 -8.82059e-4 0.7071071 0.6096389 0.3582249 0.7071176 1.5825e-5 -3.74764e-6 1 1.71214e-5 2.87592e-6 1 0.7071071 -8.81515e-4 0.7071059 1.7494e-5 -1.60933e-5 1 1.71143e-5 -1.41114e-5 1 0.7070958 -8.7595e-4 0.7071173 -0.3839437 -0.1044833 0.917426 0.3014137 -0.4928833 0.8162206 0.1919972 -0.2487528 0.9493467 -0.3839374 -0.1044692 0.9174304 -0.4830087 -0.2659799 0.8342406 0.3014451 -0.4928541 0.8162266 -0.3251122 0.01073884 0.9456145 0.1919631 -0.2487428 0.9493563 5.01499e-5 -3.12552e-5 1 -0.3251227 0.01071816 0.9456111 -0.3839325 -0.1044628 0.9174331 0.1919954 -0.2487381 0.949351 -1.31396e-5 0 1 1.18602e-5 0 1 -0.2939453 0.0915808 0.9514248 -0.3251416 0.01072752 0.9456046 5.15096e-5 -2.47024e-5 1 -0.7071246 0.3535483 0.6123549 -2.66731e-6 0.7070854 0.7071283 -0.7070986 0.6123703 0.3535737 -0.7251077 -0.4346671 -0.5341193 -0.9047374 -1.45286e-5 -0.4259698 -0.7251045 1.81049e-6 -0.688639 -0.4475542 -0.7177699 -0.533387 -0.7250899 -0.434687 -0.5341271 -0.7251169 1.3262e-6 -0.6886258 -0.4475224 -0.7177966 -0.5333777 -0.7251008 -0.6368879 -0.2619214 -0.7251088 -0.4346753 -0.5341112 9.67477e-7 0 -1 2.60493e-7 0 -1 -2.56761e-7 0 -1 1.50131e-7 0 -1 2.56761e-7 0 -1 9.6747e-7 0 -1 2.60493e-7 0 -1 -3.29366e-7 0 -1 -1.46528e-7 0 -1</float_array>
          <technique_common>
            <accessor source="#imetro_finger_v2_m_vis-mesh-normals-array" count="4493" stride="3">
              <param name="X" type="float"/>
              <param name="Y" type="float"/>
              <param name="Z" type="float"/>
            </accessor>
          </technique_common>
        </source>
        <source id="imetro_finger_v2_m_vis-mesh-map-0">
          <float_array id="imetro_finger_v2_m_vis-mesh-map-0-array" count="10692">0.794603 0 0.330131 0 0.319076 0 0.339437 0.009384989 0.319076 0 0.330131 0 0.333393 0 0.794603 0 0.319076 0 0.282693 0 0.319076 0 0.06595498 0 0.317142 0.009952962 0.06595498 0 0.319076 0 0.312938 0 0.333393 0 0.319076 0 0.282693 0 0.312938 0 0.319076 0 0.317142 0.009952962 0.319076 0 0.339437 0.009384989 0.794603 0 0.341094 0 0.330131 0 0.339437 0.009384989 0.330131 0 0.341094 0 0.78126 0.001910984 0.341094 0 0.794603 0 0.422142 0.048666 0.339437 0.009384989 0.341094 0 0.381937 0.01027697 0.422142 0.048666 0.341094 0 0.766037 0.008476972 0.381937 0.01027697 0.341094 0 0.766037 0.008476972 0.341094 0 0.78126 0.001910984 0.329376 0 0.835574 0 0.794603 0 0.860346 0.021905 0.794603 0 0.835574 0 0.335495 0 0.794603 0 0.333393 0 0.335495 0 0.329376 0 0.794603 0 0.805172 0.009619951 0.794603 0 0.860346 0.021905 0.78126 0.001910984 0.794603 0 0.805172 0.009619951 0.291618 0 0.838991 0 0.835574 0 0.860346 0.021905 0.835574 0 0.838991 0 0.329376 0 0.291618 0 0.835574 0 0.291618 0 0.911435 0 0.838991 0 0.969571 0.07637798 0.838991 0 0.911435 0 0.860346 0.021905 0.838991 0 0.969571 0.07637798 0.237093 0 0.08262997 0 0.911435 0 0.04576396 0.04550796 0.911435 0 0.08262997 0 0.248673 0 0.237093 0 0.911435 0 0.291618 0 0.248673 0 0.911435 0 0.969571 0.07637798 0.911435 0 0.04576396 0.04550796 0.133314 0 0.07788598 0 0.08262997 0 0.04576396 0.04550796 0.08262997 0 0.07788598 0 0.150393 0 0.08262997 0 0.161773 0 0.237093 0 0.161773 0 0.08262997 0 0.150393 0 0.133314 0 0.08262997 0 0.085967 0 0.03460997 0 0.07788598 0 0.054358 0.01323199 0.07788598 0 0.03460997 0 0.09862297 0 0.085967 0 0.07788598 0 0.133314 0 0.09862297 0 0.07788598 0 0.07204198 0.02047199 0.07788598 0 0.054358 0.01323199 0.04576396 0.04550796 0.07788598 0 0.07204198 0.02047199 0.02018696 0 0.008377969 0 0.03460997 0 0.002480983 0.007826983 0.03460997 0 0.008377969 0 0.085967 0 0.09703397 0 0.03460997 0 0.06035596 0 0.03460997 0 0.09703397 0 0.04959398 0 0.03460997 0 0.06035596 0 0.03766995 0 0.02018696 0 0.03460997 0 0.04959398 0 0.03766995 0 0.03460997 0 0.02756094 0.009936988 0.03460997 0 0.002480983 0.007826983 0.054358 0.01323199 0.03460997 0 0.02756094 0.009936988 0.01877295 0 0.007987976 0 0.008377969 0 0.002480983 0.007826983 0.008377969 0 0.007987976 0 0.02018696 0 0.01877295 0 0.008377969 0 0.03393495 0 0.02044898 0 0.007987976 0 0.006510972 0.006795942 0.007987976 0 0.02044898 0 0.05094295 0 0.03393495 0 0.007987976 0 0.03100097 0 0.05094295 0 0.007987976 0 0.01877295 0 0.03100097 0 0.007987976 0 4.43e-4 0.007255971 0.007987976 0 0.006510972 0.006795942 0.002480983 0.007826983 0.007987976 0 4.43e-4 0.007255971 0.03132098 0.006306946 0.02044898 0 0.03393495 0 0.01803499 0.006509959 0.02044898 0 0.03132098 0.006306946 0.006510972 0.006795942 0.02044898 0 0.01803499 0.006509959 0.03132098 0.006306946 0.03393495 0 0.05094295 0 0.04935699 0 0.06595498 0 0.05094295 0 0.05864495 0.006265997 0.05094295 0 0.06595498 0 0.03994798 0 0.04935699 0 0.05094295 0 0.03100097 0 0.03994798 0 0.05094295 0 0.04483199 0.006195962 0.05094295 0 0.05864495 0.006265997 0.03132098 0.006306946 0.05094295 0 0.04483199 0.006195962 0.120955 0 0.146584 0 0.06595498 0 0.282693 0 0.06595498 0 0.146584 0 0.108119 0 0.120955 0 0.06595498 0 0.09703397 0 0.108119 0 0.06595498 0 0.07093298 0 0.09703397 0 0.06595498 0 0.06530296 0 0.07093298 0 0.06595498 0 0.04935699 0 0.06530296 0 0.06595498 0 0.07014799 0.006512999 0.06595498 0 0.317142 0.009952962 0.05864495 0.006265997 0.06595498 0 0.07014799 0.006512999 0.237093 0 0.163985 0 0.161773 0 0.161773 0.143989 0.161773 0 0.163985 0 0.133615 0.157921 0.150393 0 0.161773 0 0.133615 0.157921 0.161773 0 0.161773 0.143989 0.237093 0 0.146584 0 0.163985 0 0.163906 0.1254889 0.163985 0 0.146584 0 0.166063 0.134222 0.163985 0 0.163906 0.1254889 0.161773 0.143989 0.163985 0 0.166063 0.134222 0.146345 0.114167 0.146584 0 0.120955 0 0.253553 0 0.282693 0 0.146584 0 0.242819 0 0.253553 0 0.146584 0 0.237093 0 0.242819 0 0.146584 0 0.163906 0.1254889 0.146584 0 0.146345 0.114167 0.120743 0.111581 0.120955 0 0.108119 0 0.146345 0.114167 0.120955 0 0.120743 0.111581 0.120743 0.111581 0.108119 0 0.09703397 0 0.09703397 0.117699 0.09703397 0 0.085967 0 0.07093298 0 0.06035596 0 0.09703397 0 0.120743 0.111581 0.09703397 0 0.09703397 0.117699 0.08596301 0.132551 0.085967 0 0.09862297 0 0.08913695 0.1241199 0.09703397 0.117699 0.085967 0 0.08913695 0.1241199 0.085967 0 0.08596301 0.132551 0.098894 0.1512809 0.09862297 0 0.133314 0 0.08596301 0.132551 0.09862297 0 0.098894 0.1512809 0.133615 0.157921 0.133314 0 0.150393 0 0.098894 0.1512809 0.133314 0 0.133615 0.157921 0.06035596 0.09811395 0.06035596 0 0.07093298 0 0.03785598 0.100155 0.04959398 0 0.06035596 0 0.03785598 0.100155 0.06035596 0 0.06035596 0.09811395 0.070948 0.09011095 0.07093298 0 0.06530296 0 0.06781196 0.09440696 0.07093298 0 0.070948 0.09011095 0.06035596 0.09811395 0.07093298 0 0.06781196 0.09440696 0.06517797 0.08278995 0.06530296 0 0.04935699 0 0.070948 0.09011095 0.06530296 0 0.06517797 0.08278995 0.04920899 0.07931298 0.04935699 0 0.03994798 0 0.06517797 0.08278995 0.04935699 0 0.04920899 0.07931298 0.04920899 0.07931298 0.03994798 0 0.03100097 0 0.03100097 0.080379 0.03100097 0 0.01877295 0 0.04920899 0.07931298 0.03100097 0 0.03100097 0.080379 0.01872199 0.08590495 0.01877295 0 0.02018696 0 0.02357697 0.08263099 0.03100097 0.080379 0.01877295 0 0.02357697 0.08263099 0.01877295 0 0.01872199 0.08590495 0.02028995 0.09417098 0.02018696 0 0.03766995 0 0.01872199 0.08590495 0.02018696 0 0.02028995 0.09417098 0.03785598 0.100155 0.03766995 0 0.04959398 0 0.02028995 0.09417098 0.03766995 0 0.03785598 0.100155 0.333393 0.153663 0.333393 0 0.312938 0 0.329548 0.181752 0.335495 0 0.333393 0 0.329548 0.181752 0.333393 0 0.333393 0.153663 0.312716 0.1365669 0.312938 0 0.282693 0 0.325112 0.14347 0.312938 0 0.312716 0.1365669 0.333393 0.153663 0.312938 0 0.325112 0.14347 0.28237 0.13209 0.282693 0 0.253553 0 0.312716 0.1365669 0.282693 0 0.28237 0.13209 0.253351 0.139436 0.253553 0 0.242819 0 0.28237 0.13209 0.253553 0 0.253351 0.139436 0.253351 0.139436 0.242819 0 0.237093 0 0.237093 0.1594009 0.237093 0 0.248673 0 0.253351 0.139436 0.237093 0 0.237093 0.1594009 0.248915 0.1886889 0.248673 0 0.291618 0 0.238533 0.173753 0.237093 0.1594009 0.248673 0 0.238533 0.173753 0.248673 0 0.248915 0.1886889 0.29212 0.202489 0.291618 0 0.329376 0 0.248915 0.1886889 0.291618 0 0.29212 0.202489 0.329548 0.181752 0.329376 0 0.335495 0 0.29212 0.202489 0.329376 0 0.329548 0.181752 0.317142 0.009952962 0.327611 0.03308099 0.31638 0.03345698 0.31638 0.383289 0.31638 0.03345698 0.327611 0.03308099 0.07014799 0.006512999 0.317142 0.009952962 0.31638 0.03345698 0.07184797 0.27009 0.31638 0.03345698 0.31638 0.383289 0.07184797 0.02208995 0.31638 0.03345698 0.07184797 0.27009 0.07014799 0.006512999 0.31638 0.03345698 0.07184797 0.02208995 0.317142 0.009952962 0.33875 0.03273499 0.327611 0.03308099 0.333705 0.378143 0.327611 0.03308099 0.33875 0.03273499 0.333705 0.378143 0.31638 0.383289 0.327611 0.03308099 0.317142 0.009952962 0.339437 0.009384989 0.33875 0.03273499 0.379018 0.04120397 0.33875 0.03273499 0.339437 0.009384989 0.350822 0.373569 0.33875 0.03273499 0.379018 0.04120397 0.350822 0.373569 0.333705 0.378143 0.33875 0.03273499 0.379018 0.04120397 0.339437 0.009384989 0.419921 0.06709897 0.422142 0.048666 0.419921 0.06709897 0.339437 0.009384989 0.387165 0.426151 0.379018 0.04120397 0.419921 0.06709897 0.403079 0.432401 0.387165 0.426151 0.419921 0.06709897 0.419921 0.439209 0.403079 0.432401 0.419921 0.06709897 0.535021 0.327786 0.419921 0.439209 0.419921 0.06709897 0.447175 0.09446495 0.419921 0.06709897 0.422142 0.048666 0.447175 0.09446495 0.470194 0.124777 0.419921 0.06709897 0.497246 0.174139 0.419921 0.06709897 0.470194 0.124777 0.516104 0.225807 0.535021 0.327786 0.419921 0.06709897 0.497246 0.174139 0.516104 0.225807 0.419921 0.06709897 0.375236 0.385762 0.350822 0.373569 0.379018 0.04120397 0.375555 0.386227 0.375236 0.385762 0.379018 0.04120397 0.387165 0.426151 0.375555 0.386227 0.379018 0.04120397 0.351407 0.39348 0.31638 0.383289 0.333705 0.378143 0.317142 0.403971 0.31638 0.383289 0.351407 0.39348 0.07184797 0.27009 0.31638 0.383289 0.317142 0.403971 0.351407 0.39348 0.333705 0.378143 0.350822 0.373569 0.370217 0.405787 0.350822 0.373569 0.375236 0.385762 0.351407 0.39348 0.350822 0.373569 0.370217 0.405787 0.378752 0.435725 0.375236 0.385762 0.375555 0.386227 0.370217 0.405787 0.375236 0.385762 0.378752 0.435725 0.378752 0.435725 0.375555 0.386227 0.387165 0.426151 0.386984 0.427225 0.387165 0.426151 0.403079 0.432401 0.386984 0.427225 0.386808 0.428337 0.387165 0.426151 0.384731 0.429491 0.387165 0.426151 0.386808 0.428337 0.383645 0.430377 0.380328 0.434467 0.387165 0.426151 0.378752 0.435725 0.387165 0.426151 0.380328 0.434467 0.384731 0.429491 0.383645 0.430377 0.387165 0.426151 0.402921 0.433492 0.403079 0.432401 0.419921 0.439209 0.386808 0.428337 0.403079 0.432401 0.402921 0.433492 0.386984 0.427225 0.403079 0.432401 0.386808 0.428337 0.535015 0.426136 0.5059 0.649527 0.419921 0.439209 0.498759 0.696945 0.419921 0.439209 0.5059 0.649527 0.535021 0.327786 0.535015 0.426136 0.419921 0.439209 0.402921 0.433492 0.419921 0.439209 0.498759 0.696945 0.381937 0.01027697 0.423874 0.03963196 0.422142 0.048666 0.452862 0.06996399 0.422142 0.048666 0.423874 0.03963196 0.473538 0.110567 0.470194 0.124777 0.422142 0.048666 0.447175 0.09446495 0.422142 0.048666 0.470194 0.124777 0.289679 0.187577 0.261452 0.179486 0.248915 0.1886889 0.476947 0.103275 0.473538 0.110567 0.422142 0.048666 0.452862 0.06996399 0.476947 0.103275 0.422142 0.048666 0.733382 0.05242997 0.423874 0.03963196 0.381937 0.01027697 0.72665 0.08113199 0.452862 0.06996399 0.423874 0.03963196 0.733382 0.05242997 0.72665 0.08113199 0.423874 0.03963196 0.733382 0.05242997 0.381937 0.01027697 0.766037 0.008476972 0.507803 0.1782889 0.470194 0.124777 0.473538 0.110567 0.507803 0.1782889 0.497246 0.174139 0.470194 0.124777 0.261452 0.179486 0.238533 0.173753 0.248915 0.1886889 0.507803 0.1782889 0.473538 0.110567 0.504678 0.156966 0.504678 0.156966 0.473538 0.110567 0.476947 0.103275 0.723886 0.112246 0.476947 0.103275 0.452862 0.06996399 0.726202 0.170224 0.476947 0.103275 0.723886 0.112246 0.504678 0.156966 0.476947 0.103275 0.726202 0.170224 0.72665 0.08113199 0.723886 0.112246 0.452862 0.06996399 0.53884 0.425688 0.5059 0.649527 0.535015 0.426136 0.53884 0.425688 0.510271 0.648958 0.5059 0.649527 0.5059 0.746518 0.5059 0.649527 0.510271 0.648958 0.498759 0.696945 0.5059 0.649527 0.5059 0.746518 0.53884 0.425688 0.535015 0.426136 0.535021 0.327786 0.530486 0.256906 0.535021 0.327786 0.516104 0.225807 0.53884 0.425688 0.535021 0.327786 0.539969 0.425982 0.541261 0.341325 0.539969 0.425982 0.535021 0.327786 0.530486 0.256906 0.541261 0.341325 0.535021 0.327786 0.507803 0.1782889 0.516104 0.225807 0.497246 0.174139 0.507803 0.1782889 0.530486 0.256906 0.516104 0.225807 0.542997 0.427616 0.514637 0.651042 0.510271 0.648958 0.5059 0.746518 0.510271 0.648958 0.514637 0.651042 0.539969 0.425982 0.542997 0.427616 0.510271 0.648958 0.53884 0.425688 0.539969 0.425982 0.510271 0.648958 0.773073 0.761 0.514637 0.651042 0.542997 0.427616 0.513625 0.746286 0.5059 0.746518 0.514637 0.651042 0.509961 0.695452 0.513625 0.746286 0.514637 0.651042 0.773073 0.761 0.509961 0.695452 0.514637 0.651042 0.541261 0.341325 0.542997 0.427616 0.539969 0.425982 0.542955 0.322367 0.740303 0.392954 0.542997 0.427616 0.773073 0.761 0.542997 0.427616 0.740303 0.392954 0.541261 0.341325 0.542955 0.322367 0.542997 0.427616 0.498759 0.696945 0.5059 0.746518 0.499873 0.751376 0.511558 0.808903 0.499873 0.751376 0.5059 0.746518 0.389295 0.531064 0.498759 0.696945 0.499873 0.751376 0.39419 0.6149 0.389295 0.531064 0.499873 0.751376 0.481309 0.848333 0.39419 0.6149 0.499873 0.751376 0.481309 0.848333 0.499873 0.751376 0.511558 0.808903 0.520596 0.803329 0.5059 0.746518 0.513625 0.746286 0.515416 0.80528 0.511558 0.808903 0.5059 0.746518 0.520596 0.803329 0.515416 0.80528 0.5059 0.746518 0.773073 0.761 0.513625 0.746286 0.509961 0.695452 0.773073 0.761 0.523009 0.790244 0.513625 0.746286 0.521958 0.796731 0.513625 0.746286 0.523009 0.790244 0.521958 0.796731 0.520596 0.803329 0.513625 0.746286 0.386808 0.428337 0.402921 0.433492 0.498759 0.696945 0.386882 0.430341 0.386808 0.428337 0.498759 0.696945 0.386921 0.432349 0.386882 0.430341 0.498759 0.696945 0.389295 0.531064 0.386921 0.432349 0.498759 0.696945 0.378984 0.440419 0.386808 0.428337 0.386882 0.430341 0.378984 0.440419 0.384731 0.429491 0.386808 0.428337 0.378984 0.440419 0.386882 0.430341 0.386921 0.432349 0.390758 0.619251 0.386921 0.432349 0.389295 0.531064 0.390758 0.619251 0.378984 0.440419 0.386921 0.432349 0.390758 0.619251 0.389295 0.531064 0.39419 0.6149 0.481309 0.848333 0.460781 0.867864 0.39419 0.6149 0.456669 0.875859 0.39419 0.6149 0.460781 0.867864 0.390758 0.619251 0.39419 0.6149 0.456669 0.875859 0.378752 0.435725 0.377774 0.441521 0.378888 0.451207 0.378985 0.452618 0.378888 0.451207 0.377774 0.441521 0.370217 0.405787 0.378752 0.435725 0.378888 0.451207 0.414743 0.523261 0.378888 0.451207 0.378985 0.452618 0.414483 0.523084 0.370939 0.423313 0.378888 0.451207 0.370217 0.405787 0.378888 0.451207 0.370939 0.423313 0.414743 0.523261 0.414483 0.523084 0.378888 0.451207 0.378752 0.435725 0.380328 0.434467 0.377774 0.441521 0.378984 0.440419 0.377774 0.441521 0.380328 0.434467 0.377645 0.447109 0.379056 0.454026 0.377774 0.441521 0.378985 0.452618 0.377774 0.441521 0.379056 0.454026 0.378984 0.440419 0.377645 0.447109 0.377774 0.441521 0.378984 0.440419 0.380328 0.434467 0.383645 0.430377 0.378984 0.440419 0.383645 0.430377 0.384731 0.429491 0.383382 0.552533 0.379056 0.454026 0.377645 0.447109 0.414743 0.523261 0.378985 0.452618 0.379056 0.454026 0.421657 0.545186 0.414743 0.523261 0.379056 0.454026 0.383382 0.552533 0.421657 0.545186 0.379056 0.454026 0.388825 0.624508 0.377645 0.447109 0.378984 0.440419 0.39026 0.634734 0.377645 0.447109 0.388825 0.624508 0.383382 0.552533 0.377645 0.447109 0.39026 0.634734 0.388825 0.624508 0.378984 0.440419 0.390758 0.619251 0.406399 0.522284 0.370137 0.422028 0.370939 0.423313 0.370217 0.405787 0.370939 0.423313 0.370137 0.422028 0.414483 0.523084 0.406399 0.522284 0.370939 0.423313 0.39554 0.529498 0.352976 0.411379 0.370137 0.422028 0.351407 0.39348 0.370137 0.422028 0.352976 0.411379 0.406399 0.522284 0.39554 0.529498 0.370137 0.422028 0.351407 0.39348 0.370217 0.405787 0.370137 0.422028 0.398097 0.54844 0.352976 0.411379 0.39554 0.529498 0.317142 0.403971 0.351407 0.39348 0.352976 0.411379 0.336129 0.416338 0.317142 0.403971 0.352976 0.411379 0.390197 0.565154 0.336129 0.416338 0.352976 0.411379 0.398097 0.54844 0.390197 0.565154 0.352976 0.411379 0.423013 0.55073 0.39554 0.529498 0.406399 0.522284 0.423013 0.55073 0.398097 0.54844 0.39554 0.529498 0.423013 0.55073 0.406399 0.522284 0.414483 0.523084 0.431301 0.56979 0.414483 0.523084 0.414743 0.523261 0.423013 0.55073 0.414483 0.523084 0.431301 0.56979 0.431301 0.56979 0.414743 0.523261 0.421657 0.545186 0.383382 0.552533 0.421657 0.675552 0.421657 0.545186 0.434333 0.720666 0.421657 0.545186 0.421657 0.675552 0.434333 0.720666 0.431301 0.56979 0.421657 0.545186 0.336129 0.416338 0.319076 0.421913 0.317142 0.403971 0.07014799 0.284665 0.317142 0.403971 0.319076 0.421913 0.07184797 0.27009 0.317142 0.403971 0.07014799 0.284665 0.31957 0.503503 0.319076 0.421913 0.336129 0.416338 0.05913996 0.31234 0.06595498 0.293888 0.319076 0.421913 0.07014799 0.284665 0.319076 0.421913 0.06595498 0.293888 0.152802 0.435483 0.140794 0.413064 0.319076 0.421913 0.06277197 0.328829 0.319076 0.421913 0.140794 0.413064 0.153768 0.451048 0.152802 0.435483 0.319076 0.421913 0.150228 0.466881 0.153768 0.451048 0.319076 0.421913 0.262349 0.479149 0.150228 0.466881 0.319076 0.421913 0.06277197 0.328829 0.05913996 0.31234 0.319076 0.421913 0.283369 0.465294 0.262349 0.479149 0.319076 0.421913 0.30554 0.473851 0.283369 0.465294 0.319076 0.421913 0.31424 0.486377 0.30554 0.473851 0.319076 0.421913 0.31957 0.503503 0.31424 0.486377 0.319076 0.421913 0.315167 0.542838 0.336129 0.416338 0.390197 0.565154 0.315167 0.542838 0.31957 0.503503 0.336129 0.416338 0.09975498 0.529238 0.122907 0.512253 0.117793 0.522078 0.120836 0.529714 0.117793 0.522078 0.122907 0.512253 0.120746 0.595881 0.09975498 0.529238 0.117793 0.522078 0.118108 0.536311 0.118292 0.55232 0.117793 0.522078 0.118915 0.573028 0.117793 0.522078 0.118292 0.55232 0.120836 0.529714 0.118108 0.536311 0.117793 0.522078 0.118915 0.573028 0.120746 0.595881 0.117793 0.522078 0.150228 0.466881 0.240425 0.607244 0.122907 0.512253 0.126235 0.545851 0.122907 0.512253 0.240425 0.607244 0.1309379 0.486715 0.122907 0.512253 0.09975498 0.529238 0.1309379 0.486715 0.150228 0.466881 0.122907 0.512253 0.120836 0.529714 0.122907 0.512253 0.126235 0.545851 0.315167 0.542838 0.390197 0.565154 0.240425 0.607244 0.126235 0.545851 0.240425 0.607244 0.390197 0.565154 0.251851 0.512396 0.240425 0.607244 0.150228 0.466881 0.253802 0.532699 0.240425 0.607244 0.251851 0.512396 0.289996 0.565755 0.315167 0.542838 0.240425 0.607244 0.261618 0.551008 0.289996 0.565755 0.240425 0.607244 0.253802 0.532699 0.261618 0.551008 0.240425 0.607244 0.406023 0.611926 0.390197 0.565154 0.398097 0.54844 0.406023 0.611926 0.126235 0.545851 0.390197 0.565154 0.421099 0.583543 0.406023 0.611926 0.398097 0.54844 0.423013 0.55073 0.421099 0.583543 0.398097 0.54844 0.03472298 0.306533 0.05094295 0.283682 0.06595498 0.293888 0.07014799 0.284665 0.06595498 0.293888 0.05094295 0.283682 0.04784494 0.303912 0.03472298 0.306533 0.06595498 0.293888 0.05913996 0.31234 0.04784494 0.303912 0.06595498 0.293888 0.02044898 0.295409 0.03393495 0.287036 0.05094295 0.283682 0.04483199 0.272385 0.05094295 0.283682 0.03393495 0.287036 0.007987976 0.311514 0.02044898 0.295409 0.05094295 0.283682 0.03472298 0.306533 0.007987976 0.311514 0.05094295 0.283682 0.05864495 0.275084 0.07014799 0.284665 0.05094295 0.283682 0.04483199 0.272385 0.05864495 0.275084 0.05094295 0.283682 0.01803499 0.284527 0.03393495 0.287036 0.02044898 0.295409 0.03132098 0.276714 0.03393495 0.287036 0.01803499 0.284527 0.04483199 0.272385 0.03393495 0.287036 0.03132098 0.276714 0.01803499 0.284527 0.02044898 0.295409 0.007987976 0.311514 0.02624499 0.319615 0.008377969 0.336021 0.007987976 0.311514 4.43e-4 0.312595 0.007987976 0.311514 0.008377969 0.336021 0.02948796 0.311991 0.007987976 0.311514 0.03472298 0.306533 0.02948796 0.311991 0.02624499 0.319615 0.007987976 0.311514 0.006510972 0.295415 0.01803499 0.284527 0.007987976 0.311514 4.43e-4 0.312595 0.006510972 0.295415 0.007987976 0.311514 0.03990298 0.349025 0.03460997 0.404491 0.008377969 0.336021 0.02756094 0.403489 0.008377969 0.336021 0.03460997 0.404491 0.02782899 0.337358 0.03990298 0.349025 0.008377969 0.336021 0.02624499 0.319615 0.02782899 0.337358 0.008377969 0.336021 0.002480983 0.333235 0.008377969 0.336021 0.02756094 0.403489 4.43e-4 0.312595 0.008377969 0.336021 0.002480983 0.333235 0.105145 0.420378 0.05629998 0.46602 0.03460997 0.404491 0.07586699 0.551299 0.03460997 0.404491 0.05629998 0.46602 0.122219 0.407529 0.105145 0.420378 0.03460997 0.404491 0.05511295 0.345162 0.122219 0.407529 0.03460997 0.404491 0.03990298 0.349025 0.05511295 0.345162 0.03460997 0.404491 0.07586699 0.551299 0.07573997 0.552849 0.03460997 0.404491 0.07566696 0.553713 0.03460997 0.404491 0.07573997 0.552849 0.05892395 0.517602 0.02756094 0.403489 0.03460997 0.404491 0.07010197 0.544281 0.05892395 0.517602 0.03460997 0.404491 0.07287299 0.549676 0.07010197 0.544281 0.03460997 0.404491 0.07423698 0.552184 0.07287299 0.549676 0.03460997 0.404491 0.07558697 0.554573 0.07423698 0.552184 0.03460997 0.404491 0.07566696 0.553713 0.07558697 0.554573 0.03460997 0.404491 0.107971 0.477622 0.07599896 0.549754 0.05629998 0.46602 0.07586699 0.551299 0.05629998 0.46602 0.07599896 0.549754 0.09984296 0.433039 0.05629998 0.46602 0.105145 0.420378 0.09817397 0.448327 0.107971 0.477622 0.05629998 0.46602 0.09984296 0.433039 0.09817397 0.448327 0.05629998 0.46602 0.107971 0.477622 0.08849 0.537428 0.07599896 0.549754 0.09545397 0.589267 0.07599896 0.549754 0.08849 0.537428 0.07586699 0.551299 0.07599896 0.549754 0.09545397 0.589267 0.1309379 0.486715 0.09975498 0.529238 0.08849 0.537428 0.118061 0.614154 0.08849 0.537428 0.09975498 0.529238 0.107971 0.477622 0.1309379 0.486715 0.08849 0.537428 0.116454 0.635072 0.09545397 0.589267 0.08849 0.537428 0.118061 0.614154 0.116454 0.635072 0.08849 0.537428 0.120746 0.595881 0.118061 0.614154 0.09975498 0.529238 0.105145 0.121599 0.105145 0.420378 0.122219 0.407529 0.09816598 0.132412 0.09984296 0.433039 0.105145 0.420378 0.09816598 0.132412 0.105145 0.420378 0.105145 0.121599 0.05511295 0.345162 0.140794 0.413064 0.122219 0.407529 0.122369 0.116784 0.122219 0.407529 0.140794 0.413064 0.113039 0.118326 0.105145 0.121599 0.122219 0.407529 0.122369 0.116784 0.113039 0.118326 0.122219 0.407529 0.140963 0.118904 0.140794 0.413064 0.152802 0.435483 0.06036895 0.337801 0.06277197 0.328829 0.140794 0.413064 0.05511295 0.345162 0.06036895 0.337801 0.140794 0.413064 0.140963 0.118904 0.122369 0.116784 0.140794 0.413064 0.152849 0.127503 0.152802 0.435483 0.153768 0.451048 0.152849 0.127503 0.140963 0.118904 0.152802 0.435483 0.152849 0.127503 0.153768 0.451048 0.150228 0.466881 0.150228 0.140142 0.150228 0.466881 0.1309379 0.486715 0.262349 0.479149 0.251851 0.512396 0.150228 0.466881 0.152849 0.127503 0.150228 0.466881 0.150228 0.140142 0.130747 0.1486999 0.1309379 0.486715 0.107971 0.477622 0.142145 0.145676 0.150228 0.140142 0.1309379 0.486715 0.142145 0.145676 0.1309379 0.486715 0.130747 0.1486999 0.107787 0.144614 0.107971 0.477622 0.09817397 0.448327 0.130747 0.1486999 0.107971 0.477622 0.107787 0.144614 0.09816598 0.132412 0.09817397 0.448327 0.09984296 0.433039 0.107787 0.144614 0.09817397 0.448327 0.09816598 0.132412 0.03472298 0.08271795 0.03472298 0.306533 0.04784494 0.303912 0.02627599 0.08677899 0.02948796 0.311991 0.03472298 0.306533 0.02627599 0.08677899 0.03472298 0.306533 0.03472298 0.08271795 0.047948 0.08191299 0.04784494 0.303912 0.05913996 0.31234 0.04116499 0.08186596 0.03472298 0.08271795 0.04784494 0.303912 0.047948 0.08191299 0.04116499 0.08186596 0.04784494 0.303912 0.05922394 0.08457195 0.05913996 0.31234 0.06277197 0.328829 0.05922394 0.08457195 0.047948 0.08191299 0.05913996 0.31234 0.06275796 0.08980399 0.06277197 0.328829 0.06036895 0.337801 0.06275796 0.08980399 0.05922394 0.08457195 0.06277197 0.328829 0.06275796 0.08980399 0.06036895 0.337801 0.05511295 0.345162 0.05511295 0.09507095 0.05511295 0.345162 0.03990298 0.349025 0.06275796 0.08980399 0.05511295 0.345162 0.05511295 0.09507095 0.039783 0.09633499 0.03990298 0.349025 0.02782899 0.337358 0.047782 0.09641295 0.05511295 0.09507095 0.03990298 0.349025 0.047782 0.09641295 0.03990298 0.349025 0.039783 0.09633499 0.02775394 0.09245997 0.02782899 0.337358 0.02624499 0.319615 0.039783 0.09633499 0.02782899 0.337358 0.02775394 0.09245997 0.02627599 0.08677899 0.02624499 0.319615 0.02948796 0.311991 0.02775394 0.09245997 0.02624499 0.319615 0.02627599 0.08677899 0.251851 0.160389 0.251851 0.512396 0.262349 0.479149 0.261452 0.179486 0.253802 0.532699 0.251851 0.512396 0.261452 0.179486 0.251851 0.512396 0.251851 0.160389 0.262486 0.145292 0.262349 0.479149 0.283369 0.465294 0.255176 0.151791 0.251851 0.160389 0.262349 0.479149 0.262486 0.145292 0.255176 0.151791 0.262349 0.479149 0.283603 0.139465 0.283369 0.465294 0.30554 0.473851 0.283603 0.139465 0.262486 0.145292 0.283369 0.465294 0.305694 0.14316 0.30554 0.473851 0.31424 0.486377 0.305694 0.14316 0.283603 0.139465 0.30554 0.473851 0.305694 0.14316 0.31424 0.486377 0.31957 0.503503 0.31957 0.1562449 0.31957 0.503503 0.315167 0.542838 0.305694 0.14316 0.31957 0.503503 0.31957 0.1562449 0.315041 0.175512 0.315167 0.542838 0.289996 0.565755 0.320152 0.165674 0.31957 0.1562449 0.315167 0.542838 0.320152 0.165674 0.315167 0.542838 0.315041 0.175512 0.289679 0.187577 0.289996 0.565755 0.261618 0.551008 0.315041 0.175512 0.289996 0.565755 0.289679 0.187577 0.261452 0.179486 0.261618 0.551008 0.253802 0.532699 0.289679 0.187577 0.261618 0.551008 0.261452 0.179486 0.120836 0.529714 0.118292 0.55232 0.118108 0.536311 0.1315219 0.594862 0.118915 0.573028 0.118292 0.55232 0.126235 0.545851 0.1315219 0.594862 0.118292 0.55232 0.120836 0.529714 0.126235 0.545851 0.118292 0.55232 0.09543895 0.593307 0.09545397 0.589267 0.116454 0.635072 0.09543895 0.593307 0.07573997 0.552849 0.09545397 0.589267 0.07586699 0.551299 0.09545397 0.589267 0.07573997 0.552849 0.12313 0.675702 0.116454 0.635072 0.118061 0.614154 0.12313 0.675702 0.116344 0.637576 0.116454 0.635072 0.09543895 0.593307 0.116454 0.635072 0.116344 0.637576 0.136481 0.667611 0.118061 0.614154 0.120746 0.595881 0.136481 0.667611 0.12313 0.675702 0.118061 0.614154 0.126206 0.595704 0.120746 0.595881 0.118915 0.573028 0.136481 0.667611 0.120746 0.595881 0.126206 0.595704 0.1315219 0.594862 0.126206 0.595704 0.118915 0.573028 0.1473259 0.657473 0.126206 0.595704 0.1315219 0.594862 0.1473259 0.657473 0.136481 0.667611 0.126206 0.595704 0.406023 0.611926 0.1315219 0.594862 0.126235 0.545851 0.406023 0.611926 0.1473259 0.657473 0.1315219 0.594862 0.12313 0.675702 0.116227 0.640076 0.116344 0.637576 0.09543895 0.593307 0.116344 0.637576 0.116227 0.640076 0.115057 0.641767 0.116227 0.640076 0.12313 0.675702 0.115057 0.641767 0.09543895 0.593307 0.116227 0.640076 0.168888 0.721129 0.12313 0.675702 0.136481 0.667611 0.168888 0.721129 0.129217 0.694725 0.12313 0.675702 0.113857 0.643414 0.12313 0.675702 0.129217 0.694725 0.115057 0.641767 0.12313 0.675702 0.113857 0.643414 0.1473259 0.657473 0.148527 0.660254 0.136481 0.667611 0.168888 0.721129 0.136481 0.667611 0.148527 0.660254 0.413642 0.654398 0.148527 0.660254 0.1473259 0.657473 0.182943 0.709363 0.168888 0.721129 0.148527 0.660254 0.308679 0.717816 0.182943 0.709363 0.148527 0.660254 0.308679 0.717816 0.148527 0.660254 0.413642 0.654398 0.406023 0.611926 0.413642 0.654398 0.1473259 0.657473 0.168888 0.721129 0.156155 0.741113 0.129217 0.694725 0.09296399 0.659268 0.129217 0.694725 0.156155 0.741113 0.113857 0.643414 0.129217 0.694725 0.09296399 0.659268 0.462665 0.775724 0.156155 0.741113 0.168888 0.721129 0.851008 0.656597 0.09296399 0.659268 0.156155 0.741113 0.462665 0.775724 0.851008 0.656597 0.156155 0.741113 0.432097 0.766327 0.168888 0.721129 0.182943 0.709363 0.454981 0.770913 0.462665 0.775724 0.168888 0.721129 0.445092 0.76766 0.168888 0.721129 0.432097 0.766327 0.454981 0.770913 0.168888 0.721129 0.445092 0.76766 0.413642 0.76643 0.182943 0.709363 0.413642 0.654398 0.308679 0.717816 0.413642 0.654398 0.182943 0.709363 0.423672 0.766344 0.182943 0.709363 0.413642 0.76643 0.432097 0.766327 0.182943 0.709363 0.423672 0.766344 0.07566696 0.553713 0.07573997 0.552849 0.09543895 0.593307 0.07566696 0.553713 0.09543895 0.593307 0.07558697 0.554573 0.09425598 0.595776 0.07558697 0.554573 0.09543895 0.593307 0.09425598 0.595776 0.09543895 0.593307 0.113857 0.643414 0.115057 0.641767 0.113857 0.643414 0.09543895 0.593307 0.03844898 0.431183 0.02456694 0.389456 0.02756094 0.403489 0.002480983 0.333235 0.02756094 0.403489 0.02456694 0.389456 0.05079895 0.483491 0.03844898 0.431183 0.02756094 0.403489 0.05286699 0.497271 0.05079895 0.483491 0.02756094 0.403489 0.05892395 0.517602 0.05286699 0.497271 0.02756094 0.403489 0.02456694 0.03414499 0.02456694 0.389456 0.03844898 0.431183 0 0.319877 0.002480983 0.333235 0.02456694 0.389456 0.02456694 0.03414499 0 0.319877 0.02456694 0.389456 0.02456694 0.03414499 0.03844898 0.431183 0.05079895 0.483491 0.05654096 0.496553 0.05079895 0.483491 0.05286699 0.497271 0.05079895 0.449632 0.02456694 0.03414499 0.05079895 0.483491 0.05654096 0.496553 0.05079895 0.449632 0.05079895 0.483491 0.063461 0.595116 0.05286699 0.497271 0.05892395 0.517602 0.063461 0.595116 0.05871695 0.5133 0.05286699 0.497271 0.05654096 0.496553 0.05286699 0.497271 0.05871695 0.5133 0.06468695 0.629967 0.05892395 0.517602 0.07010197 0.544281 0.063461 0.595116 0.05892395 0.517602 0.06468695 0.629967 0.071289 0.592737 0.07010197 0.544281 0.07287299 0.549676 0.071289 0.592737 0.06468695 0.629967 0.07010197 0.544281 0.09296399 0.659268 0.07287299 0.549676 0.07423698 0.552184 0.071289 0.592737 0.07287299 0.549676 0.06519895 0.657085 0.07981801 0.660849 0.06519895 0.657085 0.07287299 0.549676 0.09296399 0.659268 0.07981801 0.660849 0.07287299 0.549676 0.09296399 0.659268 0.07423698 0.552184 0.07558697 0.554573 0.113857 0.643414 0.09296399 0.659268 0.07558697 0.554573 0.09425598 0.595776 0.113857 0.643414 0.07558697 0.554573 4.25e-4 0.288609 0.002480983 0.333235 0 0.319877 4.25e-4 0.288609 4.43e-4 0.312595 0.002480983 0.333235 4.25e-4 0.02381199 4.25e-4 0.288609 0 0.319877 4.25e-4 0.02381199 0 0.319877 0 0.02682799 0.02456694 0.03414499 0 0.02682799 0 0.319877 0.017066 0.269345 0.01803499 0.284527 0.006510972 0.295415 0.03132098 0.276714 0.01803499 0.284527 0.017066 0.269345 4.25e-4 0.288609 0.006510972 0.295415 4.43e-4 0.312595 4.25e-4 0.288609 0.017066 0.269345 0.006510972 0.295415 0.017066 0.02202099 0.017066 0.269345 4.25e-4 0.288609 0.03026795 0.261977 0.03132098 0.276714 0.017066 0.269345 0.017066 0.02202099 0.03026795 0.261977 0.017066 0.269345 4.25e-4 0.02381199 0.017066 0.02202099 4.25e-4 0.288609 0.05223 0.25806 0.03132098 0.276714 0.03026795 0.261977 0.05223 0.25806 0.04483199 0.272385 0.03132098 0.276714 0.05223 0.02099299 0.05223 0.25806 0.03026795 0.261977 0.05223 0.02099299 0.03026795 0.261977 0.03026795 0.02134799 0.017066 0.02202099 0.03026795 0.02134799 0.03026795 0.261977 0.07184797 0.27009 0.07014799 0.284665 0.05864495 0.275084 0.05223 0.25806 0.05864495 0.275084 0.04483199 0.272385 0.05223 0.25806 0.07184797 0.27009 0.05864495 0.275084 0.07184797 0.02208995 0.07184797 0.27009 0.05223 0.25806 0.05223 0.02099299 0.07184797 0.02208995 0.05223 0.25806 0.05223 0.02099299 0.07014799 0.006512999 0.07184797 0.02208995 0.05864495 0.006265997 0.07014799 0.006512999 0.05223 0.02099299 0.04483199 0.006195962 0.05223 0.02099299 0.03026795 0.02134799 0.03132098 0.006306946 0.04483199 0.006195962 0.03026795 0.02134799 0.01803499 0.006509959 0.03132098 0.006306946 0.03026795 0.02134799 0.01803499 0.006509959 0.03026795 0.02134799 0.017066 0.02202099 0.04483199 0.006195962 0.05864495 0.006265997 0.05223 0.02099299 4.25e-4 0.02381199 0.01803499 0.006509959 0.017066 0.02202099 0.006510972 0.006795942 0.01803499 0.006509959 4.25e-4 0.02381199 4.43e-4 0.007255971 4.25e-4 0.02381199 0 0.02682799 0.002480983 0.007826983 4.43e-4 0.007255971 0 0.02682799 0.02756094 0.009936988 0.002480983 0.007826983 0 0.02682799 0.02756094 0.009936988 0 0.02682799 0.02456694 0.03414499 4.43e-4 0.007255971 0.006510972 0.006795942 4.25e-4 0.02381199 0.05971294 0.05487197 0.02756094 0.009936988 0.02456694 0.03414499 0.05871695 0.5133 0.05971294 0.05487197 0.02456694 0.03414499 0.05677896 0.487335 0.05871695 0.5133 0.02456694 0.03414499 0.05467098 0.461465 0.05677896 0.487335 0.02456694 0.03414499 0.05279499 0.439993 0.05467098 0.461465 0.02456694 0.03414499 0.05079895 0.418444 0.05279499 0.439993 0.02456694 0.03414499 0.05079895 0.449632 0.05079895 0.418444 0.02456694 0.03414499 0.054358 0.01323199 0.02756094 0.009936988 0.05971294 0.05487197 0.07204198 0.02047199 0.05971294 0.05487197 0.03167396 0.1488389 0.03167396 0.866066 0.03167396 0.1488389 0.05971294 0.05487197 0.04576396 0.04550796 0.07204198 0.02047199 0.03167396 0.1488389 0.969571 0.07637798 0.04576396 0.04550796 0.03167396 0.1488389 0.987869 0.226833 0.03167396 0.1488389 0.03167396 0.866066 0.969571 0.07637798 0.03167396 0.1488389 0.987869 0.226833 0.07204198 0.02047199 0.054358 0.01323199 0.05971294 0.05487197 0.063461 0.595116 0.05971294 0.05487197 0.05871695 0.5133 0.06048697 0.76841 0.03167396 0.866066 0.05971294 0.05487197 0.06519895 0.657085 0.06048697 0.76841 0.05971294 0.05487197 0.06468695 0.629967 0.06519895 0.657085 0.05971294 0.05487197 0.063461 0.595116 0.06468695 0.629967 0.05971294 0.05487197 0.05654096 0.496553 0.05871695 0.5133 0.05677896 0.487335 0.05654096 0.496553 0.05677896 0.487335 0.05467098 0.461465 0.05308794 0.455308 0.05467098 0.461465 0.05279499 0.439993 0.05308794 0.455308 0.05654096 0.496553 0.05467098 0.461465 0.05308794 0.455308 0.05279499 0.439993 0.05079895 0.418444 0.05308794 0.455308 0.05079895 0.418444 0.05079895 0.449632 0.05308794 0.455308 0.05079895 0.449632 0.05654096 0.496553 0.07981801 0.660849 0.03167396 0.866066 0.06048697 0.76841 0.09296399 0.659268 0.03167396 0.866066 0.07981801 0.660849 0.851008 0.656597 0.03167396 0.866066 0.09296399 0.659268 0.850742 0.521362 0.03167396 0.866066 0.851008 0.656597 0.850742 0.521362 0.987869 0.226833 0.03167396 0.866066 0.07981801 0.660849 0.06048697 0.76841 0.06519895 0.657085 0.071289 0.592737 0.06519895 0.657085 0.06468695 0.629967 0.469195 0.772997 0.851008 0.656597 0.462665 0.775724 0.850873 0.655429 0.850742 0.521362 0.851008 0.656597 0.469195 0.772997 0.850873 0.655429 0.851008 0.656597 0.454981 0.770913 0.469195 0.772997 0.462665 0.775724 0.847568 0.470647 0.987869 0.226833 0.850742 0.521362 0.872273 0.07914197 0.969571 0.07637798 0.987869 0.226833 0.847568 0.470647 0.872273 0.07914197 0.987869 0.226833 0.850873 0.655429 0.850742 0.654332 0.850742 0.521362 0.848919 0.650976 0.850742 0.521362 0.850742 0.654332 0.846869 0.504981 0.847568 0.470647 0.850742 0.521362 0.848919 0.650976 0.847721 0.65649 0.850742 0.521362 0.846869 0.504981 0.850742 0.521362 0.847721 0.65649 0.469195 0.772997 0.850742 0.654332 0.850873 0.655429 0.848919 0.650976 0.850742 0.654332 0.469195 0.772997 0.872273 0.07914197 0.860346 0.021905 0.969571 0.07637798 0.867684 0.07468396 0.860346 0.021905 0.872273 0.07914197 0.812542 0.03545999 0.860346 0.021905 0.867684 0.07468396 0.812542 0.03545999 0.805172 0.009619951 0.860346 0.021905 0.839918 0.422408 0.867684 0.07468396 0.872273 0.07914197 0.847568 0.470647 0.839918 0.422408 0.872273 0.07914197 0.82279 0.357993 0.812542 0.03545999 0.867684 0.07468396 0.839918 0.422408 0.82279 0.357993 0.867684 0.07468396 0.779566 0.03067398 0.805172 0.009619951 0.812542 0.03545999 0.773526 0.01413398 0.805172 0.009619951 0.779566 0.03067398 0.766037 0.008476972 0.78126 0.001910984 0.805172 0.009619951 0.773526 0.01413398 0.766037 0.008476972 0.805172 0.009619951 0.779566 0.03067398 0.812542 0.03545999 0.79672 0.03046697 0.800048 0.302206 0.79672 0.03046697 0.812542 0.03545999 0.82279 0.357993 0.800048 0.302206 0.812542 0.03545999 0.800048 0.302206 0.779566 0.03067398 0.79672 0.03046697 0.745958 0.06632995 0.779566 0.03067398 0.800048 0.302206 0.745958 0.06632995 0.773526 0.01413398 0.779566 0.03067398 0.819175 0.357872 0.800048 0.302206 0.82279 0.357993 0.74547 0.233087 0.800048 0.302206 0.819175 0.357872 0.738362 0.09190696 0.800048 0.302206 0.74547 0.233087 0.738362 0.09190696 0.745958 0.06632995 0.800048 0.302206 0.819175 0.357872 0.82279 0.357993 0.839918 0.422408 0.846869 0.504981 0.839918 0.422408 0.847568 0.470647 0.836807 0.419359 0.839918 0.422408 0.846869 0.504981 0.819175 0.357872 0.839918 0.422408 0.836807 0.419359 0.745958 0.06632995 0.766037 0.008476972 0.773526 0.01413398 0.745958 0.06632995 0.733382 0.05242997 0.766037 0.008476972 0.729688 0.112298 0.723886 0.112246 0.72665 0.08113199 0.731981 0.171397 0.726202 0.170224 0.723886 0.112246 0.731981 0.171397 0.723886 0.112246 0.729688 0.112298 0.738362 0.09190696 0.72665 0.08113199 0.733382 0.05242997 0.734847 0.120304 0.72665 0.08113199 0.738362 0.09190696 0.729688 0.112298 0.72665 0.08113199 0.734847 0.120304 0.738362 0.09190696 0.733382 0.05242997 0.745958 0.06632995 0.542955 0.322367 0.739217 0.349427 0.740303 0.392954 0.745478 0.30534 0.740303 0.392954 0.739217 0.349427 0.74609 0.390637 0.773073 0.761 0.740303 0.392954 0.74609 0.390637 0.740303 0.392954 0.745478 0.30534 0.542955 0.322367 0.739814 0.305926 0.739217 0.349427 0.745478 0.30534 0.739217 0.349427 0.739814 0.305926 0.735821 0.234198 0.739814 0.305926 0.739616 0.268063 0.542955 0.322367 0.739616 0.268063 0.739814 0.305926 0.74076 0.229577 0.739814 0.305926 0.735821 0.234198 0.745478 0.30534 0.739814 0.305926 0.74076 0.229577 0.52385 0.212794 0.735821 0.234198 0.739616 0.268063 0.542955 0.322367 0.52385 0.212794 0.739616 0.268063 0.52385 0.212794 0.726557 0.17361 0.735821 0.234198 0.74076 0.229577 0.735821 0.234198 0.726557 0.17361 0.504678 0.156966 0.726202 0.170224 0.726557 0.17361 0.731981 0.171397 0.726557 0.17361 0.726202 0.170224 0.52385 0.212794 0.504678 0.156966 0.726557 0.17361 0.74076 0.229577 0.726557 0.17361 0.731981 0.171397 0.507803 0.1782889 0.504678 0.156966 0.52385 0.212794 0.530486 0.256906 0.52385 0.212794 0.542955 0.322367 0.507803 0.1782889 0.52385 0.212794 0.530486 0.256906 0.530486 0.256906 0.542955 0.322367 0.541261 0.341325 0.773073 0.761 0.521358 0.801401 0.523009 0.790244 0.521958 0.796731 0.523009 0.790244 0.521358 0.801401 0.781969 0.78989 0.521358 0.801401 0.773073 0.761 0.521958 0.796731 0.521358 0.801401 0.520596 0.803329 0.513775 0.832588 0.520596 0.803329 0.521358 0.801401 0.513775 0.832588 0.521358 0.801401 0.781969 0.78989 0.779853 0.758237 0.773073 0.761 0.74609 0.390637 0.781969 0.78989 0.773073 0.761 0.779853 0.758237 0.513855 0.818937 0.511558 0.808903 0.515416 0.80528 0.48392 0.849938 0.481309 0.848333 0.511558 0.808903 0.512763 0.813876 0.48392 0.849938 0.511558 0.808903 0.512763 0.813876 0.511558 0.808903 0.513855 0.818937 0.518838 0.810031 0.515416 0.80528 0.520596 0.803329 0.515178 0.817432 0.513855 0.818937 0.515416 0.80528 0.516793 0.816141 0.515416 0.80528 0.518838 0.810031 0.515178 0.817432 0.515416 0.80528 0.516793 0.816141 0.518838 0.810031 0.520596 0.803329 0.513775 0.832588 0.477333 0.859227 0.460781 0.867864 0.481309 0.848333 0.459248 0.880619 0.456669 0.875859 0.460781 0.867864 0.462411 0.87054 0.460781 0.867864 0.477333 0.859227 0.459248 0.880619 0.460781 0.867864 0.462411 0.87054 0.480722 0.853629 0.481309 0.848333 0.48392 0.849938 0.477333 0.859227 0.481309 0.848333 0.480722 0.853629 0.512763 0.813876 0.486291 0.850851 0.48392 0.849938 0.479922 0.85762 0.48392 0.849938 0.486291 0.850851 0.479922 0.85762 0.480722 0.853629 0.48392 0.849938 0.512763 0.813876 0.490404 0.850996 0.486291 0.850851 0.477647 0.863187 0.486291 0.850851 0.490404 0.850996 0.477647 0.863187 0.479922 0.85762 0.486291 0.850851 0.513855 0.818937 0.493636 0.848925 0.490404 0.850996 0.487535 0.85831 0.490404 0.850996 0.493636 0.848925 0.512763 0.813876 0.513855 0.818937 0.490404 0.850996 0.487535 0.85831 0.477647 0.863187 0.490404 0.850996 0.513923 0.82178 0.493636 0.848925 0.513855 0.818937 0.494501 0.850432 0.493636 0.848925 0.513923 0.82178 0.487535 0.85831 0.493636 0.848925 0.494501 0.850432 0.513923 0.82178 0.513855 0.818937 0.515178 0.817432 0.388825 0.624508 0.456669 0.875859 0.462674 0.883008 0.464809 0.885948 0.462674 0.883008 0.456669 0.875859 0.39026 0.634734 0.388825 0.624508 0.462674 0.883008 0.426385 0.703883 0.39026 0.634734 0.462674 0.883008 0.434335 0.726413 0.426385 0.703883 0.462674 0.883008 0.446061 0.748619 0.434335 0.726413 0.462674 0.883008 0.471423 0.776833 0.446061 0.748619 0.462674 0.883008 0.847721 0.65649 0.471423 0.776833 0.462674 0.883008 0.464809 0.885948 0.847721 0.65649 0.462674 0.883008 0.388825 0.624508 0.390758 0.619251 0.456669 0.875859 0.464809 0.885948 0.456669 0.875859 0.465796 0.888269 0.459248 0.880619 0.465796 0.888269 0.456669 0.875859 0.426385 0.703883 0.421657 0.675552 0.39026 0.634734 0.383382 0.552533 0.39026 0.634734 0.421657 0.675552 0.434333 0.720666 0.421657 0.675552 0.426385 0.703883 0.437349 0.726166 0.426385 0.703883 0.434335 0.726413 0.437349 0.726166 0.434333 0.720666 0.426385 0.703883 0.446789 0.745605 0.434335 0.726413 0.446061 0.748619 0.437349 0.726166 0.434335 0.726413 0.446789 0.745605 0.446789 0.745605 0.446061 0.748619 0.471423 0.776833 0.848919 0.650976 0.471423 0.776833 0.847721 0.65649 0.446789 0.745605 0.471423 0.776833 0.471334 0.775573 0.848919 0.650976 0.471334 0.775573 0.471423 0.776833 0.464809 0.885948 0.847721 0.814703 0.847721 0.65649 0.843901 0.809991 0.847721 0.65649 0.847721 0.814703 0.846869 0.504981 0.847721 0.65649 0.843901 0.809991 0.465796 0.888269 0.847736 0.815565 0.847721 0.814703 0.843901 0.809991 0.847721 0.814703 0.847736 0.815565 0.464809 0.885948 0.465796 0.888269 0.847721 0.814703 0.465796 0.888269 0.847781 0.816374 0.847736 0.815565 0.83897 0.806277 0.847736 0.815565 0.847781 0.816374 0.843901 0.809991 0.847736 0.815565 0.83897 0.806277 0.462689 0.891358 0.847781 0.816374 0.465796 0.888269 0.848239 0.818235 0.83897 0.806277 0.847781 0.816374 0.848239 0.818235 0.847781 0.816374 0.462689 0.891358 0.462689 0.891358 0.465796 0.888269 0.4525 0.895808 0.459248 0.880619 0.4525 0.895808 0.465796 0.888269 0.434333 0.720666 0.434303 0.598981 0.431301 0.56979 0.423013 0.55073 0.431301 0.56979 0.434303 0.598981 0.413642 0.76643 0.413642 0.654398 0.434303 0.598981 0.421099 0.583543 0.434303 0.598981 0.413642 0.654398 0.434333 0.720666 0.413642 0.76643 0.434303 0.598981 0.423013 0.55073 0.434303 0.598981 0.421099 0.583543 0.421099 0.583543 0.413642 0.654398 0.406023 0.611926 0.437349 0.726166 0.413642 0.76643 0.434333 0.720666 0.423672 0.766344 0.413642 0.76643 0.437349 0.726166 0.454981 0.770913 0.471334 0.775573 0.469195 0.772997 0.848919 0.650976 0.469195 0.772997 0.471334 0.775573 0.454981 0.770913 0.446789 0.745605 0.471334 0.775573 0.432097 0.766327 0.437349 0.726166 0.446789 0.745605 0.445092 0.76766 0.432097 0.766327 0.446789 0.745605 0.454981 0.770913 0.445092 0.76766 0.446789 0.745605 0.432097 0.766327 0.423672 0.766344 0.437349 0.726166 0.846869 0.504981 0.83897 0.806277 0.83897 0.493354 0.750996 0.392985 0.83897 0.493354 0.83897 0.806277 0.836807 0.419359 0.846869 0.504981 0.83897 0.493354 0.837153 0.456041 0.836807 0.419359 0.83897 0.493354 0.749889 0.351916 0.837153 0.456041 0.83897 0.493354 0.750996 0.392985 0.749889 0.351916 0.83897 0.493354 0.846869 0.504981 0.843901 0.809991 0.83897 0.806277 0.786341 0.76077 0.750996 0.392985 0.83897 0.806277 0.812345 0.787989 0.786341 0.76077 0.83897 0.806277 0.838567 0.808985 0.812345 0.787989 0.83897 0.806277 0.848032 0.818204 0.846895 0.8165 0.83897 0.806277 0.838567 0.808985 0.83897 0.806277 0.846895 0.8165 0.848239 0.818235 0.848032 0.818204 0.83897 0.806277 0.837153 0.456041 0.831946 0.419366 0.836807 0.419359 0.819175 0.357872 0.836807 0.419359 0.831946 0.419366 0.750497 0.310946 0.831946 0.419366 0.837153 0.456041 0.749995 0.268942 0.831946 0.419366 0.750497 0.310946 0.749995 0.268942 0.819175 0.357872 0.831946 0.419366 0.749889 0.351916 0.750497 0.310946 0.837153 0.456041 0.74609 0.390637 0.750497 0.310946 0.749889 0.351916 0.745478 0.30534 0.749995 0.268942 0.750497 0.310946 0.74609 0.390637 0.745478 0.30534 0.750497 0.310946 0.74609 0.390637 0.749889 0.351916 0.750996 0.392985 0.779853 0.758237 0.750996 0.392985 0.786341 0.76077 0.779853 0.758237 0.74609 0.390637 0.750996 0.392985 0.812345 0.787989 0.795434 0.78811 0.786341 0.76077 0.805782 0.815817 0.786341 0.76077 0.795434 0.78811 0.805782 0.815817 0.779853 0.758237 0.786341 0.76077 0.812345 0.787989 0.812345 0.816082 0.795434 0.78811 0.805782 0.815817 0.795434 0.78811 0.812345 0.816082 0.821885 0.799238 0.812345 0.816082 0.812345 0.787989 0.808362 0.819666 0.805782 0.815817 0.812345 0.816082 0.8136 0.817796 0.812345 0.816082 0.821885 0.799238 0.808362 0.819666 0.812345 0.816082 0.8136 0.817796 0.824115 0.79987 0.812345 0.787989 0.838567 0.808985 0.835168 0.806663 0.812345 0.787989 0.824115 0.79987 0.835168 0.806663 0.821885 0.799238 0.812345 0.787989 0.749995 0.268942 0.74547 0.233087 0.819175 0.357872 0.745478 0.30534 0.74547 0.233087 0.749995 0.268942 0.734847 0.120304 0.738362 0.09190696 0.74547 0.233087 0.736709 0.176666 0.734847 0.120304 0.74547 0.233087 0.731981 0.171397 0.736709 0.176666 0.74547 0.233087 0.74076 0.229577 0.731981 0.171397 0.74547 0.233087 0.745478 0.30534 0.74076 0.229577 0.74547 0.233087 0.736709 0.176666 0.736372 0.173359 0.734847 0.120304 0.731981 0.171397 0.734847 0.120304 0.736372 0.173359 0.731981 0.171397 0.729688 0.112298 0.734847 0.120304 0.731981 0.171397 0.736372 0.173359 0.736709 0.176666 0.798723 0.819706 0.781969 0.78989 0.779853 0.758237 0.805782 0.815817 0.798723 0.819706 0.779853 0.758237 0.513775 0.832588 0.781969 0.78989 0.798723 0.819706 0.80024 0.82171 0.798723 0.819706 0.805782 0.815817 0.80024 0.82171 0.513775 0.832588 0.798723 0.819706 0.80024 0.82171 0.805782 0.815817 0.801843 0.823645 0.808362 0.819666 0.801843 0.823645 0.805782 0.815817 0.801843 0.823645 0.498016 0.867043 0.513775 0.832588 0.494791 0.868114 0.513775 0.832588 0.498016 0.867043 0.80024 0.82171 0.801843 0.823645 0.513775 0.832588 0.516793 0.816141 0.518838 0.810031 0.513775 0.832588 0.515193 0.820219 0.516793 0.816141 0.513775 0.832588 0.513397 0.824514 0.515193 0.820219 0.513775 0.832588 0.494791 0.851675 0.513397 0.824514 0.513775 0.832588 0.494791 0.868114 0.494791 0.851675 0.513775 0.832588 0.803021 0.825109 0.498016 0.867043 0.801843 0.823645 0.493987 0.869736 0.494791 0.868114 0.498016 0.867043 0.493152 0.871363 0.493987 0.869736 0.498016 0.867043 0.492483 0.872475 0.493152 0.871363 0.498016 0.867043 0.491503 0.873848 0.492483 0.872475 0.498016 0.867043 0.487163 0.879289 0.491503 0.873848 0.498016 0.867043 0.491938 0.876622 0.487163 0.879289 0.498016 0.867043 0.80776 0.831301 0.491938 0.876622 0.498016 0.867043 0.80394 0.826533 0.498016 0.867043 0.803021 0.825109 0.805861 0.828947 0.498016 0.867043 0.80394 0.826533 0.80776 0.831301 0.498016 0.867043 0.805861 0.828947 0.81001 0.823097 0.801843 0.823645 0.808362 0.819666 0.80394 0.826533 0.803021 0.825109 0.801843 0.823645 0.81001 0.823097 0.80394 0.826533 0.801843 0.823645 0.515178 0.817432 0.516793 0.816141 0.515193 0.820219 0.513923 0.82178 0.515193 0.820219 0.513397 0.824514 0.513923 0.82178 0.515178 0.817432 0.515193 0.820219 0.494501 0.850432 0.513397 0.824514 0.494791 0.851675 0.494501 0.850432 0.513923 0.82178 0.513397 0.824514 0.493637 0.870011 0.494791 0.851675 0.494791 0.868114 0.487535 0.85831 0.494501 0.850432 0.494791 0.851675 0.492384 0.871854 0.487535 0.85831 0.494791 0.851675 0.493637 0.870011 0.492384 0.871854 0.494791 0.851675 0.493637 0.870011 0.494791 0.868114 0.493987 0.869736 0.492754 0.871602 0.493987 0.869736 0.493152 0.871363 0.492754 0.871602 0.492384 0.871854 0.493987 0.869736 0.493637 0.870011 0.493987 0.869736 0.492384 0.871854 0.492754 0.871602 0.493152 0.871363 0.492483 0.872475 0.491861 0.872859 0.492483 0.872475 0.491503 0.873848 0.492384 0.871854 0.492483 0.872475 0.491861 0.872859 0.492754 0.871602 0.492483 0.872475 0.492384 0.871854 0.454633 0.888703 0.491503 0.873848 0.487163 0.879289 0.454633 0.888703 0.491861 0.872859 0.491503 0.873848 0.491938 0.876622 0.485931 0.880755 0.487163 0.879289 0.476902 0.887879 0.487163 0.879289 0.485931 0.880755 0.458405 0.893788 0.487163 0.879289 0.476902 0.887879 0.454633 0.888703 0.487163 0.879289 0.458405 0.893788 0.491938 0.876622 0.485931 0.885281 0.485931 0.880755 0.458729 0.90382 0.485931 0.880755 0.485931 0.885281 0.476902 0.887879 0.485931 0.880755 0.458729 0.90382 0.836394 0.850836 0.485931 0.885281 0.491938 0.876622 0.836394 0.850836 0.458729 0.90382 0.485931 0.885281 0.836394 0.850836 0.491938 0.876622 0.80776 0.831301 0.477333 0.859227 0.480722 0.853629 0.479922 0.85762 0.477333 0.859227 0.479922 0.85762 0.477647 0.863187 0.463094 0.88432 0.477647 0.863187 0.487535 0.85831 0.477333 0.859227 0.477647 0.863187 0.475141 0.864359 0.471843 0.868468 0.475141 0.864359 0.477647 0.863187 0.471843 0.868468 0.477647 0.863187 0.463094 0.88432 0.463094 0.88432 0.487535 0.85831 0.492384 0.871854 0.477333 0.859227 0.475141 0.864359 0.473043 0.865884 0.471843 0.868468 0.473043 0.865884 0.475141 0.864359 0.463162 0.872694 0.477333 0.859227 0.473043 0.865884 0.459482 0.877396 0.473043 0.865884 0.465779 0.871415 0.471843 0.868468 0.465779 0.871415 0.473043 0.865884 0.459482 0.877396 0.463162 0.872694 0.473043 0.865884 0.463162 0.872694 0.462411 0.87054 0.477333 0.859227 0.437053 0.889685 0.4536 0.876845 0.425823 0.893737 0.429091 0.881427 0.425823 0.893737 0.4536 0.876845 0.424562 0.898745 0.437053 0.889685 0.425823 0.893737 0.403337 0.880415 0.289727 0.905956 0.425823 0.893737 0.282946 0.9092 0.425823 0.893737 0.289727 0.905956 0.406226 0.880837 0.403337 0.880415 0.425823 0.893737 0.409353 0.881213 0.406226 0.880837 0.425823 0.893737 0.429091 0.881427 0.409353 0.881213 0.425823 0.893737 0.282946 0.9092 0.424562 0.898745 0.425823 0.893737 0.447584 0.884714 0.465779 0.871415 0.4536 0.876845 0.457094 0.874539 0.4536 0.876845 0.465779 0.871415 0.437053 0.889685 0.447584 0.884714 0.4536 0.876845 0.429091 0.881427 0.4536 0.876845 0.409353 0.881213 0.418038 0.879081 0.409353 0.881213 0.4536 0.876845 0.418038 0.879081 0.4536 0.876845 0.457094 0.874539 0.447584 0.884714 0.459482 0.877396 0.465779 0.871415 0.461632 0.873734 0.465779 0.871415 0.471843 0.868468 0.457094 0.874539 0.465779 0.871415 0.461632 0.873734 0.459248 0.880619 0.462411 0.87054 0.463162 0.872694 0.447584 0.884714 0.463162 0.872694 0.459482 0.877396 0.459248 0.880619 0.463162 0.872694 0.447584 0.884714 0.424562 0.898745 0.447584 0.884714 0.437053 0.889685 0.446998 0.889537 0.447584 0.884714 0.424562 0.898745 0.459248 0.880619 0.447584 0.884714 0.446998 0.889537 0.402638 0.880267 0.289727 0.905956 0.403337 0.880415 0.280779 0.908704 0.282946 0.9092 0.289727 0.905956 0.282507 0.907312 0.280779 0.908704 0.289727 0.905956 0.284661 0.906316 0.282507 0.907312 0.289727 0.905956 0.286984 0.905805 0.284661 0.906316 0.289727 0.905956 0.28957 0.90558 0.286984 0.905805 0.289727 0.905956 0.402638 0.880267 0.28957 0.90558 0.289727 0.905956 0.412732 0.878485 0.403337 0.880415 0.406226 0.880837 0.40963 0.878815 0.403337 0.880415 0.412732 0.878485 0.402402 0.880558 0.402638 0.880267 0.403337 0.880415 0.406617 0.879235 0.402402 0.880558 0.403337 0.880415 0.40963 0.878815 0.406617 0.879235 0.403337 0.880415 0.412732 0.878485 0.406226 0.880837 0.409353 0.881213 0.412732 0.878485 0.409353 0.881213 0.418038 0.879081 0.278733 0.914704 0.427911 0.904836 0.424562 0.898745 0.446998 0.889537 0.424562 0.898745 0.427911 0.904836 0.282946 0.9092 0.278733 0.914704 0.424562 0.898745 0.19547 0.954493 0.427911 0.904836 0.278733 0.914704 0.440836 0.900786 0.427911 0.904836 0.19547 0.954493 0.446998 0.889537 0.427911 0.904836 0.440836 0.900786 0.279753 0.910036 0.278733 0.914704 0.282946 0.9092 0.262357 0.916016 0.278733 0.914704 0.279753 0.910036 0.19547 0.954493 0.278733 0.914704 0.262357 0.916016 0.279753 0.910036 0.282946 0.9092 0.280779 0.908704 0.265368 0.910633 0.280779 0.908704 0.282507 0.907312 0.265368 0.910633 0.279753 0.910036 0.280779 0.908704 0.265996 0.908862 0.282507 0.907312 0.284661 0.906316 0.265996 0.908862 0.265368 0.910633 0.282507 0.907312 0.265994 0.90807 0.284661 0.906316 0.286984 0.905805 0.265994 0.90807 0.265996 0.908862 0.284661 0.906316 0.28957 0.90558 0.289518 0.905738 0.286984 0.905805 0.265994 0.90807 0.286984 0.905805 0.289518 0.905738 0.402402 0.880558 0.289518 0.905738 0.28957 0.90558 0.265996 0.908295 0.265994 0.90807 0.289518 0.905738 0.401667 0.88362 0.265996 0.908295 0.289518 0.905738 0.401667 0.88362 0.289518 0.905738 0.402402 0.880558 0.402402 0.880558 0.28957 0.90558 0.402638 0.880267 0.26367 0.914152 0.262357 0.916016 0.279753 0.910036 0.264949 0.911519 0.26367 0.914152 0.279753 0.910036 0.265368 0.910633 0.264949 0.911519 0.279753 0.910036 0.260451 0.914624 0.262357 0.916016 0.26367 0.914152 0.260451 0.914624 0.19547 0.954493 0.262357 0.916016 0.260451 0.914624 0.26367 0.914152 0.264949 0.911519 0.260451 0.914624 0.264949 0.911519 0.265368 0.910633 0.257738 0.909301 0.265368 0.910633 0.265996 0.908862 0.260451 0.914624 0.265368 0.910633 0.255626 0.913606 0.257738 0.909301 0.255626 0.913606 0.265368 0.910633 0.261533 0.908052 0.265996 0.908862 0.265994 0.90807 0.261533 0.908052 0.257738 0.909301 0.265996 0.908862 0.261533 0.908052 0.265994 0.90807 0.265996 0.908295 0.255766 0.908174 0.265996 0.908295 0.401667 0.88362 0.261533 0.908052 0.265996 0.908295 0.255766 0.908174 0.965685 0.884417 0.996964 0.881526 0.998352 0.877553 0.999564 0.877672 0.998352 0.877553 0.996964 0.881526 0.857476 0.822143 0.965685 0.884417 0.998352 0.877553 0.990572 0.834499 0.857476 0.822143 0.998352 0.877553 0.999564 0.877672 0.990572 0.834499 0.998352 0.877553 0.986917 0.883332 0.994035 0.883019 0.996964 0.881526 0.994752 0.885184 0.996964 0.881526 0.994035 0.883019 0.965685 0.884417 0.986917 0.883332 0.996964 0.881526 0.999564 0.877672 0.996964 0.881526 0.999982 0.877864 0.998984 0.882537 0.999982 0.877864 0.996964 0.881526 0.994752 0.885184 0.998984 0.882537 0.996964 0.881526 0.986917 0.883332 0.989675 0.883475 0.994035 0.883019 0.994752 0.885184 0.994035 0.883019 0.989675 0.883475 0.986354 0.88565 0.989675 0.883475 0.986917 0.883332 0.989126 0.885834 0.989675 0.883475 0.986354 0.88565 0.994752 0.885184 0.989675 0.883475 0.989126 0.885834 0.986354 0.88565 0.986917 0.883332 0.965685 0.884417 0.857476 0.822143 0.948363 0.889507 0.965685 0.884417 0.986354 0.88565 0.965685 0.884417 0.948363 0.889507 0.857476 0.822143 0.900365 0.911589 0.948363 0.889507 0.949043 0.891033 0.948363 0.889507 0.900365 0.911589 0.986354 0.88565 0.948363 0.889507 0.949043 0.891033 0.857476 0.822143 0.846153 0.935202 0.900365 0.911589 0.875223 0.925274 0.900365 0.911589 0.846153 0.935202 0.948542 0.8922 0.949043 0.891033 0.900365 0.911589 0.913046 0.908225 0.948542 0.8922 0.900365 0.911589 0.875223 0.925274 0.913046 0.908225 0.900365 0.911589 0.4525 0.895808 0.775275 0.958634 0.846153 0.935202 0.875223 0.925274 0.846153 0.935202 0.775275 0.958634 0.857476 0.822143 0.4525 0.895808 0.846153 0.935202 0.4525 0.895808 0.662004 0.978513 0.775275 0.958634 0.777967 0.959833 0.775275 0.958634 0.662004 0.978513 0.777967 0.959833 0.875223 0.925274 0.775275 0.958634 0.4525 0.895808 0.477879 0.985343 0.662004 0.978513 0.583391 0.985755 0.662004 0.978513 0.477879 0.985343 0.583391 0.985755 0.777967 0.959833 0.662004 0.978513 0.4525 0.895808 0.309127 0.971694 0.477879 0.985343 0.433211 0.985608 0.477879 0.985343 0.309127 0.971694 0.433211 0.985608 0.583391 0.985755 0.477879 0.985343 0.4525 0.895808 0.264844 0.965864 0.309127 0.971694 0.216834 0.964828 0.309127 0.971694 0.264844 0.965864 0.308053 0.973157 0.309127 0.971694 0.216834 0.964828 0.433211 0.985608 0.309127 0.971694 0.308053 0.973157 0.4525 0.895808 0.216463 0.962396 0.264844 0.965864 0.216834 0.964828 0.264844 0.965864 0.216463 0.962396 0.4525 0.895808 0.21036 0.962125 0.216463 0.962396 0.2104009 0.96447 0.216463 0.962396 0.21036 0.962125 0.289679 0.187577 0.248915 0.1886889 0.329548 0.181752 0.216834 0.964828 0.216463 0.962396 0.2104009 0.96447 0.4525 0.895808 0.2012889 0.96095 0.21036 0.962125 0.2104009 0.96447 0.21036 0.962125 0.2012889 0.96095 0.4525 0.895808 0.196015 0.958904 0.2012889 0.96095 0.1985149 0.962912 0.2012889 0.96095 0.196015 0.958904 0.315041 0.175512 0.289679 0.187577 0.329548 0.181752 0.1985149 0.962912 0.2104009 0.96447 0.2012889 0.96095 0.4525 0.895808 0.19547 0.954493 0.196015 0.958904 0.191312 0.959411 0.196015 0.958904 0.19547 0.954493 0.191312 0.959411 0.1985149 0.962912 0.196015 0.958904 0.247095 0.913276 0.221928 0.913341 0.19547 0.954493 0.221441 0.913333 0.19547 0.954493 0.221928 0.913341 0.251937 0.913306 0.247095 0.913276 0.19547 0.954493 0.255626 0.913606 0.251937 0.913306 0.19547 0.954493 0.260451 0.914624 0.255626 0.913606 0.19547 0.954493 0.4525 0.895808 0.440836 0.900786 0.19547 0.954493 0.193008 0.95435 0.191312 0.959411 0.19547 0.954493 0.220338 0.913362 0.193008 0.95435 0.19547 0.954493 0.221441 0.913333 0.220338 0.913362 0.19547 0.954493 0.250089 0.909218 0.221928 0.913341 0.247095 0.913276 0.224757 0.90947 0.221441 0.913333 0.221928 0.913341 0.250089 0.909218 0.224757 0.90947 0.221928 0.913341 0.248915 0.1886889 0.29212 0.202489 0.329548 0.181752 0.250089 0.909218 0.247095 0.913276 0.251937 0.913306 0.257738 0.909301 0.251937 0.913306 0.255626 0.913606 0.320152 0.165674 0.315041 0.175512 0.333393 0.153663 0.257738 0.909301 0.250089 0.909218 0.251937 0.913306 0.446998 0.889537 0.440836 0.900786 0.4525 0.895808 0.852968 0.821246 0.4525 0.895808 0.857476 0.822143 0.462689 0.891358 0.4525 0.895808 0.852968 0.821246 0.459248 0.880619 0.446998 0.889537 0.4525 0.895808 0.990572 0.834499 0.961045 0.830095 0.857476 0.822143 0.960196 0.828488 0.857476 0.822143 0.961045 0.830095 0.857592 0.82016 0.857476 0.822143 0.960196 0.828488 0.852968 0.821246 0.857476 0.822143 0.857592 0.82016 0.990572 0.834499 0.963065 0.830042 0.961045 0.830095 0.964433 0.828405 0.961045 0.830095 0.963065 0.830042 0.960196 0.828488 0.961045 0.830095 0.964433 0.828405 0.990572 0.834499 0.965127 0.830328 0.963065 0.830042 0.964433 0.828405 0.963065 0.830042 0.965127 0.830328 0.989626 0.832717 0.965127 0.830328 0.990572 0.834499 0.964433 0.828405 0.965127 0.830328 0.989626 0.832717 0.999564 0.877672 0.991508 0.834711 0.990572 0.834499 0.990514 0.833114 0.990572 0.834499 0.991508 0.834711 0.990514 0.833114 0.989626 0.832717 0.990572 0.834499 1 0.877923 0.991841 0.835049 0.991508 0.834711 0.990514 0.833114 0.991508 0.834711 0.991841 0.835049 0.999982 0.877864 1 0.877923 0.991508 0.834711 0.999564 0.877672 0.999982 0.877864 0.991508 0.834711 1 0.913496 0.991841 0.835049 1 0.877923 0.990514 0.877589 0.990514 0.833114 0.991841 0.835049 0.991841 0.879113 0.991841 0.835049 1 0.913496 0.990514 0.877589 0.991841 0.835049 0.991841 0.879113 0.998984 0.882537 1 0.877923 0.999982 0.877864 0.997553 0.884295 1 0.877923 0.998984 0.882537 1 0.913496 1 0.877923 0.997553 0.884295 0.990514 0.833114 0.98792 0.832492 0.989626 0.832717 0.964433 0.828405 0.989626 0.832717 0.98792 0.832492 0.98792 0.877098 0.98792 0.832492 0.990514 0.833114 0.96285 0.828053 0.964433 0.828405 0.98792 0.832492 0.877424 0.812689 0.96285 0.828053 0.98792 0.832492 0.877947 0.816643 0.877424 0.812689 0.98792 0.832492 0.878357 0.820301 0.98792 0.832492 0.98792 0.877098 0.878357 0.820301 0.877947 0.816643 0.98792 0.832492 0.990514 0.877589 0.98792 0.877098 0.990514 0.833114 0.96082 0.827612 0.964433 0.828405 0.96285 0.828053 0.958816 0.827675 0.960196 0.828488 0.964433 0.828405 0.96082 0.827612 0.958816 0.827675 0.964433 0.828405 0.877318 0.812204 0.96082 0.827612 0.96285 0.828053 0.877424 0.812689 0.877318 0.812204 0.96285 0.828053 0.857592 0.82016 0.960196 0.828488 0.958816 0.827675 0.877003 0.812201 0.958816 0.827675 0.96082 0.827612 0.875404 0.8125 0.958816 0.827675 0.877003 0.812201 0.87377 0.812759 0.856891 0.818865 0.958816 0.827675 0.857592 0.82016 0.958816 0.827675 0.856891 0.818865 0.875404 0.8125 0.87377 0.812759 0.958816 0.827675 0.877318 0.812204 0.877003 0.812201 0.96082 0.827612 0.874562 0.812054 0.877003 0.812201 0.877318 0.812204 0.870281 0.811889 0.875404 0.8125 0.877003 0.812201 0.872323 0.812058 0.877003 0.812201 0.874562 0.812054 0.870281 0.811889 0.877003 0.812201 0.872323 0.812058 0.874562 0.812054 0.877318 0.812204 0.877424 0.812689 0.870631 0.820194 0.877424 0.812689 0.877947 0.816643 0.874562 0.812054 0.877424 0.812689 0.870631 0.820194 0.859598 0.812928 0.851523 0.817404 0.856891 0.818865 0.848032 0.818204 0.856891 0.818865 0.851523 0.817404 0.87377 0.812759 0.859598 0.812928 0.856891 0.818865 0.848032 0.818204 0.857592 0.82016 0.856891 0.818865 0.857516 0.812693 0.846895 0.8165 0.851523 0.817404 0.848032 0.818204 0.851523 0.817404 0.846895 0.8165 0.859598 0.812928 0.857516 0.812693 0.851523 0.817404 0.857516 0.812693 0.843106 0.812644 0.846895 0.8165 0.838567 0.808985 0.846895 0.8165 0.843106 0.812644 0.857516 0.812693 0.838259 0.808094 0.843106 0.812644 0.837819 0.807881 0.843106 0.812644 0.838259 0.808094 0.837369 0.807665 0.838567 0.808985 0.843106 0.812644 0.837819 0.807881 0.837369 0.807665 0.843106 0.812644 0.855139 0.811883 0.838259 0.808094 0.857516 0.812693 0.836106 0.80701 0.837819 0.807881 0.838259 0.808094 0.855139 0.811883 0.836106 0.80701 0.838259 0.808094 0.855139 0.811883 0.857516 0.812693 0.859598 0.812928 0.867468 0.812223 0.859598 0.812928 0.87377 0.812759 0.855139 0.811883 0.859598 0.812928 0.867468 0.812223 0.870281 0.811889 0.87377 0.812759 0.875404 0.8125 0.312716 0.1365669 0.28237 0.13209 0.253351 0.139436 0.867468 0.812223 0.87377 0.812759 0.870281 0.811889 0.849136 0.820824 0.852968 0.821246 0.857592 0.82016 0.848032 0.818204 0.849136 0.820824 0.857592 0.82016 0.462689 0.891358 0.852968 0.821246 0.849136 0.820824 0.848239 0.818235 0.849136 0.820824 0.848032 0.818204 0.848239 0.818235 0.462689 0.891358 0.849136 0.820824 0.824115 0.79987 0.838567 0.808985 0.837369 0.807665 0.836106 0.80701 0.837369 0.807665 0.837819 0.807881 0.835168 0.806663 0.824115 0.79987 0.837369 0.807665 0.836106 0.80701 0.835168 0.806663 0.837369 0.807665 0.835168 0.806663 0.832653 0.806717 0.821885 0.799238 0.814914 0.819438 0.821885 0.799238 0.832653 0.806717 0.814914 0.819438 0.8136 0.817796 0.821885 0.799238 0.833183 0.807001 0.832653 0.806717 0.835168 0.806663 0.832925 0.806859 0.814914 0.819438 0.832653 0.806717 0.832925 0.806859 0.832653 0.806717 0.833183 0.807001 0.836106 0.80701 0.833183 0.807001 0.835168 0.806663 0.808362 0.819666 0.8136 0.817796 0.814914 0.819438 0.833183 0.807001 0.839827 0.824793 0.814914 0.819438 0.845551 0.828459 0.814914 0.819438 0.839827 0.824793 0.832925 0.806859 0.833183 0.807001 0.814914 0.819438 0.815745 0.820921 0.808362 0.819666 0.814914 0.819438 0.820609 0.825822 0.815745 0.820921 0.814914 0.819438 0.845551 0.828459 0.820609 0.825822 0.814914 0.819438 0.85038 0.813179 0.86222 0.815344 0.839827 0.824793 0.864984 0.818829 0.839827 0.824793 0.86222 0.815344 0.848413 0.812642 0.85038 0.813179 0.839827 0.824793 0.833183 0.807001 0.848413 0.812642 0.839827 0.824793 0.864984 0.818829 0.845551 0.828459 0.839827 0.824793 0.855139 0.811883 0.86222 0.815344 0.85038 0.813179 0.863629 0.815568 0.864984 0.818829 0.86222 0.815344 0.867468 0.812223 0.863629 0.815568 0.86222 0.815344 0.855139 0.811883 0.867468 0.812223 0.86222 0.815344 0.833183 0.807001 0.85038 0.813179 0.848413 0.812642 0.836106 0.80701 0.85038 0.813179 0.833183 0.807001 0.855139 0.811883 0.85038 0.813179 0.836106 0.80701 0.815745 0.820921 0.81634 0.82247 0.808362 0.819666 0.81001 0.823097 0.808362 0.819666 0.81634 0.82247 0.817837 0.823338 0.81634 0.82247 0.815745 0.820921 0.814938 0.827295 0.81001 0.823097 0.81634 0.82247 0.814938 0.827295 0.81634 0.82247 0.817837 0.823338 0.312716 0.1365669 0.253351 0.139436 0.283603 0.139465 0.819775 0.825047 0.817837 0.823338 0.815745 0.820921 0.820609 0.825822 0.819775 0.825047 0.815745 0.820921 0.805861 0.828947 0.80394 0.826533 0.81001 0.823097 0.80776 0.831301 0.805861 0.828947 0.81001 0.823097 0.814938 0.827295 0.80776 0.831301 0.81001 0.823097 0.814938 0.827295 0.817837 0.823338 0.819775 0.825047 0.820832 0.826274 0.819775 0.825047 0.820609 0.825822 0.820832 0.826274 0.814938 0.827295 0.819775 0.825047 0.821882 0.826987 0.820609 0.825822 0.845551 0.828459 0.820832 0.826274 0.820609 0.825822 0.821882 0.826987 0.861916 0.828748 0.845551 0.828459 0.864984 0.818829 0.830201 0.832111 0.821882 0.826987 0.845551 0.828459 0.844028 0.834721 0.830201 0.832111 0.845551 0.828459 0.861916 0.828748 0.844028 0.834721 0.845551 0.828459 0.863629 0.815568 0.864915 0.81579 0.864984 0.818829 0.87135 0.812193 0.864984 0.818829 0.864915 0.81579 0.86332 0.827045 0.861916 0.828748 0.864984 0.818829 0.865007 0.820157 0.86332 0.827045 0.864984 0.818829 0.87135 0.812193 0.865007 0.820157 0.864984 0.818829 0.867468 0.812223 0.864915 0.81579 0.863629 0.815568 0.870281 0.811889 0.87135 0.812193 0.864915 0.81579 0.867468 0.812223 0.870281 0.811889 0.864915 0.81579 0.821882 0.827484 0.821882 0.826987 0.830201 0.832111 0.820832 0.826274 0.821882 0.826987 0.821882 0.827484 0.843634 0.845852 0.830201 0.832111 0.844028 0.834721 0.843634 0.845852 0.821882 0.827484 0.830201 0.832111 0.855579 0.850759 0.844028 0.834721 0.861916 0.828748 0.855579 0.850759 0.843634 0.845852 0.844028 0.834721 0.855579 0.850759 0.861916 0.828748 0.86332 0.827045 0.865007 0.820157 0.864521 0.825196 0.86332 0.827045 0.855579 0.850759 0.86332 0.827045 0.864521 0.825196 0.865007 0.820157 0.864681 0.824917 0.864521 0.825196 0.864521 0.852476 0.864521 0.825196 0.864681 0.824917 0.855579 0.850759 0.864521 0.825196 0.864521 0.852476 0.865007 0.820157 0.864821 0.824674 0.864681 0.824917 0.864778 0.869785 0.864681 0.824917 0.864821 0.824674 0.864778 0.869785 0.864521 0.852476 0.864681 0.824917 0.87135 0.812193 0.864821 0.824674 0.865007 0.820157 0.87135 0.812193 0.870631 0.820194 0.864821 0.824674 0.870588 0.866163 0.864821 0.824674 0.870631 0.820194 0.870588 0.866163 0.864778 0.869785 0.864821 0.824674 0.836394 0.850836 0.80776 0.831301 0.814938 0.827295 0.325112 0.14347 0.312716 0.1365669 0.305694 0.14316 0.836394 0.850836 0.814938 0.827295 0.840975 0.85219 0.843634 0.845852 0.840975 0.85219 0.814938 0.827295 0.820832 0.826274 0.821882 0.827484 0.814938 0.827295 0.843634 0.845852 0.814938 0.827295 0.821882 0.827484 0.852934 0.853989 0.43936 0.907931 0.458729 0.90382 0.458405 0.893788 0.458729 0.90382 0.43936 0.907931 0.840975 0.85219 0.852934 0.853989 0.458729 0.90382 0.836394 0.850836 0.840975 0.85219 0.458729 0.90382 0.458405 0.893788 0.476902 0.887879 0.458729 0.90382 0.864521 0.852476 0.422941 0.907458 0.43936 0.907931 0.428329 0.891264 0.43936 0.907931 0.422941 0.907458 0.852934 0.853989 0.864521 0.852476 0.43936 0.907931 0.458405 0.893788 0.43936 0.907931 0.428329 0.891264 0.422602 0.919607 0.422941 0.907458 0.864521 0.852476 0.425499 0.889834 0.428329 0.891264 0.422941 0.907458 0.422941 0.888214 0.425499 0.889834 0.422941 0.907458 0.422602 0.919607 0.422941 0.888214 0.422941 0.907458 0.855579 0.850759 0.864521 0.852476 0.852934 0.853989 0.422602 0.919607 0.864521 0.852476 0.864778 0.869785 0.855579 0.850759 0.852934 0.853989 0.840975 0.85219 0.855579 0.850759 0.840975 0.85219 0.843634 0.845852 0.454633 0.888703 0.428329 0.891264 0.425499 0.889834 0.454633 0.888703 0.458405 0.893788 0.428329 0.891264 0.454633 0.888703 0.425499 0.889834 0.422941 0.888214 0.312716 0.1365669 0.283603 0.139465 0.305694 0.14316 0.253351 0.139436 0.237093 0.1594009 0.262486 0.145292 0.454633 0.888703 0.492384 0.871854 0.491861 0.872859 0.454633 0.888703 0.463094 0.88432 0.492384 0.871854 0.423904 0.880884 0.426487 0.880767 0.463094 0.88432 0.461632 0.873734 0.463094 0.88432 0.426487 0.880767 0.421603 0.880979 0.423904 0.880884 0.463094 0.88432 0.421697 0.883335 0.421603 0.880979 0.463094 0.88432 0.454633 0.888703 0.421697 0.883335 0.463094 0.88432 0.461632 0.873734 0.471843 0.868468 0.463094 0.88432 0.412732 0.878485 0.426487 0.880767 0.423904 0.880884 0.442258 0.879131 0.461632 0.873734 0.426487 0.880767 0.418038 0.879081 0.442258 0.879131 0.426487 0.880767 0.412732 0.878485 0.418038 0.879081 0.426487 0.880767 0.412732 0.878485 0.423904 0.880884 0.421603 0.880979 0.411221 0.878745 0.421603 0.880979 0.421697 0.883335 0.411221 0.878745 0.412732 0.878485 0.421603 0.880979 0.421759 0.884456 0.421697 0.883335 0.454633 0.888703 0.411221 0.878745 0.421697 0.883335 0.421759 0.884456 0.422941 0.888214 0.422551 0.887938 0.454633 0.888703 0.421759 0.884456 0.454633 0.888703 0.422551 0.887938 0.422602 0.919607 0.422551 0.887938 0.422941 0.888214 0.412361 0.884586 0.421759 0.884456 0.422551 0.887938 0.412355 0.91696 0.422551 0.887938 0.422602 0.919607 0.412361 0.884586 0.422551 0.887938 0.412355 0.91696 0.412361 0.884586 0.411221 0.878745 0.421759 0.884456 0.418038 0.879081 0.461632 0.873734 0.442258 0.879131 0.418038 0.879081 0.457094 0.874539 0.461632 0.873734 0.411221 0.878745 0.40963 0.878815 0.412732 0.878485 0.401667 0.88362 0.402402 0.880558 0.406617 0.879235 0.401109 0.886261 0.406617 0.879235 0.40963 0.878815 0.401667 0.88362 0.406617 0.879235 0.401109 0.886261 0.412361 0.884586 0.40963 0.878815 0.411221 0.878745 0.412361 0.884586 0.401109 0.886261 0.40963 0.878815 0.227963 0.908814 0.401099 0.918276 0.227963 0.93598 0.403686 0.920847 0.227963 0.93598 0.401099 0.918276 0.223543 0.93636 0.227963 0.908814 0.227963 0.93598 0.227031 0.938785 0.223543 0.93636 0.227963 0.93598 0.227031 0.938785 0.227963 0.93598 0.403686 0.920847 0.227963 0.908814 0.401109 0.886261 0.401099 0.918276 0.412361 0.884586 0.401099 0.918276 0.401109 0.886261 0.412361 0.884586 0.412355 0.91696 0.401099 0.918276 0.403686 0.920847 0.401099 0.918276 0.412355 0.91696 0.227963 0.908814 0.401667 0.88362 0.401109 0.886261 0.227963 0.908814 0.255766 0.908174 0.401667 0.88362 0.224757 0.90947 0.255766 0.908174 0.227963 0.908814 0.250089 0.909218 0.255766 0.908174 0.224757 0.90947 0.257738 0.909301 0.255766 0.908174 0.250089 0.909218 0.261533 0.908052 0.255766 0.908174 0.257738 0.909301 0.2234629 0.909332 0.227963 0.908814 0.223543 0.93636 0.223224 0.909375 0.227963 0.908814 0.2234629 0.909332 0.224757 0.90947 0.227963 0.908814 0.223224 0.909375 0.2234629 0.909332 0.2210029 0.937861 0.2210029 0.91124 0.192154 0.954401 0.2210029 0.91124 0.2210029 0.937861 0.2208819 0.911231 0.2234629 0.909332 0.2210029 0.91124 0.192154 0.954401 0.2208819 0.911231 0.2210029 0.91124 0.2234629 0.909332 0.223543 0.93636 0.2210029 0.937861 0.2231169 0.937681 0.2210029 0.937861 0.223543 0.93636 0.253351 0.139436 0.262486 0.145292 0.283603 0.139465 0.192154 0.954401 0.2210029 0.937861 0.220247 0.939748 0.2231169 0.937681 0.220247 0.939748 0.2210029 0.937861 0.2231169 0.937681 0.223543 0.93636 0.227031 0.938785 0.237093 0.1594009 0.255176 0.151791 0.262486 0.145292 0.223224 0.909375 0.2234629 0.909332 0.2208819 0.911231 0.192154 0.954401 0.220247 0.939748 0.218315 0.943345 0.220143 0.943698 0.218315 0.943345 0.220247 0.939748 0.192154 0.971923 0.192154 0.954401 0.218315 0.943345 0.220143 0.943698 0.192154 0.971923 0.218315 0.943345 0.221908 0.940366 0.220143 0.943698 0.220247 0.939748 0.2231169 0.937681 0.221908 0.940366 0.220247 0.939748 0.192154 0.954401 0.220577 0.911748 0.2208819 0.911231 0.223224 0.909375 0.2208819 0.911231 0.220577 0.911748 0.192154 0.954401 0.219761 0.91353 0.220577 0.911748 0.222585 0.91062 0.220577 0.911748 0.219761 0.91353 0.222585 0.91062 0.223224 0.909375 0.220577 0.911748 0.192188 0.954375 0.219761 0.91353 0.192154 0.954401 0.193008 0.95435 0.219761 0.91353 0.192188 0.954375 0.220338 0.913362 0.219761 0.91353 0.193008 0.95435 0.222585 0.91062 0.219761 0.91353 0.220338 0.913362 0.193729 0.977533 0.192154 0.954401 0.192154 0.971923 0.193113 0.96128 0.192154 0.954401 0.193729 0.977533 0.192188 0.954375 0.192154 0.954401 0.193113 0.96128 0.194871 0.972283 0.192154 0.971923 0.220143 0.943698 0.193992 0.97571 0.192154 0.971923 0.194871 0.972283 0.193729 0.977533 0.192154 0.971923 0.193992 0.97571 0.194871 0.972283 0.224583 0.944107 0.20152 0.972841 0.270395 0.982022 0.20152 0.972841 0.224583 0.944107 0.2032819 0.976613 0.194871 0.972283 0.20152 0.972841 0.270395 0.982022 0.2032819 0.976613 0.20152 0.972841 0.194871 0.972283 0.220143 0.943698 0.224583 0.944107 0.221908 0.940366 0.224583 0.944107 0.220143 0.943698 0.405612 0.987366 0.270395 0.982022 0.224583 0.944107 0.53903 0.977157 0.405612 0.987366 0.224583 0.944107 0.4103 0.925282 0.53903 0.977157 0.224583 0.944107 0.227031 0.938785 0.4103 0.925282 0.224583 0.944107 0.221908 0.940366 0.227031 0.938785 0.224583 0.944107 0.193992 0.97571 0.194871 0.972283 0.2032819 0.976613 0.2235119 0.979162 0.217323 0.978891 0.2032819 0.976613 0.201219 0.978761 0.2032819 0.976613 0.217323 0.978891 0.270395 0.982022 0.2235119 0.979162 0.2032819 0.976613 0.201219 0.978761 0.193992 0.97571 0.2032819 0.976613 0.221949 0.980754 0.217323 0.978891 0.2235119 0.979162 0.215547 0.980472 0.201219 0.978761 0.217323 0.978891 0.221949 0.980754 0.215547 0.980472 0.217323 0.978891 0.312167 0.988042 0.2235119 0.979162 0.270395 0.982022 0.312167 0.988042 0.221949 0.980754 0.2235119 0.979162 0.405612 0.987366 0.31758 0.986697 0.270395 0.982022 0.312167 0.988042 0.270395 0.982022 0.31758 0.986697 0.405612 0.987366 0.33587 0.988678 0.31758 0.986697 0.350643 0.991919 0.31758 0.986697 0.33587 0.988678 0.350643 0.991919 0.312167 0.988042 0.31758 0.986697 0.361721 0.990077 0.355679 0.990506 0.33587 0.988678 0.350643 0.991919 0.33587 0.988678 0.355679 0.990506 0.38375 0.988577 0.361721 0.990077 0.33587 0.988678 0.405612 0.987366 0.38375 0.988577 0.33587 0.988678 0.363041 0.990536 0.355679 0.990506 0.361721 0.990077 0.360061 0.990755 0.355679 0.990506 0.363041 0.990536 0.350643 0.991919 0.355679 0.990506 0.360061 0.990755 0.410958 0.99044 0.361721 0.990077 0.38375 0.988577 0.363041 0.990536 0.361721 0.990077 0.410958 0.99044 0.410958 0.99044 0.38375 0.988577 0.405612 0.987366 0.5468 0.980498 0.405612 0.987366 0.53903 0.977157 0.410958 0.99044 0.405612 0.987366 0.5468 0.980498 0.4103 0.925282 0.639592 0.964562 0.53903 0.977157 0.64873 0.969214 0.53903 0.977157 0.639592 0.964562 0.5468 0.980498 0.53903 0.977157 0.64873 0.969214 0.419111 0.921796 0.639592 0.964562 0.4103 0.925282 0.714664 0.955914 0.639592 0.964562 0.419111 0.921796 0.64873 0.969214 0.639592 0.964562 0.714664 0.955914 0.40895 0.919897 0.4103 0.925282 0.403686 0.920847 0.227031 0.938785 0.403686 0.920847 0.4103 0.925282 0.414528 0.920241 0.4103 0.925282 0.40895 0.919897 0.419111 0.921796 0.4103 0.925282 0.414528 0.920241 0.193729 0.977533 0.193992 0.97571 0.201219 0.978761 0.193729 0.977533 0.201219 0.978761 0.215547 0.980472 0.2147729 0.981032 0.193729 0.977533 0.215547 0.980472 0.2212679 0.981318 0.2147729 0.981032 0.215547 0.980472 0.221949 0.980754 0.2212679 0.981318 0.215547 0.980472 0.20134 0.964257 0.193729 0.977533 0.2147729 0.981032 0.20134 0.964257 0.193113 0.96128 0.193729 0.977533 0.2147729 0.965914 0.20134 0.964257 0.2147729 0.981032 0.2212679 0.966157 0.2147729 0.965914 0.2147729 0.981032 0.2212679 0.981318 0.2212679 0.966157 0.2147729 0.981032 0.1985149 0.962912 0.193113 0.96128 0.20134 0.964257 0.191312 0.959411 0.193113 0.96128 0.1985149 0.962912 0.192188 0.954375 0.193113 0.96128 0.191312 0.959411 0.1985149 0.962912 0.20134 0.964257 0.2147729 0.965914 0.1985149 0.962912 0.2147729 0.965914 0.2104009 0.96447 0.216834 0.964828 0.2104009 0.96447 0.2147729 0.965914 0.2212679 0.966157 0.216834 0.964828 0.2147729 0.965914 0.193008 0.95435 0.192188 0.954375 0.191312 0.959411 0.308053 0.973157 0.216834 0.964828 0.2212679 0.966157 0.265635 0.984046 0.2212679 0.966157 0.2212679 0.981318 0.266628 0.968926 0.2212679 0.966157 0.265635 0.984046 0.309809 0.974161 0.2212679 0.966157 0.266628 0.968926 0.308053 0.973157 0.2212679 0.966157 0.309809 0.974161 0.265635 0.984046 0.2212679 0.981318 0.221949 0.980754 0.309809 0.988513 0.265635 0.984046 0.221949 0.980754 0.312167 0.988042 0.309809 0.988513 0.221949 0.980754 0.266628 0.968926 0.265635 0.984046 0.309809 0.988513 0.328217 0.990561 0.309809 0.988513 0.312167 0.988042 0.309809 0.974161 0.266628 0.968926 0.309809 0.988513 0.328217 0.990561 0.309809 0.974161 0.309809 0.988513 0.348309 0.992459 0.312167 0.988042 0.350643 0.991919 0.328217 0.990561 0.312167 0.988042 0.348309 0.992459 0.433211 0.985608 0.308053 0.973157 0.309809 0.974161 0.433061 0.997726 0.433211 0.985608 0.309809 0.974161 0.433061 0.997726 0.309809 0.974161 0.414699 0.996881 0.385829 0.995261 0.414699 0.996881 0.309809 0.974161 0.385829 0.995261 0.309809 0.974161 0.358097 0.993274 0.353173 0.992872 0.358097 0.993274 0.309809 0.974161 0.353173 0.992872 0.309809 0.974161 0.348309 0.992459 0.328217 0.990561 0.348309 0.992459 0.309809 0.974161 0.986354 0.88565 0.949043 0.891033 0.948542 0.8922 0.948542 0.928643 0.948542 0.8922 0.913046 0.908225 0.984185 0.887066 0.986354 0.88565 0.948542 0.8922 0.965027 0.887686 0.984185 0.887066 0.948542 0.8922 0.96539 0.923823 0.965027 0.887686 0.948542 0.8922 0.96539 0.923823 0.948542 0.8922 0.948542 0.928643 0.912837 0.943162 0.913046 0.908225 0.875223 0.925274 0.942243 0.93112 0.948542 0.928643 0.913046 0.908225 0.935834 0.933624 0.942243 0.93112 0.913046 0.908225 0.93468 0.934074 0.935834 0.933624 0.913046 0.908225 0.933536 0.934524 0.93468 0.934074 0.913046 0.908225 0.925904 0.937598 0.933536 0.934524 0.913046 0.908225 0.918041 0.940877 0.925904 0.937598 0.913046 0.908225 0.912837 0.943162 0.918041 0.940877 0.913046 0.908225 0.862131 0.962686 0.875223 0.925274 0.777967 0.959833 0.912485 0.943329 0.912837 0.943162 0.875223 0.925274 0.91062 0.94443 0.912485 0.943329 0.875223 0.925274 0.91062 0.945336 0.91062 0.94443 0.875223 0.925274 0.906707 0.947371 0.91062 0.945336 0.875223 0.925274 0.90096 0.949693 0.906707 0.947371 0.875223 0.925274 0.892055 0.952987 0.90096 0.949693 0.875223 0.925274 0.879431 0.957295 0.892055 0.952987 0.875223 0.925274 0.862131 0.962686 0.879431 0.957295 0.875223 0.925274 0.777575 0.982496 0.777967 0.959833 0.583391 0.985755 0.777575 0.982496 0.862131 0.962686 0.777967 0.959833 0.566503 0.999588 0.583391 0.985755 0.433211 0.985608 0.624992 0.997744 0.777575 0.982496 0.583391 0.985755 0.566503 0.999588 0.624992 0.997744 0.583391 0.985755 0.434228 0.997778 0.441171 0.998144 0.433211 0.985608 0.45704 0.999109 0.433211 0.985608 0.441171 0.998144 0.434228 0.997778 0.433211 0.985608 0.433061 0.997726 0.517227 1 0.566503 0.999588 0.433211 0.985608 0.480664 0.999659 0.517227 1 0.433211 0.985608 0.45704 0.999109 0.480664 0.999659 0.433211 0.985608 0.989126 0.885834 0.986354 0.88565 0.984185 0.887066 0.984185 0.92166 0.984185 0.887066 0.965027 0.887686 0.261452 0.179486 0.251851 0.160389 0.238533 0.173753 0.987012 0.88722 0.989126 0.885834 0.984185 0.887066 0.984185 0.92166 0.987012 0.88722 0.984185 0.887066 0.96539 0.923823 0.984185 0.92166 0.965027 0.887686 0.238533 0.173753 0.251851 0.160389 0.237093 0.1594009 0.993228 0.886429 0.994752 0.885184 0.989126 0.885834 0.993228 0.886429 0.989126 0.885834 0.987012 0.88722 0.997274 0.918833 0.993228 0.886429 0.987012 0.88722 0.997274 0.918833 0.987012 0.88722 0.987012 0.92154 0.984185 0.92166 0.987012 0.92154 0.987012 0.88722 0.997553 0.884295 0.998984 0.882537 0.994752 0.885184 0.993228 0.886429 0.997553 0.884295 0.994752 0.885184 0.997274 0.918833 0.997553 0.884295 0.993228 0.886429 0.997274 0.918833 1 0.913496 0.997553 0.884295 0.993589 0.919899 0.997274 0.918833 0.987012 0.92154 0.98406 0.921248 0.987012 0.92154 0.984185 0.92166 0.986869 0.921129 0.987012 0.92154 0.98406 0.921248 0.993589 0.919899 0.987012 0.92154 0.986869 0.921129 0.998649 0.913883 1 0.913496 0.997274 0.918833 0.998649 0.913883 0.992767 0.884936 1 0.913496 0.992106 0.881273 1 0.913496 0.992767 0.884936 0.992106 0.881273 0.991841 0.879113 1 0.913496 0.997869 0.917219 0.998649 0.913883 0.997274 0.918833 0.997869 0.917219 0.997274 0.918833 0.993589 0.919899 0.94748 0.928386 0.98406 0.921248 0.984185 0.92166 0.94748 0.928386 0.984185 0.92166 0.96539 0.923823 0.986869 0.921129 0.983766 0.919727 0.986531 0.91961 0.874326 0.874386 0.986531 0.91961 0.983766 0.919727 0.993398 0.917816 0.986869 0.921129 0.986531 0.91961 0.993398 0.917816 0.986531 0.91961 0.874326 0.874386 0.986869 0.921129 0.98406 0.921248 0.983766 0.919727 0.963392 0.922061 0.983766 0.919727 0.98406 0.921248 0.963392 0.922061 0.874326 0.874386 0.983766 0.919727 0.963392 0.922061 0.98406 0.921248 0.944961 0.927265 0.94748 0.928386 0.944961 0.927265 0.98406 0.921248 0.993589 0.919899 0.986869 0.921129 0.993398 0.917816 0.995377 0.914232 0.874326 0.874386 0.989088 0.885695 0.877216 0.869357 0.989088 0.885695 0.874326 0.874386 0.991691 0.885369 0.995377 0.914232 0.989088 0.885695 0.98825 0.880295 0.991691 0.885369 0.989088 0.885695 0.98825 0.880295 0.989088 0.885695 0.877216 0.869357 0.845483 0.936723 0.776194 0.944795 0.874326 0.874386 0.714664 0.955914 0.874326 0.874386 0.776194 0.944795 0.911748 0.931944 0.845483 0.936723 0.874326 0.874386 0.920899 0.93178 0.911748 0.931944 0.874326 0.874386 0.930029 0.932128 0.920899 0.93178 0.874326 0.874386 0.93198 0.932254 0.930029 0.932128 0.874326 0.874386 0.93853 0.929746 0.93198 0.932254 0.874326 0.874386 0.944961 0.927265 0.93853 0.929746 0.874326 0.874386 0.963392 0.922061 0.944961 0.927265 0.874326 0.874386 0.995377 0.914232 0.993398 0.917816 0.874326 0.874386 0.867535 0.871869 0.874326 0.874386 0.419111 0.921796 0.714664 0.955914 0.419111 0.921796 0.874326 0.874386 0.869973 0.869908 0.874326 0.874386 0.867535 0.871869 0.873492 0.868996 0.877216 0.869357 0.874326 0.874386 0.869973 0.869908 0.873492 0.868996 0.874326 0.874386 0.847724 0.940361 0.776194 0.944795 0.845483 0.936723 0.781495 0.949919 0.714664 0.955914 0.776194 0.944795 0.847724 0.940361 0.781495 0.949919 0.776194 0.944795 0.912556 0.934995 0.845483 0.936723 0.911748 0.931944 0.847724 0.940361 0.845483 0.936723 0.912556 0.934995 0.929881 0.932515 0.911748 0.931944 0.920899 0.93178 0.929881 0.932515 0.929732 0.932904 0.911748 0.931944 0.912556 0.934995 0.911748 0.931944 0.929732 0.932904 0.929881 0.932515 0.920899 0.93178 0.930029 0.932128 0.930847 0.93258 0.930029 0.932128 0.93198 0.932254 0.929881 0.932515 0.930029 0.932128 0.930847 0.93258 0.94748 0.928386 0.93198 0.932254 0.93853 0.929746 0.934729 0.933377 0.93198 0.932254 0.94748 0.928386 0.930847 0.93258 0.93198 0.932254 0.934729 0.933377 0.94748 0.928386 0.93853 0.929746 0.944961 0.927265 0.997869 0.917219 0.993398 0.917816 0.995377 0.914232 0.997869 0.917219 0.993589 0.919899 0.993398 0.917816 0.998649 0.913883 0.995377 0.914232 0.991691 0.885369 0.997869 0.917219 0.995377 0.914232 0.998649 0.913883 0.998649 0.913883 0.991691 0.885369 0.992767 0.884936 0.991089 0.882018 0.992767 0.884936 0.991691 0.885369 0.991089 0.882018 0.992106 0.881273 0.992767 0.884936 0.991089 0.882018 0.991691 0.885369 0.98825 0.880295 0.990514 0.877589 0.991841 0.879113 0.992106 0.881273 0.990666 0.879174 0.990514 0.877589 0.992106 0.881273 0.991089 0.882018 0.990666 0.879174 0.992106 0.881273 0.990666 0.879174 0.98792 0.877098 0.990514 0.877589 0.878362 0.866244 0.878357 0.820301 0.98792 0.877098 0.98825 0.880295 0.878362 0.866244 0.98792 0.877098 0.990666 0.879174 0.98825 0.880295 0.98792 0.877098 0.870631 0.820194 0.877947 0.816643 0.878357 0.820301 0.870588 0.866163 0.878357 0.820301 0.878362 0.866244 0.870588 0.866163 0.870631 0.820194 0.878357 0.820301 0.873492 0.868996 0.870588 0.866163 0.878362 0.866244 0.873492 0.868996 0.878362 0.866244 0.877216 0.869357 0.98825 0.880295 0.877216 0.869357 0.878362 0.866244 0.872323 0.812058 0.874562 0.812054 0.870631 0.820194 0.87135 0.812193 0.872323 0.812058 0.870631 0.820194 0.870281 0.811889 0.872323 0.812058 0.87135 0.812193 0.315041 0.175512 0.329548 0.181752 0.333393 0.153663 0.867535 0.871869 0.864778 0.869785 0.870588 0.866163 0.867535 0.871869 0.422602 0.919607 0.864778 0.869785 0.869973 0.869908 0.867535 0.871869 0.870588 0.866163 0.869973 0.869908 0.870588 0.866163 0.873492 0.868996 0.414528 0.920241 0.412355 0.91696 0.422602 0.919607 0.419111 0.921796 0.414528 0.920241 0.422602 0.919607 0.867535 0.871869 0.419111 0.921796 0.422602 0.919607 0.40895 0.919897 0.403686 0.920847 0.412355 0.91696 0.414528 0.920241 0.40895 0.919897 0.412355 0.91696 0.2231169 0.937681 0.227031 0.938785 0.221908 0.940366 0.720064 0.959563 0.714664 0.955914 0.781495 0.949919 0.64873 0.969214 0.714664 0.955914 0.720064 0.959563 0.720064 0.959563 0.753727 0.956541 0.722149 0.961179 0.722149 0.961967 0.722149 0.961179 0.753727 0.956541 0.64873 0.969214 0.720064 0.959563 0.722149 0.961179 0.64873 0.969214 0.722149 0.961179 0.688075 0.966355 0.607199 0.978474 0.688075 0.966355 0.722149 0.961179 0.722149 0.961967 0.607199 0.978474 0.722149 0.961179 0.720064 0.959563 0.783769 0.952387 0.753727 0.956541 0.722149 0.961967 0.753727 0.956541 0.783769 0.952387 0.720064 0.959563 0.781495 0.949919 0.783769 0.952387 0.845801 0.945072 0.783769 0.952387 0.781495 0.949919 0.817496 0.949004 0.722149 0.961967 0.783769 0.952387 0.845801 0.945072 0.817496 0.949004 0.783769 0.952387 0.845801 0.945072 0.781495 0.949919 0.850157 0.944647 0.849485 0.943261 0.850157 0.944647 0.781495 0.949919 0.849485 0.943261 0.781495 0.949919 0.847724 0.940361 0.653181 0.971565 0.64873 0.969214 0.688075 0.966355 0.607199 0.978474 0.653181 0.971565 0.688075 0.966355 0.55323 0.983028 0.64873 0.969214 0.653181 0.971565 0.5468 0.980498 0.64873 0.969214 0.55323 0.983028 0.562517 0.983367 0.653181 0.971565 0.607199 0.978474 0.55323 0.983028 0.653181 0.971565 0.562517 0.983367 0.555761 0.984112 0.439054 0.994056 0.439054 0.993693 0.428064 0.996379 0.439054 0.993693 0.439054 0.994056 0.433493 0.993481 0.555761 0.984112 0.439054 0.993693 0.428064 0.996379 0.428054 0.995914 0.439054 0.993693 0.433493 0.993481 0.439054 0.993693 0.428054 0.995914 0.562517 0.983367 0.607199 0.978474 0.439054 0.994056 0.453205 0.994961 0.439054 0.994056 0.607199 0.978474 0.555761 0.984112 0.562517 0.983367 0.439054 0.994056 0.453205 0.994961 0.428064 0.996379 0.439054 0.994056 0.628984 0.981292 0.607199 0.978474 0.722149 0.961967 0.474414 0.995826 0.453205 0.994961 0.607199 0.978474 0.485754 0.996173 0.474414 0.995826 0.607199 0.978474 0.628984 0.981292 0.485754 0.996173 0.607199 0.978474 0.813996 0.954983 0.722149 0.961967 0.817496 0.949004 0.729124 0.966637 0.628984 0.981292 0.722149 0.961967 0.813996 0.954983 0.729124 0.966637 0.722149 0.961967 0.905334 0.940496 0.905334 0.941445 0.817496 0.949004 0.893123 0.947587 0.817496 0.949004 0.905334 0.941445 0.850157 0.944647 0.905334 0.940496 0.817496 0.949004 0.845801 0.945072 0.850157 0.944647 0.817496 0.949004 0.813996 0.954983 0.817496 0.949004 0.893123 0.947587 0.911807 0.941799 0.905334 0.941445 0.905334 0.940496 0.91165 0.942621 0.905334 0.941445 0.911807 0.941799 0.907083 0.945154 0.905334 0.941445 0.91165 0.942621 0.895982 0.946342 0.905334 0.941445 0.901539 0.943757 0.907083 0.945154 0.901539 0.943757 0.905334 0.941445 0.893123 0.947587 0.905334 0.941445 0.895982 0.946342 0.849485 0.943261 0.905334 0.940496 0.850157 0.944647 0.913482 0.940984 0.911807 0.941799 0.905334 0.940496 0.907239 0.939656 0.913482 0.940984 0.905334 0.940496 0.849485 0.943261 0.907239 0.939656 0.905334 0.940496 0.55323 0.983028 0.562517 0.983367 0.555761 0.984112 0.433493 0.993481 0.432088 0.993441 0.555761 0.984112 0.55323 0.983028 0.555761 0.984112 0.432088 0.993441 0.441171 0.998457 0.441171 0.998144 0.428054 0.995914 0.433061 0.997726 0.428054 0.995914 0.441171 0.998144 0.428064 0.996379 0.441171 0.998457 0.428054 0.995914 0.237093 0.1594009 0.251851 0.160389 0.255176 0.151791 0.422869 0.995797 0.428054 0.995914 0.433061 0.997726 0.433493 0.993481 0.428054 0.995914 0.422869 0.995797 0.45704 0.999109 0.441171 0.998144 0.441171 0.998457 0.434228 0.997778 0.433061 0.997726 0.441171 0.998144 0.445758 0.997219 0.441171 0.998457 0.428064 0.996379 0.445758 0.997219 0.45704 0.999109 0.441171 0.998457 0.320152 0.165674 0.333393 0.153663 0.31957 0.1562449 0.445758 0.997219 0.428064 0.996379 0.453205 0.994961 0.432088 0.993441 0.409159 0.995233 0.415966 0.992966 0.389816 0.992143 0.415966 0.992966 0.409159 0.995233 0.55323 0.983028 0.432088 0.993441 0.415966 0.992966 0.5468 0.980498 0.55323 0.983028 0.415966 0.992966 0.410958 0.99044 0.5468 0.980498 0.415966 0.992966 0.389816 0.992143 0.410958 0.99044 0.415966 0.992966 0.422869 0.995797 0.414699 0.996881 0.409159 0.995233 0.385829 0.995261 0.409159 0.995233 0.414699 0.996881 0.432088 0.993441 0.422869 0.995797 0.409159 0.995233 0.359318 0.992626 0.389816 0.992143 0.409159 0.995233 0.358097 0.993274 0.359318 0.992626 0.409159 0.995233 0.385829 0.995261 0.358097 0.993274 0.409159 0.995233 0.422869 0.995797 0.433061 0.997726 0.414699 0.996881 0.433493 0.993481 0.422869 0.995797 0.432088 0.993441 0.389816 0.992143 0.364389 0.990994 0.410958 0.99044 0.363041 0.990536 0.410958 0.99044 0.364389 0.990994 0.359318 0.992626 0.364389 0.990994 0.389816 0.992143 0.360061 0.990755 0.363041 0.990536 0.364389 0.990994 0.360061 0.990755 0.364389 0.990994 0.359318 0.992626 0.353173 0.992872 0.359318 0.992626 0.358097 0.993274 0.350643 0.991919 0.360061 0.990755 0.359318 0.992626 0.348309 0.992459 0.350643 0.991919 0.359318 0.992626 0.353173 0.992872 0.348309 0.992459 0.359318 0.992626 0.934729 0.933377 0.948542 0.928643 0.942243 0.93112 0.94748 0.928386 0.96539 0.923823 0.948542 0.928643 0.934729 0.933377 0.94748 0.928386 0.948542 0.928643 0.934729 0.933377 0.942243 0.93112 0.935834 0.933624 0.932527 0.934121 0.935834 0.933624 0.93468 0.934074 0.932527 0.934121 0.934729 0.933377 0.935834 0.933624 0.932527 0.934121 0.93468 0.934074 0.933536 0.934524 0.917813 0.939334 0.933536 0.934524 0.925904 0.937598 0.917813 0.939334 0.932527 0.934121 0.933536 0.934524 0.917813 0.939334 0.925904 0.937598 0.918041 0.940877 0.913482 0.940984 0.918041 0.940877 0.912837 0.943162 0.913482 0.940984 0.917813 0.939334 0.918041 0.940877 0.911807 0.941799 0.912837 0.943162 0.912485 0.943329 0.913482 0.940984 0.912837 0.943162 0.911807 0.941799 0.911807 0.941799 0.912485 0.943329 0.91062 0.94443 0.91165 0.942621 0.91062 0.94443 0.91062 0.945336 0.91165 0.942621 0.911807 0.941799 0.91062 0.94443 0.91165 0.942621 0.91062 0.945336 0.906707 0.947371 0.907083 0.945154 0.906707 0.947371 0.90096 0.949693 0.907083 0.945154 0.91165 0.942621 0.906707 0.947371 0.897148 0.949093 0.90096 0.949693 0.892055 0.952987 0.907083 0.945154 0.90096 0.949693 0.897148 0.949093 0.885212 0.953332 0.892055 0.952987 0.879431 0.957295 0.897148 0.949093 0.892055 0.952987 0.885212 0.953332 0.872157 0.957598 0.879431 0.957295 0.862131 0.962686 0.885212 0.953332 0.879431 0.957295 0.872157 0.957598 0.623255 0.997184 0.862131 0.962686 0.777575 0.982496 0.860429 0.962377 0.872157 0.957598 0.862131 0.962686 0.623255 0.997184 0.860429 0.962377 0.862131 0.962686 0.623255 0.997184 0.777575 0.982496 0.624992 0.997744 0.623255 0.997184 0.624992 0.997744 0.566503 0.999588 0.530056 0.998502 0.566503 0.999588 0.517227 1 0.576897 0.997863 0.566503 0.999588 0.530056 0.998502 0.62103 0.996357 0.566503 0.999588 0.576897 0.997863 0.623255 0.997184 0.566503 0.999588 0.62103 0.996357 0.484273 0.998223 0.517227 1 0.480664 0.999659 0.530056 0.998502 0.517227 1 0.484273 0.998223 0.484273 0.998223 0.480664 0.999659 0.45704 0.999109 0.484273 0.998223 0.45704 0.999109 0.445758 0.997219 0.929732 0.932904 0.930847 0.93258 0.934729 0.933377 0.932527 0.934121 0.929732 0.932904 0.934729 0.933377 0.929881 0.932515 0.930847 0.93258 0.929732 0.932904 0.922136 0.935099 0.929732 0.932904 0.932527 0.934121 0.912556 0.934995 0.929732 0.932904 0.922136 0.935099 0.922136 0.935099 0.932527 0.934121 0.913261 0.937675 0.917813 0.939334 0.913261 0.937675 0.932527 0.934121 0.912556 0.934995 0.922136 0.935099 0.913261 0.937675 0.847724 0.940361 0.912556 0.934995 0.913261 0.937675 0.90775 0.939476 0.913261 0.937675 0.917813 0.939334 0.849485 0.943261 0.913261 0.937675 0.90775 0.939476 0.849485 0.943261 0.847724 0.940361 0.913261 0.937675 0.90775 0.939476 0.917813 0.939334 0.913482 0.940984 0.333393 0.153663 0.325112 0.14347 0.31957 0.1562449 0.907239 0.939656 0.90775 0.939476 0.913482 0.940984 0.849485 0.943261 0.90775 0.939476 0.907239 0.939656 0.325112 0.14347 0.305694 0.14316 0.31957 0.1562449 0.907083 0.945154 0.895982 0.946342 0.901539 0.943757 0.897148 0.949093 0.893123 0.947587 0.895982 0.946342 0.907083 0.945154 0.897148 0.949093 0.895982 0.946342 0.874387 0.955037 0.893123 0.947587 0.887167 0.950072 0.897148 0.949093 0.887167 0.950072 0.893123 0.947587 0.856505 0.961329 0.893123 0.947587 0.874387 0.955037 0.813996 0.954983 0.893123 0.947587 0.856505 0.961329 0.885212 0.953332 0.874387 0.955037 0.887167 0.950072 0.897148 0.949093 0.885212 0.953332 0.887167 0.950072 0.858255 0.961821 0.856505 0.961329 0.874387 0.955037 0.872157 0.957598 0.858255 0.961821 0.874387 0.955037 0.885212 0.953332 0.872157 0.957598 0.874387 0.955037 0.770141 0.980938 0.856505 0.961329 0.858255 0.961821 0.804894 0.967455 0.813996 0.954983 0.856505 0.961329 0.770141 0.980938 0.804894 0.967455 0.856505 0.961329 0.860429 0.962377 0.858255 0.961821 0.872157 0.957598 0.62103 0.996357 0.858255 0.961821 0.860429 0.962377 0.62103 0.996357 0.619385 0.995698 0.858255 0.961821 0.770141 0.980938 0.858255 0.961821 0.619385 0.995698 0.623255 0.997184 0.62103 0.996357 0.860429 0.962377 0.445758 0.997219 0.453205 0.994961 0.474414 0.995826 0.445758 0.997219 0.474414 0.995826 0.485754 0.996173 0.508656 0.996669 0.485754 0.996173 0.628984 0.981292 0.484273 0.998223 0.485754 0.996173 0.508656 0.996669 0.484273 0.998223 0.445758 0.997219 0.485754 0.996173 0.691163 0.985059 0.628984 0.981292 0.729124 0.966637 0.55752 0.996916 0.508656 0.996669 0.628984 0.981292 0.619385 0.995698 0.55752 0.996916 0.628984 0.981292 0.691163 0.985059 0.619385 0.995698 0.628984 0.981292 0.804894 0.967455 0.729124 0.966637 0.813996 0.954983 0.750709 0.975473 0.691163 0.985059 0.729124 0.966637 0.804894 0.967455 0.750709 0.975473 0.729124 0.966637 0.530056 0.998502 0.508656 0.996669 0.55752 0.996916 0.530056 0.998502 0.484273 0.998223 0.508656 0.996669 0.576897 0.997863 0.55752 0.996916 0.619385 0.995698 0.576897 0.997863 0.530056 0.998502 0.55752 0.996916 0.750709 0.975473 0.619385 0.995698 0.691163 0.985059 0.770141 0.980938 0.619385 0.995698 0.750709 0.975473 0.62103 0.996357 0.576897 0.997863 0.619385 0.995698 0.770141 0.980938 0.750709 0.975473 0.804894 0.967455 0.991089 0.882018 0.98825 0.880295 0.990666 0.879174 0.222585 0.91062 0.220338 0.913362 0.221441 0.913333 0.224757 0.90947 0.222585 0.91062 0.221441 0.913333 0.224757 0.90947 0.223224 0.909375 0.222585 0.91062 0.166063 0.134222 0.152849 0.127503 0.150228 0.140142 0.161773 0.143989 0.166063 0.134222 0.150228 0.140142 0.142145 0.145676 0.161773 0.143989 0.150228 0.140142 0.09703397 0.117699 0.105145 0.121599 0.113039 0.118326 0.08913695 0.1241199 0.105145 0.121599 0.09703397 0.117699 0.09816598 0.132412 0.105145 0.121599 0.08913695 0.1241199 0.09703397 0.117699 0.113039 0.118326 0.122369 0.116784 0.120743 0.111581 0.122369 0.116784 0.140963 0.118904 0.120743 0.111581 0.09703397 0.117699 0.122369 0.116784 0.163906 0.1254889 0.140963 0.118904 0.152849 0.127503 0.163906 0.1254889 0.120743 0.111581 0.140963 0.118904 0.166063 0.134222 0.163906 0.1254889 0.152849 0.127503 0.163906 0.1254889 0.146345 0.114167 0.120743 0.111581 0.130747 0.1486999 0.133615 0.157921 0.161773 0.143989 0.142145 0.145676 0.130747 0.1486999 0.161773 0.143989 0.08596301 0.132551 0.098894 0.1512809 0.133615 0.157921 0.107787 0.144614 0.08596301 0.132551 0.133615 0.157921 0.130747 0.1486999 0.107787 0.144614 0.133615 0.157921 0.09816598 0.132412 0.08913695 0.1241199 0.08596301 0.132551 0.107787 0.144614 0.09816598 0.132412 0.08596301 0.132551 0.06781196 0.09440696 0.06275796 0.08980399 0.05511295 0.09507095 0.06035596 0.09811395 0.06781196 0.09440696 0.05511295 0.09507095 0.047782 0.09641295 0.06035596 0.09811395 0.05511295 0.09507095 0.03100097 0.080379 0.03472298 0.08271795 0.04116499 0.08186596 0.02357697 0.08263099 0.03472298 0.08271795 0.03100097 0.080379 0.02627599 0.08677899 0.03472298 0.08271795 0.02357697 0.08263099 0.03100097 0.080379 0.04116499 0.08186596 0.047948 0.08191299 0.04920899 0.07931298 0.047948 0.08191299 0.05922394 0.08457195 0.04920899 0.07931298 0.03100097 0.080379 0.047948 0.08191299 0.070948 0.09011095 0.05922394 0.08457195 0.06275796 0.08980399 0.070948 0.09011095 0.04920899 0.07931298 0.05922394 0.08457195 0.06781196 0.09440696 0.070948 0.09011095 0.06275796 0.08980399 0.070948 0.09011095 0.06517797 0.08278995 0.04920899 0.07931298 0.039783 0.09633499 0.03785598 0.100155 0.06035596 0.09811395 0.047782 0.09641295 0.039783 0.09633499 0.06035596 0.09811395 0.01872199 0.08590495 0.02028995 0.09417098 0.03785598 0.100155 0.02775394 0.09245997 0.01872199 0.08590495 0.03785598 0.100155 0.039783 0.09633499 0.02775394 0.09245997 0.03785598 0.100155 0.02627599 0.08677899 0.02357697 0.08263099 0.01872199 0.08590495 0.02775394 0.09245997 0.02627599 0.08677899 0.01872199 0.08590495</float_array>
          <technique_common>
            <accessor source="#imetro_finger_v2_m_vis-mesh-map-0-array" count="5346" stride="2">
              <param name="S" type="float"/>
              <param name="T" type="float"/>
            </accessor>
          </technique_common>
        </source>
        <vertices id="imetro_finger_v2_m_vis-mesh-vertices">
          <input semantic="POSITION" source="#imetro_finger_v2_m_vis-mesh-positions"/>
        </vertices>
        <triangles material="MTL0-material" count="1782">
          <input semantic="VERTEX" source="#imetro_finger_v2_m_vis-mesh-vertices" offset="0"/>
          <input semantic="NORMAL" source="#imetro_finger_v2_m_vis-mesh-normals" offset="1"/>
          <input semantic="TEXCOORD" source="#imetro_finger_v2_m_vis-mesh-map-0" offset="2" set="2"/>
          <p>9 0 0 3 0 1 0 0 2 119 1 3 1 2 4 4 3 5 88 0 6 9 0 7 0 0 8 93 0 9 0 0 10 41 0 11 122 4 12 42 5 13 2 6 14 91 0 15 88 0 16 0 0 17 93 0 18 91 0 19 0 0 20 121 7 21 1 8 22 119 9 23 9 0 24 5 0 25 3 0 26 119 10 27 4 11 28 6 12 29 656 13 30 8 14 31 12 15 32 152 16 33 120 17 34 7 18 35 157 19 36 152 20 37 7 21 38 658 22 39 158 23 40 8 24 41 658 25 42 8 26 43 656 27 44 106 0 45 13 0 46 9 0 47 628 28 48 10 29 49 14 30 50 108 0 51 9 0 52 88 0 53 108 0 54 106 0 55 9 0 56 633 31 57 10 32 58 628 33 59 655 34 60 11 35 61 634 36 62 104 0 63 15 0 64 13 0 65 628 37 66 14 38 67 16 39 68 106 0 69 104 0 70 13 0 71 104 0 72 17 0 73 15 0 74 627 40 75 16 41 76 19 42 77 628 43 78 16 44 79 627 45 80 99 0 81 20 0 82 17 0 83 560 46 84 18 47 85 22 48 86 102 0 87 99 0 88 17 0 89 104 0 90 102 0 91 17 0 92 626 49 93 18 50 94 560 51 95 62 0 96 23 0 97 20 0 98 559 52 99 21 53 100 24 54 101 64 0 102 20 0 103 44 0 104 99 0 105 44 0 106 20 0 107 64 0 108 62 0 109 20 0 110 58 0 111 25 0 112 23 0 113 557 55 114 24 56 115 27 57 116 60 0 117 58 0 118 23 0 119 62 0 120 60 0 121 23 0 122 558 58 123 24 59 124 557 60 125 559 61 126 24 62 127 558 63 128 82 0 129 28 0 130 25 0 131 544 64 132 26 65 133 30 66 134 58 0 135 55 0 136 25 0 137 66 0 138 25 0 139 55 0 140 86 0 141 25 0 142 66 0 143 84 0 144 82 0 145 25 0 146 86 0 147 84 0 148 25 0 149 549 67 150 26 68 151 544 69 152 557 70 153 27 71 154 550 72 155 80 0 156 31 0 157 28 0 158 543 73 159 29 74 160 32 75 161 82 0 162 80 0 163 28 0 164 36 0 165 33 0 166 31 0 167 541 76 168 32 77 169 35 78 170 39 0 171 36 0 172 31 0 173 77 0 174 39 0 175 31 0 176 80 0 177 77 0 178 31 0 179 542 79 180 32 80 181 541 81 182 543 82 183 32 83 184 542 84 185 528 85 186 34 86 187 38 87 188 533 88 189 34 89 190 528 90 191 541 91 192 35 92 193 534 93 194 527 94 195 37 95 196 40 96 197 73 0 198 41 0 199 39 0 200 525 97 201 40 98 202 43 99 203 75 0 204 73 0 205 39 0 206 77 0 207 75 0 208 39 0 209 526 100 210 40 101 211 525 102 212 527 103 213 40 104 214 526 105 215 51 0 216 49 0 217 41 0 218 93 0 219 41 0 220 49 0 221 53 0 222 51 0 223 41 0 224 55 0 225 53 0 226 41 0 227 69 0 228 55 0 229 41 0 230 71 0 231 69 0 232 41 0 233 73 0 234 71 0 235 41 0 236 517 106 237 42 107 238 122 108 239 525 109 240 43 110 241 518 111 242 99 0 243 47 0 244 44 0 245 2046 112 246 45 113 247 48 114 248 2049 115 249 65 116 250 46 117 251 2049 118 252 46 119 253 2047 120 254 99 0 255 49 0 256 47 0 257 2042 121 258 48 122 259 50 123 260 2044 124 261 48 125 262 2042 126 263 2046 127 264 48 128 265 2044 129 266 2040 130 267 50 131 268 52 132 269 95 0 270 93 0 271 49 0 272 97 0 273 95 0 274 49 0 275 99 0 276 97 0 277 49 0 278 2042 133 279 50 134 280 2040 135 281 2038 136 282 52 137 283 54 138 284 2040 139 285 52 140 286 2038 141 287 2038 142 288 54 143 289 56 144 290 2036 145 291 57 146 292 59 147 293 69 0 294 66 0 295 55 0 296 2038 148 297 56 149 298 2035 150 299 2053 151 300 59 152 301 61 153 302 2055 154 303 2036 155 304 59 156 305 2055 157 306 59 158 307 2053 159 308 2051 160 309 61 161 310 63 162 311 2053 163 312 61 164 313 2051 165 314 2049 166 315 63 167 316 65 168 317 2051 169 318 63 170 319 2049 171 320 2090 172 321 67 173 322 70 174 323 2093 175 324 87 176 325 68 177 326 2093 178 327 68 179 328 2091 180 329 2086 181 330 70 182 331 72 183 332 2088 184 333 70 185 334 2086 186 335 2090 187 336 70 188 337 2088 189 338 2084 190 339 72 191 340 74 192 341 2086 193 342 72 194 343 2084 195 344 2082 196 345 74 197 346 76 198 347 2084 199 348 74 200 349 2082 201 350 2082 202 351 76 203 352 78 204 353 2080 205 354 79 206 355 81 207 356 2082 208 357 78 209 358 2079 210 359 2097 211 360 81 212 361 83 213 362 2099 214 363 2080 215 364 81 216 365 2099 217 366 81 218 367 2097 219 368 2095 220 369 83 221 370 85 222 371 2097 223 372 83 224 373 2095 225 374 2093 226 375 85 227 376 87 228 377 2095 229 378 85 230 379 2093 231 380 1783 232 381 89 233 382 92 234 383 1585 235 384 109 236 385 90 237 386 1585 238 387 90 239 388 1784 240 389 2130 241 390 92 242 391 94 243 392 1924 244 393 92 245 394 2130 246 395 1783 247 396 92 248 397 1924 249 398 2128 250 399 94 251 400 96 252 401 2130 253 402 94 254 403 2128 255 404 2126 256 405 96 257 406 98 258 407 2128 259 408 96 260 409 2126 261 410 2126 262 411 98 263 412 100 264 413 2124 265 414 101 266 415 103 267 416 2126 268 417 100 269 418 2123 270 419 1369 271 420 103 272 421 105 273 422 1306 274 423 2124 275 424 103 276 425 1306 277 426 103 278 427 1369 279 428 1433 280 429 105 281 430 107 282 431 1369 283 432 105 284 433 1433 285 434 1585 286 435 107 287 436 109 288 437 1433 289 438 107 290 439 1585 291 440 121 292 441 114 293 442 110 294 443 129 295 444 111 296 445 115 297 446 517 298 447 122 299 448 113 300 449 509 301 450 112 301 451 132 301 452 513 301 453 112 301 454 509 301 455 517 302 456 113 303 457 514 304 458 121 305 459 116 306 460 114 307 461 133 308 462 115 309 463 117 310 464 133 311 465 129 312 466 115 313 467 121 314 468 119 315 469 116 316 470 128 317 471 118 318 472 120 319 473 135 320 474 117 321 475 127 322 476 135 323 477 133 324 478 117 325 479 128 326 480 120 327 481 124 328 482 152 329 483 124 330 484 120 331 485 142 332 486 127 333 487 123 334 488 146 335 489 142 336 490 123 337 491 148 338 492 146 339 493 123 340 494 181 341 495 149 341 496 126 341 497 172 342 498 125 343 499 153 344 500 173 345 501 160 346 502 126 347 503 185 348 504 126 349 505 160 350 506 183 351 507 181 352 508 126 353 509 185 354 510 183 354 511 126 354 512 138 355 513 135 356 514 127 357 515 140 358 516 138 359 517 127 360 518 142 361 519 140 362 520 127 363 521 279 364 522 130 365 523 134 366 524 280 367 525 130 368 526 279 369 527 508 370 528 131 371 529 281 372 530 279 373 531 134 374 532 137 375 533 277 376 534 136 377 535 139 378 536 278 379 537 136 380 538 277 381 539 245 382 540 139 383 541 141 384 542 277 385 543 139 386 544 245 387 545 245 388 546 141 389 547 145 390 548 230 391 549 143 392 550 147 393 551 231 394 552 217 395 553 144 396 554 242 397 555 144 398 556 217 399 557 240 400 558 238 401 559 144 402 560 244 403 561 144 404 562 238 405 563 242 406 564 240 407 565 144 408 566 214 409 567 147 410 568 151 411 569 216 412 570 147 413 571 214 414 572 230 415 573 147 416 574 216 417 575 178 418 576 174 418 577 149 418 578 212 419 579 150 420 580 177 421 581 181 422 582 178 422 583 149 422 584 213 423 585 150 424 586 212 425 587 157 426 588 154 427 589 152 428 590 170 429 591 153 430 592 155 431 593 162 432 594 159 433 595 153 434 596 172 435 597 153 436 598 159 437 599 2009 438 600 1990 438 601 1368 438 602 166 439 603 162 440 604 153 441 605 170 442 606 166 443 607 153 444 608 668 445 609 156 446 610 158 447 611 666 448 612 171 449 613 156 450 614 668 451 615 666 452 616 156 453 617 668 454 618 158 455 619 658 456 620 696 457 621 161 458 622 163 459 623 696 460 624 186 461 625 161 462 626 1990 0 627 1305 0 628 1368 0 629 696 463 630 163 464 631 689 465 632 689 466 633 163 467 634 169 468 635 662 469 636 167 470 637 171 471 638 686 472 639 168 473 640 663 474 641 688 475 642 168 476 643 686 477 644 666 478 645 662 479 646 171 480 647 198 481 648 175 482 649 179 483 650 198 484 651 187 485 652 175 486 653 204 487 654 176 488 655 188 489 656 211 490 657 176 491 658 204 492 659 199 493 660 180 494 661 182 495 662 695 496 663 182 497 664 184 498 665 199 499 666 182 500 667 197 501 668 694 502 669 197 503 670 182 504 671 695 505 672 694 506 673 182 507 674 696 508 675 184 509 676 186 510 677 696 511 678 695 512 679 184 513 680 192 514 681 189 515 682 187 516 683 204 517 684 188 518 685 190 519 686 196 520 687 192 521 688 187 522 689 198 523 690 196 524 691 187 525 692 703 526 693 191 526 694 195 526 695 206 527 696 204 528 697 190 529 698 209 530 699 206 531 700 190 532 701 703 533 702 210 533 703 191 533 704 694 534 705 194 535 706 197 536 707 692 537 708 670 538 709 193 539 710 703 540 711 195 540 712 671 540 713 694 541 714 693 542 715 194 543 716 211 544 717 204 545 718 200 546 719 707 547 720 202 548 721 205 549 722 224 550 723 212 551 724 201 552 725 226 553 726 224 554 727 201 555 728 721 556 729 227 556 730 203 556 731 721 557 732 203 557 733 708 557 734 712 558 735 205 559 736 208 560 737 710 561 738 707 562 739 205 563 740 712 564 741 710 565 742 205 566 743 703 567 744 207 567 745 210 567 746 703 568 747 697 568 748 207 568 749 715 569 750 208 570 751 698 571 752 715 572 753 712 573 754 208 574 755 215 575 756 213 576 757 212 577 758 219 578 759 215 579 760 212 580 761 221 581 762 219 582 763 212 583 764 224 584 765 221 585 766 212 586 767 252 587 768 218 588 769 220 589 770 252 590 771 243 591 772 218 592 773 252 593 774 220 594 775 222 595 776 746 596 777 223 597 778 225 598 779 746 599 780 253 600 781 223 601 782 746 602 783 225 603 784 229 604 785 721 605 786 717 605 787 227 605 788 743 606 789 228 607 790 718 608 791 745 609 792 228 610 793 743 611 794 244 612 795 236 613 796 232 614 797 254 615 798 233 616 799 237 617 800 277 618 801 245 619 802 235 620 803 271 621 804 234 622 805 255 623 806 269 624 807 256 625 808 234 626 809 277 627 810 235 628 811 257 629 812 271 630 813 269 631 814 234 632 815 244 633 816 238 634 817 236 635 818 252 636 819 237 637 820 239 638 821 250 639 822 246 640 823 237 641 824 254 642 825 237 643 826 246 644 827 252 645 828 250 646 829 237 647 830 252 648 831 239 649 832 241 650 833 252 651 834 241 652 835 243 653 836 782 654 837 249 655 838 251 656 839 271 657 840 255 658 841 247 659 842 273 660 843 271 661 844 247 662 845 781 663 846 274 663 847 248 663 848 748 664 849 251 665 850 253 666 851 751 667 852 251 668 853 748 669 854 782 670 855 251 671 856 751 672 857 748 673 858 253 674 859 746 675 860 267 676 861 258 677 862 256 678 863 277 679 864 257 680 865 259 681 866 269 682 867 267 683 868 256 684 869 264 685 870 260 686 871 258 687 872 278 688 873 259 689 874 261 690 875 267 691 876 264 692 877 258 693 878 278 694 879 277 695 880 259 696 881 299 697 882 263 697 883 265 697 884 280 698 885 279 699 886 262 700 887 285 701 888 280 702 889 262 703 890 296 704 891 286 704 892 263 704 893 299 705 894 296 705 895 263 705 896 2019 706 897 266 707 898 268 708 899 2019 709 900 300 710 901 266 711 902 2019 712 903 268 713 904 270 714 905 784 715 906 270 716 907 272 717 908 2019 718 909 270 719 910 784 720 911 784 721 912 272 722 913 276 723 914 781 663 915 752 663 916 274 663 917 795 724 918 275 725 919 753 726 920 795 727 921 783 728 922 275 729 923 285 730 924 282 731 925 280 732 926 504 733 927 281 734 928 284 735 929 508 736 930 281 737 931 504 738 932 385 739 933 283 739 934 286 739 935 357 740 936 301 740 937 283 740 938 504 741 939 284 742 940 303 743 941 337 740 942 335 740 943 283 740 944 359 740 945 283 740 946 335 740 947 339 740 948 337 740 949 283 740 950 341 744 951 339 744 952 283 744 953 377 740 954 341 740 955 283 740 956 359 740 957 357 740 958 283 740 959 379 740 960 377 740 961 283 740 962 381 740 963 379 740 964 283 740 965 383 740 966 381 740 967 283 740 968 385 745 969 383 745 970 283 745 971 388 740 972 286 740 973 296 740 974 388 746 975 385 746 976 286 746 977 328 747 978 290 747 979 287 747 980 421 748 981 289 749 982 293 750 983 408 751 984 329 752 985 288 753 986 399 754 987 396 755 988 288 756 989 411 757 990 288 758 991 396 759 992 421 760 993 400 761 994 289 762 995 411 763 996 408 764 997 288 765 998 341 766 999 294 766 1000 290 766 1001 419 767 1002 292 768 1003 295 769 1004 344 770 1005 290 770 1006 328 770 1007 344 740 1008 341 740 1009 290 740 1010 420 771 1011 291 772 1012 418 773 1013 388 774 1014 296 774 1015 294 774 1016 419 775 1017 295 776 1018 297 777 1019 374 740 1020 294 740 1021 341 740 1022 394 740 1023 294 740 1024 374 740 1025 390 740 1026 388 740 1027 294 740 1028 392 778 1029 390 778 1030 294 778 1031 394 779 1032 392 779 1033 294 779 1034 2017 780 1035 298 781 1036 300 782 1037 2016 783 1038 419 784 1039 297 785 1040 2018 786 1041 2017 787 1042 300 788 1043 2019 789 1044 2018 790 1045 300 791 1046 352 792 1047 304 792 1048 301 792 1049 503 793 1050 302 794 1051 305 795 1052 355 740 1053 352 740 1054 301 740 1055 357 740 1056 355 740 1057 301 740 1058 309 796 1059 306 796 1060 304 796 1061 506 797 1062 305 798 1063 308 799 1064 312 740 1065 309 740 1066 304 740 1067 352 740 1068 312 740 1069 304 740 1070 505 800 1071 503 801 1072 305 802 1073 506 803 1074 505 804 1075 305 805 1076 488 806 1077 307 807 1078 311 808 1079 497 809 1080 307 810 1081 488 811 1082 506 812 1083 308 813 1084 498 814 1085 487 815 1086 310 816 1087 313 817 1088 370 740 1089 314 740 1090 312 740 1091 490 818 1092 313 819 1093 316 820 1094 372 740 1095 312 740 1096 352 740 1097 372 740 1098 370 740 1099 312 740 1100 489 821 1101 487 822 1102 313 823 1103 490 824 1104 489 825 1105 313 826 1106 366 740 1107 317 740 1108 314 740 1109 454 827 1110 315 828 1111 319 829 1112 368 740 1113 366 740 1114 314 740 1115 370 740 1116 368 740 1117 314 740 1118 481 830 1119 315 831 1120 454 832 1121 490 833 1122 316 834 1123 482 835 1124 330 836 1125 320 836 1126 317 836 1127 452 837 1128 318 838 1129 321 838 1130 333 740 1131 330 740 1132 317 740 1133 363 740 1134 333 740 1135 317 740 1136 366 740 1137 363 740 1138 317 740 1139 452 839 1140 447 840 1141 318 841 1142 479 842 1143 318 843 1144 447 844 1145 467 845 1146 453 846 1147 318 847 1148 469 848 1149 467 849 1150 318 850 1151 472 851 1152 469 852 1153 318 853 1154 474 854 1155 472 855 1156 318 856 1157 476 857 1158 474 858 1159 318 859 1160 479 860 1161 476 861 1162 318 862 1163 346 863 1164 322 863 1165 320 863 1166 452 864 1167 321 740 1168 325 740 1169 350 740 1170 320 740 1171 330 740 1172 348 740 1173 346 740 1174 320 740 1175 350 740 1176 348 740 1177 320 740 1178 346 865 1179 326 865 1180 322 865 1181 401 866 1182 323 867 1183 327 868 1184 451 869 1185 324 870 1186 402 871 1187 344 872 1188 328 872 1189 326 872 1190 406 873 1191 327 874 1192 329 875 1193 346 740 1194 344 740 1195 326 740 1196 403 876 1197 401 877 1198 327 878 1199 406 879 1200 403 880 1201 327 881 1202 408 882 1203 406 883 1204 329 884 1205 2023 885 1206 331 886 1207 334 887 1208 2057 888 1209 351 889 1210 332 890 1211 2057 891 1212 332 892 1213 2025 893 1214 363 740 1215 335 740 1216 333 740 1217 2028 894 1218 334 895 1219 336 896 1220 2026 897 1221 2023 898 1222 334 899 1223 2028 900 1224 2026 901 1225 334 902 1226 2030 903 1227 336 904 1228 338 905 1229 361 906 1230 359 906 1231 335 906 1232 363 740 1233 361 740 1234 335 740 1235 2030 907 1236 2028 908 1237 336 909 1238 2032 910 1239 338 911 1240 340 912 1241 2032 913 1242 2030 914 1243 338 915 1244 2032 916 1245 340 917 1246 342 918 1247 2022 919 1248 343 920 1249 345 921 1250 377 740 1251 374 740 1252 341 740 1253 2032 922 1254 342 923 1255 2020 924 1256 2061 925 1257 345 926 1258 347 927 1259 2063 928 1260 2022 929 1261 345 930 1262 2063 931 1263 345 932 1264 2061 933 1265 2059 934 1266 347 935 1267 349 936 1268 2061 937 1269 347 938 1270 2059 939 1271 2057 940 1272 349 941 1273 351 942 1274 2059 943 1275 349 944 1276 2057 945 1277 2067 946 1278 353 947 1279 356 948 1280 2101 949 1281 373 950 1282 354 951 1283 2101 952 1284 354 953 1285 2069 954 1286 2072 955 1287 356 956 1288 358 957 1289 2070 958 1290 2067 959 1291 356 960 1292 2072 961 1293 2070 962 1294 356 963 1295 2074 964 1296 358 965 1297 360 966 1298 2074 967 1299 2072 968 1300 358 969 1301 2076 970 1302 360 971 1303 362 972 1304 2076 973 1305 2074 974 1306 360 975 1307 2076 976 1308 362 977 1309 364 978 1310 2066 979 1311 365 980 1312 367 981 1313 2076 982 1314 364 983 1315 2064 984 1316 2105 985 1317 367 986 1318 369 987 1319 2107 988 1320 2066 989 1321 367 990 1322 2107 991 1323 367 992 1324 2105 993 1325 2103 994 1326 369 995 1327 371 996 1328 2105 997 1329 369 998 1330 2103 999 1331 2101 1000 1332 371 1001 1333 373 1002 1334 2103 1003 1335 371 1004 1336 2101 1005 1337 2111 1006 1338 375 1007 1339 378 1008 1340 1991 1009 1341 395 1010 1342 376 1011 1343 1991 1012 1344 376 1013 1345 2113 1014 1346 2116 1015 1347 378 1016 1348 380 1017 1349 2114 1018 1350 2111 1019 1351 378 1020 1352 2116 1021 1353 2114 1022 1354 378 1023 1355 2118 1024 1356 380 1025 1357 382 1026 1358 2118 1027 1359 2116 1028 1360 380 1029 1361 2120 1030 1362 382 1031 1363 384 1032 1364 2120 1033 1365 2118 1034 1366 382 1035 1367 2120 1036 1368 384 1037 1369 386 1038 1370 2110 919 1371 387 920 1372 389 921 1373 2120 922 1374 386 923 1375 2108 924 1376 1523 1039 1377 389 1040 1378 391 1041 1379 165 1042 1380 2110 1043 1381 389 1044 1382 165 1045 1383 389 1046 1384 1523 1047 1385 2010 1048 1386 391 1049 1387 393 1050 1388 1523 1051 1389 391 1052 1390 2010 1053 1391 1991 1054 1392 393 1055 1393 395 1056 1394 2010 1057 1395 393 1058 1396 1991 1059 1397 421 1060 1398 398 1061 1399 400 1062 1400 415 1063 1401 412 1064 1402 397 1065 1403 418 1066 1404 415 1067 1405 397 1068 1406 420 1069 1407 418 1070 1408 397 1071 1409 449 1072 1410 402 1073 1411 405 1074 1412 449 1075 1413 446 1076 1414 402 1077 1415 451 1078 1416 402 1079 1417 446 1080 1418 428 1081 1419 404 1082 1420 407 1083 1421 428 1084 1422 422 1085 1423 404 1086 1424 449 1087 1425 405 1088 1426 423 1089 1427 430 1090 1428 407 1091 1429 410 1092 1430 430 1093 1431 428 1094 1432 407 1095 1433 413 1096 1434 409 1097 1435 412 1098 1436 430 1099 1437 410 1100 1438 414 1101 1439 415 1102 1440 413 1103 1441 412 1104 1442 433 1105 1443 414 1106 1444 416 1107 1445 433 1108 1446 430 1109 1447 414 1110 1448 2016 1111 1449 417 1112 1450 419 1113 1451 2016 1114 1452 434 1115 1453 417 1116 1454 428 1117 1455 424 1118 1456 422 1119 1457 449 1120 1458 423 1121 1459 425 1122 1460 604 1123 1461 426 1124 1462 429 1125 1463 605 1126 1464 450 1127 1465 427 1128 1466 440 1129 1467 428 1130 1468 430 1131 1469 440 1132 1470 435 1133 1471 428 1134 1472 600 1135 1473 429 1136 1474 436 1137 1475 604 1138 1476 429 1139 1477 600 1140 1478 433 1141 1479 431 1142 1480 430 1143 1481 440 1144 1482 430 1145 1483 431 1146 1484 789 1147 1485 432 1148 1486 434 1149 1487 442 1150 1488 440 1151 1489 431 1152 1490 2015 1153 1491 445 1154 1492 432 1155 1493 2015 1156 1494 432 1157 1495 789 1158 1496 2016 1159 1497 789 1160 1498 434 1161 1499 440 1162 1500 437 1163 1501 435 1164 1502 598 1165 1503 436 1166 1504 438 1167 1505 600 1168 1506 436 1168 1507 598 1168 1508 612 1169 1509 439 1170 1510 441 1171 1511 606 1172 1512 598 1172 1513 438 1172 1514 609 1173 1515 606 1173 1516 438 1173 1517 806 1174 1518 441 1175 1519 443 1176 1520 810 1177 1521 612 1178 1522 441 1179 1523 808 1180 1524 441 1181 1525 806 1182 1526 810 1183 1527 441 1184 1528 808 1185 1529 794 301 1530 444 301 1531 788 301 1532 2014 1186 1533 788 1186 1534 444 1186 1535 804 1187 1536 443 1188 1537 793 1189 1538 806 1190 1539 443 1191 1540 804 1192 1541 480 1193 1542 448 1194 1543 450 1195 1544 480 1196 1545 450 1197 1546 478 1198 1547 603 1199 1548 478 1200 1549 450 1201 1550 603 1202 1551 450 1203 1552 601 1204 1553 605 1205 1554 601 1206 1555 450 1207 1556 459 1208 1557 455 1209 1558 453 1210 1559 481 1211 1560 454 1212 1561 456 1213 1562 461 1214 1563 459 1215 1564 453 1216 1565 465 1217 1566 461 1218 1567 453 1219 1568 467 1220 1569 465 1221 1570 453 1222 1571 548 1223 1572 458 1224 1573 460 1225 1574 483 1226 1575 481 1227 1576 456 1228 1577 545 1229 1578 486 1229 1579 457 1229 1580 548 1230 1581 460 1231 1582 462 1232 1583 589 1233 1584 463 1234 1585 466 1235 1586 573 1236 1587 548 1237 1588 462 1238 1589 590 1239 1590 574 1240 1591 464 1241 1592 588 1242 1593 466 1243 1594 468 1244 1595 588 1245 1596 562 1246 1597 466 1247 1598 589 1248 1599 466 1249 1600 562 1250 1601 586 1251 1602 468 1252 1603 470 1253 1604 588 1254 1605 468 1255 1606 586 1256 1607 592 1257 1608 471 1258 1609 473 1259 1610 591 1260 1611 586 1261 1612 470 1262 1613 597 1263 1614 473 1264 1615 475 1265 1616 592 1266 1617 473 1267 1618 583 1268 1619 595 1269 1620 583 1270 1621 473 1271 1622 597 1272 1623 595 1273 1624 473 1274 1625 597 1275 1626 475 1276 1627 477 1277 1628 599 1278 1629 597 1279 1630 477 1280 1631 602 1281 1632 599 1282 1633 477 1283 1634 495 1284 1635 482 1285 1636 484 1286 1637 495 1287 1638 490 1288 1639 482 1289 1640 540 1290 1641 496 1291 1642 485 1292 1643 540 1293 1644 485 1294 1645 536 1295 1646 545 1229 1647 537 1229 1648 486 1229 1649 491 1296 1650 487 1297 1651 489 1298 1652 497 1299 1653 488 1300 1654 492 1301 1655 495 1302 1656 489 1303 1657 490 1304 1658 495 1305 1659 491 1306 1660 489 1307 1661 532 1308 1662 494 1309 1663 496 1310 1664 499 1311 1665 497 1312 1666 492 1313 1667 529 663 1668 502 663 1669 493 663 1670 540 1314 1671 532 1315 1672 496 1316 1673 511 1317 1674 498 1318 1675 500 1319 1676 511 1320 1677 506 1321 1678 498 1322 1679 524 1323 1680 512 1324 1681 501 1325 1682 524 1326 1683 501 1327 1684 520 1328 1685 529 663 1686 521 663 1687 502 663 1688 507 1329 1689 503 1330 1690 505 1331 1691 511 1332 1692 505 1333 1693 506 1334 1694 511 1335 1695 507 1336 1696 505 1337 1697 516 1338 1698 510 1339 1699 512 1340 1700 524 1341 1701 516 1342 1702 512 1343 1703 523 1344 1704 518 1345 1705 515 1346 1706 525 1347 1707 518 1348 1708 523 1349 1709 526 1350 1710 523 1351 1711 519 1352 1712 527 1353 1713 526 1354 1714 519 1355 1715 533 1356 1716 528 1357 1717 522 1358 1718 533 1359 1719 522 1360 1720 530 1361 1721 526 1362 1722 525 1363 1723 523 1364 1724 539 1365 1725 534 1366 1726 531 1367 1727 541 1368 1728 534 1369 1729 539 1370 1730 542 1371 1731 539 1372 1732 535 1373 1733 543 1374 1734 542 1375 1735 535 1376 1736 549 1377 1737 544 1378 1738 538 1379 1739 549 1380 1740 538 1381 1741 546 1382 1742 542 1383 1743 541 1384 1744 539 1385 1745 555 1386 1746 550 1387 1747 547 1388 1748 561 1389 1749 556 1390 1750 548 1391 1751 564 1392 1752 561 1393 1753 548 1394 1754 566 1395 1755 564 1396 1756 548 1397 1757 569 1398 1758 566 1399 1759 548 1400 1760 571 1401 1761 569 1402 1762 548 1403 1763 573 1404 1764 571 1405 1765 548 1406 1766 557 1407 1767 550 1408 1768 555 1409 1769 558 1410 1770 555 1411 1771 551 1412 1772 576 1413 1773 552 1414 1774 556 1415 1775 559 1416 1776 558 1417 1777 551 1418 1778 626 1419 1779 560 1420 1780 554 1421 1781 613 1422 1782 553 1422 1783 578 1422 1784 626 1423 1785 554 1424 1786 614 1425 1787 558 1426 1788 557 1427 1789 555 1428 1790 587 1429 1791 556 1430 1792 561 1431 1793 579 1432 1794 576 1433 1795 556 1434 1796 581 1435 1797 579 1436 1798 556 1437 1799 585 1438 1800 581 1439 1801 556 1440 1802 587 1441 1803 585 1442 1804 556 1443 1805 590 1444 1806 563 1445 1807 565 1446 1808 590 1447 1809 565 1448 1810 567 1449 1811 594 1450 1812 568 1451 1813 570 1452 1814 593 1453 1815 590 1454 1816 567 1455 1817 594 1456 1818 570 1457 1819 572 1458 1820 594 1459 1821 572 1460 1822 575 1461 1823 593 1462 1824 574 1463 1825 590 1464 1826 596 1465 1827 577 1466 1828 580 1467 1829 598 1468 1830 577 1469 1831 596 1470 1832 606 1471 1833 577 1472 1834 598 1473 1835 617 1474 1836 578 1475 1837 607 1476 1838 617 1477 1839 613 1477 1840 578 1477 1841 596 1478 1842 580 1479 1843 584 1480 1844 591 1481 1845 582 1482 1846 586 1483 1847 798 1484 1848 608 1485 1849 611 1486 1850 624 1487 1851 617 1488 1852 607 1489 1853 798 1490 1854 625 1491 1855 608 1492 1856 809 1493 1857 797 1494 1858 610 1495 1859 653 1496 1860 616 1497 1861 618 1498 1862 629 1499 1863 627 1500 1864 615 1501 1865 653 1502 1866 630 1503 1867 616 1504 1868 624 1505 1869 621 1506 1870 617 1507 1871 812 1508 1872 619 1509 1873 623 1510 1874 823 1511 1875 654 1512 1876 620 1513 1877 812 1514 1878 766 1515 1879 619 1516 1880 822 1517 1881 619 1518 1882 766 1519 1883 798 1520 1884 622 1521 1885 625 1522 1886 811 1523 1887 622 1524 1888 798 1525 1889 629 1526 1890 628 1527 1891 627 1528 1892 631 1529 1893 628 1530 1894 629 1531 1895 635 1532 1896 628 1533 1897 631 1534 1898 635 1535 1899 633 1536 1900 628 1537 1901 650 1538 1902 632 1539 1903 630 1540 1904 653 1541 1905 650 1542 1906 630 1543 1907 648 1544 1908 636 1545 1909 632 1546 1910 650 1547 1911 648 1548 1912 632 1549 1913 641 1550 1914 634 1551 1915 637 1552 1916 660 1553 1917 634 1554 1918 641 1555 1919 657 1556 1920 655 1557 1921 634 1558 1922 660 1559 1923 657 1560 1924 634 1561 1925 641 1562 1926 637 1563 1927 639 1564 1928 644 1565 1929 638 1566 1930 636 1567 1931 648 1568 1932 644 1569 1933 636 1570 1934 644 1571 1935 640 1572 1936 638 1573 1937 862 1574 1938 642 1574 1939 647 1574 1940 863 1575 1941 661 1576 1942 643 1577 1943 855 1578 1944 646 1579 1945 649 1580 1946 856 1581 1947 645 1582 1948 854 1583 1949 864 1584 1950 647 1584 1951 857 1584 1952 864 1585 1953 862 1585 1954 647 1585 1955 855 1586 1956 649 1587 1957 652 1588 1958 823 1589 1959 651 1590 1960 654 1591 1961 824 1592 1962 651 1593 1963 823 1594 1964 855 1595 1965 652 1596 1966 825 1597 1967 863 1598 1968 659 1599 1969 661 1600 1970 863 1601 1971 669 1602 1972 659 1603 1973 873 1604 1974 664 1605 1975 667 1606 1976 875 1607 1977 687 1608 1978 665 1609 1979 875 1610 1980 665 1611 1981 874 1612 1982 865 1613 1983 667 1614 1984 669 1615 1985 867 1616 1986 667 1617 1987 865 1618 1988 873 1619 1989 667 1620 1990 867 1621 1991 865 1622 1992 669 1623 1993 863 1624 1994 692 1625 1995 674 1626 1996 670 1627 1997 879 1628 1998 672 1629 1999 675 1630 2000 881 1631 2001 704 1632 2002 673 1633 2003 880 1634 2004 672 1635 2005 879 1636 2006 692 1637 2007 676 1638 2008 674 1639 2009 879 1640 2010 675 1641 2011 678 1642 2012 683 1643 2013 677 1644 2014 680 1645 2015 692 1646 2016 679 1647 2017 676 1648 2018 877 1649 2019 677 1650 2020 683 1651 2021 878 1652 2022 677 1653 2023 877 1654 2024 690 1655 2025 681 1656 2026 679 1657 2027 692 1658 2028 690 1659 2029 679 1660 2030 690 1661 2031 684 1662 2032 681 1663 2033 876 1664 2034 682 1665 2035 685 1666 2036 688 1667 2037 686 1668 2038 684 1669 2039 875 1670 2040 685 1671 2041 687 1672 2042 690 1673 2043 688 1674 2044 684 1675 2045 876 1676 2046 685 1677 2047 875 1678 2048 696 1679 2049 689 1680 2050 691 1681 2051 695 1682 2052 691 1683 2053 693 1684 2054 696 1685 2055 691 1686 2056 695 1687 2057 695 1688 2058 693 1689 2059 694 1690 2060 703 1691 2061 700 1691 2062 697 1691 2063 716 301 2064 699 301 2065 702 301 2066 885 1692 2067 701 1693 2068 706 1694 2069 716 1695 2070 702 1695 2071 713 1695 2072 892 1696 2073 713 1696 2074 702 1696 2075 891 1697 2076 701 1698 2077 885 1699 2078 882 1700 2079 704 1701 2080 881 1702 2081 884 1703 2082 705 1704 2083 883 1705 2084 735 1706 2085 709 1707 2086 711 1708 2087 725 1709 2088 721 1709 2089 708 1709 2090 738 1710 2091 725 1711 2092 708 1712 2093 739 1713 2094 709 1714 2095 735 1715 2096 903 1716 2097 711 1717 2098 714 1718 2099 939 1719 2100 735 1720 2101 711 1721 2102 905 1722 2103 711 1723 2104 903 1724 2105 939 1725 2106 711 1726 2107 905 1727 2108 902 1728 2109 713 1728 2110 892 1728 2111 961 1729 2112 719 1730 2113 724 1731 2114 1209 1732 2115 744 1733 2116 720 1734 2117 972 1735 2118 719 1736 2119 961 1737 2120 1209 1738 2121 720 1739 2122 973 1740 2123 945 1741 2124 722 1742 2125 726 1743 2126 960 1744 2127 723 1745 2128 946 1746 2129 738 1747 2130 727 1748 2131 725 1749 2132 947 1750 2133 726 1751 2134 728 1752 2135 947 1753 2136 945 1754 2137 726 1755 2138 738 1756 2139 729 1757 2140 727 1758 2141 949 1759 2142 728 1760 2143 730 1761 2144 949 1762 2145 947 1763 2146 728 1764 2147 734 1765 2148 731 1766 2149 729 1767 2150 953 1768 2151 730 1769 2152 733 1770 2153 738 1771 2154 734 1772 2155 729 1773 2156 953 1774 2157 949 1775 2158 730 1776 2159 942 1777 2160 732 1778 2161 737 1779 2162 943 1780 2163 732 1781 2164 942 1782 2165 953 1783 2166 733 1784 2167 944 1785 2168 941 1786 2169 736 1787 2170 940 1788 2171 747 1789 2172 743 1790 2173 740 1791 2174 780 1792 2175 742 1793 2176 744 1794 2177 749 1795 2178 747 1796 2179 740 1797 2180 755 1798 2181 750 1798 2182 741 1798 2183 757 663 2184 755 663 2185 741 663 2186 759 663 2187 757 663 2188 741 663 2189 761 663 2190 759 663 2191 741 663 2192 764 663 2193 761 663 2194 741 663 2195 779 1799 2196 764 1799 2197 741 1799 2198 747 1800 2199 745 1801 2200 743 1802 2201 780 1803 2202 744 1804 2203 778 1805 2204 1209 1806 2205 778 1807 2206 744 1808 2207 755 1809 2208 752 1809 2209 750 1809 2210 781 1810 2211 750 1810 2212 752 1810 2213 796 1811 2214 754 1812 2215 756 1813 2216 802 1814 2217 756 1815 2218 758 1816 2219 802 1817 2220 796 1818 2221 756 1819 2222 801 1820 2223 758 1821 2224 760 1822 2225 802 1823 2226 758 1824 2227 801 1825 2228 801 1826 2229 760 1827 2230 762 1828 2231 811 1829 2232 763 1830 2233 765 1831 2234 801 1832 2235 762 1833 2236 799 1834 2237 811 1835 2238 800 1836 2239 763 1837 2240 779 663 2241 767 663 2242 764 663 2243 820 1838 2244 766 1839 2245 768 1840 2246 822 1841 2247 766 1842 2248 820 1843 2249 775 663 2250 770 663 2251 767 663 2252 821 1844 2253 769 1845 2254 771 1846 2255 779 663 2256 775 663 2257 767 663 2258 775 663 2259 772 663 2260 770 663 2261 818 1847 2262 771 1848 2263 774 1849 2264 821 1850 2265 771 1851 2266 818 1852 2267 1202 1853 2268 773 1854 2269 776 1855 2270 1205 1856 2271 818 1857 2272 774 1858 2273 1204 1859 2274 773 1860 2275 1202 1861 2276 1203 1862 2277 777 1863 2278 1106 1864 2279 1208 1865 2280 1106 1866 2281 777 1867 2282 795 1868 2283 785 1869 2284 783 1870 2285 2019 1871 2286 784 1872 2287 786 1873 2288 791 1874 2289 787 1875 2290 785 1876 2291 2018 1877 2292 786 1878 2293 790 1879 2294 795 1880 2295 791 1881 2296 785 1882 2297 2019 1883 2298 786 1884 2299 2018 1885 2300 2018 1886 2301 790 1887 2302 2017 1888 2303 802 1889 2304 792 1890 2305 796 1891 2306 803 1892 2307 792 1893 2308 802 1894 2309 809 1895 2310 799 1896 2311 797 1897 2312 811 1898 2313 798 1899 2314 800 1900 2315 809 1901 2316 801 1902 2317 799 1903 2318 805 1904 2319 802 1905 2320 801 1906 2321 807 1907 2322 805 1908 2323 801 1909 2324 809 1910 2325 807 1911 2326 801 1912 2327 805 1913 2328 803 1914 2329 802 1915 2330 822 1916 2331 816 1917 2332 813 1918 2333 838 1229 2334 815 1229 2335 817 1229 2336 824 1919 2337 823 1920 2338 814 1921 2339 830 1922 2340 824 1923 2341 814 1924 2342 836 1925 2343 831 1925 2344 815 1925 2345 838 1229 2346 836 1229 2347 815 1229 2348 822 1926 2349 820 1927 2350 816 1928 2351 841 1929 2352 838 1929 2353 817 1929 2354 850 1229 2355 841 1229 2356 817 1229 2357 1211 1930 2358 851 1931 2359 819 1932 2360 1201 1933 2361 1177 1934 2362 818 1935 2363 1210 1936 2364 818 1937 2365 1177 1938 2366 1205 1939 2367 1201 1940 2368 818 1941 2369 830 1942 2370 826 1943 2371 824 1944 2372 855 1945 2373 825 1946 2374 829 1947 2375 832 1948 2376 827 1948 2377 831 1948 2378 860 1949 2379 828 1950 2380 833 1951 2381 860 1952 2382 854 1953 2383 828 1954 2384 836 1229 2385 832 1229 2386 831 1229 2387 880 1955 2388 835 1956 2389 837 1957 2390 878 1958 2391 861 1959 2392 834 1960 2393 880 1961 2394 879 1962 2395 835 1963 2396 880 1964 2397 837 1965 2398 839 1966 2399 882 1967 2400 840 1968 2401 842 1969 2402 882 1970 2403 881 1971 2404 840 1972 2405 850 1973 2406 844 1973 2407 841 1973 2408 889 1974 2409 843 1975 2410 845 1976 2411 889 1977 2412 883 1978 2413 843 1979 2414 850 1229 2415 846 1229 2416 844 1229 2417 889 1980 2418 845 1981 2419 847 1982 2420 1221 1983 2421 848 1984 2422 853 1985 2423 1248 1986 2424 890 1987 2425 849 1988 2426 1227 1989 2427 848 1990 2428 1221 1991 2429 1248 1992 2430 849 1993 2431 1228 1994 2432 1218 1995 2433 851 1996 2434 1211 1997 2435 1225 1998 2436 852 1999 2437 1219 2000 2438 1225 2001 2439 1220 2002 2440 852 2003 2441 860 2004 2442 856 2005 2443 854 2006 2444 878 2007 2445 859 2008 2446 861 2009 2447 866 2010 2448 864 2010 2449 857 2010 2450 871 2011 2451 866 2011 2452 857 2011 2453 875 2012 2454 872 2013 2455 858 2014 2456 876 2015 2457 875 2016 2458 858 2017 2459 878 2018 2460 877 2019 2461 859 2020 2462 871 2021 2463 869 2022 2464 866 2023 2465 875 2024 2466 868 2025 2467 870 2026 2468 875 2027 2469 874 2028 2470 868 2029 2471 875 2030 2472 870 2031 2473 872 2032 2474 886 2033 2475 884 2034 2476 883 2035 2477 889 2036 2478 886 2037 2479 883 2038 2480 891 2039 2481 885 2040 2482 887 2041 2483 901 2042 2484 888 2043 2485 890 2044 2486 900 2045 2487 891 2046 2488 887 2047 2489 901 2048 2490 890 2049 2491 897 2050 2492 1248 2051 2493 897 2052 2494 890 2053 2495 896 2054 2496 893 2055 2497 891 2056 2498 916 301 2499 892 301 2500 894 301 2501 900 2057 2502 896 2058 2503 891 2059 2504 904 301 2505 902 301 2506 892 301 2507 907 301 2508 904 301 2509 892 301 2510 909 301 2511 907 301 2512 892 301 2513 912 2060 2514 909 2060 2515 892 2060 2516 916 301 2517 912 301 2518 892 301 2519 1256 2061 2520 895 2062 2521 899 2063 2522 919 301 2523 916 301 2524 894 301 2525 921 301 2526 919 301 2527 894 301 2528 924 301 2529 921 301 2530 894 301 2531 926 301 2532 924 301 2533 894 301 2534 929 301 2535 926 301 2536 894 301 2537 937 301 2538 929 301 2539 894 301 2540 1303 2064 2541 938 2065 2542 895 2066 2543 1259 2067 2544 895 2068 2545 1256 2069 2546 1301 2070 2547 895 2071 2548 1259 2072 2549 1303 2073 2550 895 2074 2551 1301 2075 2552 1260 2076 2553 898 2077 2554 1249 2078 2555 1257 2079 2556 1255 2080 2557 898 2081 2558 1260 2082 2559 1257 2083 2560 898 2084 2561 940 2085 2562 906 2086 2563 908 2087 2564 941 2088 2565 908 2089 2566 910 2090 2567 941 2091 2568 940 2092 2569 908 2093 2570 943 2094 2571 911 2095 2572 913 2096 2573 943 2097 2574 942 2098 2575 911 2099 2576 1375 2100 2577 915 2101 2578 918 2102 2579 953 2103 2580 944 2104 2581 914 2105 2582 1348 2106 2583 954 2107 2584 915 2108 2585 1375 2109 2586 1348 2110 2587 915 2111 2588 1374 2112 2589 917 2113 2590 920 2114 2591 1373 2115 2592 920 2116 2593 923 2117 2594 1373 2118 2595 1347 2119 2596 920 2120 2597 1374 2121 2598 920 2122 2599 1347 2123 2600 1372 2124 2601 922 2125 2602 925 2126 2603 1344 2127 2604 925 2128 2605 928 2129 2606 1346 2130 2607 925 2131 2608 1344 2132 2609 1372 2133 2610 925 2134 2611 1346 2135 2612 1363 2136 2613 927 2137 2614 930 2138 2615 1363 2139 2616 1343 2140 2617 927 2141 2618 937 301 2619 931 301 2620 929 301 2621 1340 2142 2622 930 2143 2623 933 2144 2624 1342 2145 2625 930 2146 2626 1340 2147 2627 1363 2148 2628 930 2149 2629 1342 2150 2630 937 301 2631 934 301 2632 931 301 2633 1316 2151 2634 932 2152 2635 936 2153 2636 1339 2154 2637 932 2155 2638 1316 2156 2639 1330 2157 2640 935 2158 2641 938 2159 2642 1330 2160 2643 1315 2161 2644 935 2162 2645 1330 2163 2646 938 2164 2647 1303 2165 2648 960 2166 2649 946 2167 2650 948 2168 2651 960 2169 2652 948 2170 2653 950 2171 2654 1350 2172 2655 951 2173 2656 954 2174 2657 960 2175 2658 950 2176 2659 958 2177 2660 1377 2178 2661 959 2179 2662 952 2180 2663 1376 2181 2664 951 2182 2665 1350 2183 2666 1350 2184 2667 954 2185 2668 1348 2186 2669 960 2187 2670 958 2188 2671 955 2189 2672 1377 2190 2673 957 2191 2674 959 2192 2675 974 2193 2676 961 2194 2677 956 2195 2678 977 2196 2679 956 2197 2680 970 2198 2681 1377 2199 2682 971 2200 2683 957 2201 2684 977 2202 2685 974 2203 2686 956 2204 2687 974 2205 2688 972 2206 2689 961 2207 2690 982 2208 2691 966 2209 2692 962 2210 2693 997 2211 2694 963 2211 2695 967 2211 2696 1000 2212 2697 983 2213 2698 965 2214 2699 988 2215 2700 984 2215 2701 963 2215 2702 1008 2216 2703 964 2217 2704 985 2218 2705 992 2219 2706 988 2220 2707 963 2221 2708 994 2222 2709 992 2222 2710 963 2222 2711 997 2223 2712 994 2224 2713 963 2225 2714 1008 2226 2715 999 2227 2716 964 2228 2717 979 2229 2718 970 2230 2719 966 2231 2720 1383 2232 2721 968 2233 2722 971 2234 2723 982 2235 2724 979 2236 2725 966 2237 2726 998 2238 2727 969 2239 2728 995 2240 2729 1385 2241 2730 995 2242 2731 969 2243 2732 1385 2244 2733 969 2245 2734 1384 2246 2735 979 2247 2736 977 2248 2737 970 2249 2738 1379 2250 2739 971 2251 2740 1377 2252 2741 1383 2253 2742 971 2254 2743 1379 2255 2744 1209 2256 2745 973 2257 2746 976 2258 2747 980 2259 2748 975 2260 2749 978 2261 2750 1208 2262 2751 975 2263 2752 980 2264 2753 1000 2265 2754 981 2266 2755 983 2267 2756 1207 2268 2757 981 2269 2758 1000 2270 2759 1208 2271 2760 980 2272 2761 1206 2273 2762 1390 2274 2763 987 2275 2764 991 2276 2765 1010 2277 2766 1009 2278 2767 986 2279 2768 1012 2280 2769 1010 2281 2770 986 2282 2771 1014 2283 2772 1012 2284 2773 986 2285 2774 1016 2286 2775 1014 2287 2776 986 2288 2777 1022 2289 2778 1016 2290 2779 986 2291 2780 1390 2292 2781 1023 2293 2782 987 2294 2783 1387 2295 2784 989 2296 2785 993 2297 2786 1397 2298 2787 990 2299 2788 1388 2300 2789 1391 2301 2790 1389 2302 2791 990 2303 2792 1395 2304 2793 1391 2305 2794 990 2306 2795 1397 2307 2796 1395 2308 2797 990 2309 2798 1387 2310 2799 993 2311 2800 996 2312 2801 1387 2313 2802 996 2314 2803 1386 2315 2804 1004 2316 2805 1001 2317 2806 999 2318 2807 1207 2319 2808 1000 2320 2809 1003 2321 2810 1008 2322 2811 1004 2323 2812 999 2324 2813 1086 2325 2814 1002 2325 2815 1007 2325 2816 1102 2326 2817 1002 2327 2818 1086 2328 2819 1207 2329 2820 1003 2330 2821 1103 2331 2822 1024 2332 2823 1005 2333 2824 1009 2334 2825 1026 2335 2826 1006 2336 2827 1025 2337 2828 1086 2338 2829 1007 2338 2830 1027 2338 2831 1024 2339 2832 1009 2340 2833 1010 2341 2834 1033 2342 2835 1011 2343 2836 1013 2344 2837 1033 2345 2838 1025 2346 2839 1011 2347 2840 1035 2348 2841 1013 2349 2842 1015 2350 2843 1035 2351 2844 1033 2352 2845 1013 2353 2846 1038 2354 2847 1015 2355 2848 1017 2356 2849 1038 2357 2850 1035 2358 2851 1015 2359 2852 1022 2360 2853 1018 2361 2854 1016 2362 2855 1038 2363 2856 1017 2364 2857 1019 2365 2858 1392 2366 2859 1020 2367 2860 1023 2368 2861 1040 2369 2862 1038 2370 2863 1019 2371 2864 1412 2372 2865 1041 2372 2866 1021 2372 2867 1412 301 2868 1021 301 2869 1393 301 2870 1392 2373 2871 1023 2374 2872 1390 2375 2873 1029 2376 2874 1026 2377 2875 1025 2378 2876 1031 2379 2877 1029 2380 2878 1025 2381 2879 1033 2382 2880 1031 2383 2881 1025 2384 2882 1101 2385 2883 1028 2386 2884 1030 2387 2885 1100 2388 2886 1086 2389 2887 1027 2390 2888 1101 2391 2889 1030 2392 2890 1032 2393 2891 1101 2394 2892 1032 2395 2893 1034 2396 2894 2011 2397 2895 1034 2398 2896 1036 2399 2897 1101 2400 2898 1034 2401 2899 1099 2402 2900 2011 2403 2901 1099 2404 2902 1034 2405 2903 2013 2406 2904 1037 2407 2905 1039 2408 2906 2012 2409 2907 2011 2410 2908 1036 2411 2909 2013 2412 2910 1039 2413 2911 1042 2414 2912 1414 301 2913 1041 301 2914 1412 301 2915 2013 2415 2916 1042 2416 2917 1417 2417 2918 1056 2418 2919 1046 2419 2920 1043 2420 2921 1137 2421 2922 1045 2422 2923 1047 2423 2924 1108 2424 2925 1056 2425 2926 1043 2426 2927 1120 2427 2928 1108 2427 2929 1043 2427 2930 1136 2428 2931 1121 2429 2932 1044 2430 2933 1053 2431 2934 1048 2432 2935 1046 2433 2936 1591 2434 2937 1047 2435 2938 1049 2436 2939 1056 2437 2940 1053 2438 2941 1046 2439 2942 1137 2440 2943 1047 2441 2944 1135 2442 2945 1590 2443 2946 1135 2444 2947 1047 2445 2948 1591 2446 2949 1590 2447 2950 1047 2448 2951 1053 2449 2952 1050 2450 2953 1048 2451 2954 1591 2452 2955 1049 2453 2956 1052 2454 2957 1575 2455 2958 1051 2456 2959 1055 2457 2960 1582 2458 2961 1051 2459 2962 1575 2460 2963 1591 2461 2964 1052 2462 2965 1583 2463 2966 1574 2464 2967 1054 2465 2968 1057 2466 2969 1108 2467 2970 1058 2467 2971 1056 2467 2972 1574 2468 2973 1057 2469 2974 1060 2470 2975 1108 2471 2976 1061 2471 2977 1058 2471 2978 1558 2472 2979 1059 2473 2980 1062 2474 2981 1574 2475 2982 1060 2476 2983 1559 2477 2984 1108 2478 2985 1063 2478 2986 1061 2478 2987 1566 2479 2988 1062 2480 2989 1064 2481 2990 1560 2482 2991 1558 2483 2992 1062 2484 2993 1564 2485 2994 1560 2486 2995 1062 2487 2996 1566 2488 2997 1564 2489 2998 1062 2490 2999 1104 2491 3000 1065 2491 3001 1063 2491 3002 1566 2492 3003 1064 2493 3004 1066 2494 3005 1108 2495 3006 1104 2496 3007 1063 2497 3008 1104 2498 3009 1067 2498 3010 1065 2498 3011 1568 2499 3012 1066 2500 3013 1068 2501 3014 1568 2502 3015 1566 2503 3016 1066 2504 3017 1104 2505 3018 1069 2505 3019 1067 2505 3020 1570 2506 3021 1068 2507 3022 1070 2508 3023 1570 2509 3024 1568 2510 3025 1068 2511 3026 1104 2512 3027 1071 2512 3028 1069 2512 3029 1572 2513 3030 1070 2514 3031 1073 2515 3032 1572 2516 3033 1570 2517 3034 1070 2518 3035 1104 2519 3036 1074 2520 3037 1071 2521 3038 1531 2522 3039 1072 2523 3040 1075 2524 3041 1556 2525 3042 1072 2526 3043 1531 2527 3044 1572 2528 3045 1073 2529 3046 1557 2530 3047 1104 2531 3048 1076 2532 3049 1074 2533 3050 1531 2534 3051 1075 2535 3052 1078 2536 3053 1104 2537 3054 1079 2538 3055 1076 2539 3056 1521 2540 3057 1077 2541 3058 1081 2542 3059 2009 2543 3060 1368 2543 3061 1584 2543 3062 1530 2544 3063 1077 2545 3064 1521 2546 3065 1104 2547 3066 1082 2548 3067 1079 2549 3068 1520 2550 3069 1080 2551 3070 1083 2552 3071 1104 2553 3072 1084 2553 3073 1082 2553 3074 1524 2554 3075 1083 2555 3076 1085 2556 3077 1522 2557 3078 2009 2557 3079 1584 2557 3080 1524 2558 3081 1520 2559 3082 1083 2560 3083 1104 2561 3084 1086 2562 3085 1084 2563 3086 1525 2564 3087 1085 2565 3088 1087 2566 3089 1525 2567 3090 1524 2568 3091 1085 2569 3092 1093 2570 3093 1089 2571 3094 1086 2572 3095 2001 2573 3096 1088 2574 3097 1090 2575 3098 1096 2576 3099 1093 2577 3100 1086 2578 3101 1098 2579 3102 1096 2580 3103 1086 2581 3104 1100 2582 3105 1098 2583 3106 1086 2584 3107 1104 2585 3108 1102 2586 3109 1086 2587 3110 1528 2588 3111 1525 2589 3112 1087 2590 3113 1999 2591 3114 1529 2592 3115 1088 2593 3116 2001 2594 3117 1999 2595 3118 1088 2596 3119 2007 2597 3120 1092 2598 3121 1094 2599 3122 2005 2600 3123 2002 2601 3124 1091 2602 3125 2007 2603 3126 2006 2604 3127 1092 2605 3128 1368 0 3129 1432 0 3130 1584 0 3131 2008 2606 3132 1095 2607 3133 1097 2608 3134 2011 2609 3135 1097 2610 3136 1099 2611 3137 164 2612 3138 1522 2612 3139 1782 2612 3140 2011 2613 3141 2008 2614 3142 1097 2615 3143 1207 2616 3144 1103 2617 3145 1107 2618 3146 1196 2619 3147 1105 2620 3148 1111 2621 3149 1202 2622 3150 1105 2623 3151 1196 2624 3152 1208 2625 3153 1206 2626 3154 1106 2627 3155 1120 2628 3156 1112 2628 3157 1108 2628 3158 1153 2629 3159 1109 2630 3160 1114 2631 3161 1193 2632 3162 1109 2633 3163 1153 2634 3164 1195 2635 3165 1110 2636 3166 1194 2637 3167 1120 2638 3168 1115 2639 3169 1112 2640 3170 1147 2641 3171 1113 2642 3172 1116 2643 3173 1152 2644 3174 1113 2645 3175 1147 2646 3176 1120 2647 3177 1117 2648 3178 1115 2649 3179 1147 2650 3180 1116 2651 3181 1119 2652 3182 1139 2653 3183 1118 2654 3184 1123 2655 3185 1146 2656 3186 1118 2657 3187 1139 2658 3188 1136 2659 3189 1124 2660 3190 1121 2661 3191 1144 2662 3192 1122 2663 3193 1125 2664 3194 1144 2665 3195 1138 2666 3196 1122 2667 3197 1130 2668 3198 1126 2669 3199 1124 2670 3200 1144 2671 3201 1125 2672 3202 1127 2673 3203 1134 2674 3204 1130 2675 3205 1124 2676 3206 1136 2677 3207 1134 2678 3208 1124 2679 3209 1602 663 3210 1128 663 3211 1133 663 3212 1674 2680 3213 1145 2681 3214 1129 2682 3215 1665 663 3216 1128 663 3217 1602 663 3218 1674 2683 3219 1129 2684 3220 1666 2685 3221 1590 2686 3222 1131 2687 3223 1135 2688 3224 1592 2689 3225 1131 2690 3226 1590 2691 3227 1600 2692 3228 1132 2693 3229 1593 2694 3230 1144 2695 3231 1140 2696 3232 1138 2697 3233 1146 2698 3234 1139 2699 3235 1141 2700 3236 1670 2701 3237 1142 2702 3238 1145 2703 3239 1148 2704 3240 1146 2705 3241 1141 2706 3242 1167 2707 3243 1151 2707 3244 1143 2707 3245 1676 2708 3246 1167 2708 3247 1143 2708 3248 1678 1229 3249 1143 1229 3250 1671 1229 3251 1678 2709 3252 1676 2709 3253 1143 2709 3254 1674 2710 3255 1670 2711 3256 1145 2712 3257 1158 2713 3258 1147 2714 3259 1149 2715 3260 1154 2716 3261 1152 2717 3262 1147 2718 3263 1158 2719 3264 1154 2720 3265 1147 2721 3266 1164 2722 3267 1159 2723 3268 1150 2724 3269 1166 2725 3270 1164 2726 3271 1150 2727 3272 1193 2728 3273 1153 2729 3274 1157 2730 3275 1160 2731 3276 1155 2732 3277 1159 2733 3278 1191 2734 3279 1156 2735 3280 1161 2736 3281 1188 2737 3282 1170 2737 3283 1156 2737 3284 1193 2738 3285 1157 2739 3286 1171 2740 3287 1191 2741 3288 1188 2742 3289 1156 2743 3290 1164 2744 3291 1160 2745 3292 1159 2746 3293 1688 2747 3294 1162 2748 3295 1165 2749 3296 1989 2750 3297 1192 2751 3298 1163 2752 3299 1690 2753 3300 1162 2754 3301 1688 2755 3302 1988 2756 3303 1162 2757 3304 1690 2758 3305 1688 2759 3306 1165 2760 3307 1169 2761 3308 1685 2762 3309 1168 2763 3310 1677 2764 3311 1687 2765 3312 1168 2766 3313 1685 2767 3314 1186 2768 3315 1173 2769 3316 1170 2770 3317 1200 2771 3318 1172 2772 3319 1174 2773 3320 1188 2774 3321 1186 2775 3322 1170 2776 3323 1200 2777 3324 1194 2778 3325 1172 2779 3326 1184 2780 3327 1175 2781 3328 1173 2782 3329 1200 2783 3330 1174 2784 3331 1176 2785 3332 1186 2786 3333 1184 2787 3334 1173 2788 3335 1184 2789 3336 1178 2790 3337 1175 2791 3338 1210 2792 3339 1177 2793 3340 1179 2794 3341 1184 2795 3342 1180 2795 3343 1178 2795 3344 1216 2796 3345 1179 2797 3346 1181 2798 3347 1212 2799 3348 1210 2800 3349 1179 2801 3350 1216 2802 3351 1212 2803 3352 1179 2804 3353 1996 2805 3354 1182 2806 3355 1185 2807 3356 1995 2808 3357 1217 2809 3358 1183 2810 3359 1996 2811 3360 1994 2812 3361 1182 2813 3362 1996 2814 3363 1185 2815 3364 1187 2816 3365 1993 2817 3366 1187 2818 3367 1190 2819 3368 1996 2820 3369 1187 2821 3370 1993 2822 3371 1989 2823 3372 1189 2824 3373 1192 2825 3374 2129 0 3375 2127 0 3376 2125 0 3377 1992 2826 3378 1189 2827 3379 1989 2828 3380 1197 2829 3381 1195 2830 3382 1194 2831 3383 1200 2832 3384 1197 2833 3385 1194 2834 3386 1202 2835 3387 1196 2836 3388 1198 2837 3389 1205 2838 3390 1199 2839 3391 1201 2840 3392 1204 2841 3393 1202 2842 3394 1198 2843 3395 1218 2844 3396 1211 2845 3397 1213 2846 3398 1995 2847 3399 1215 2848 3400 1217 2849 3401 1225 2850 3402 1219 2851 3403 1214 2852 3404 1995 2853 3405 1226 2854 3406 1215 2855 3407 1225 2856 3408 1222 2857 3409 1220 2858 3410 1229 2859 3411 1221 2860 3412 1223 2861 3413 1229 2862 3414 1227 2863 3415 1221 2864 3416 1245 2865 3417 1224 2866 3418 1226 2867 3419 1246 2868 3420 1229 2869 3421 1223 2870 3422 1247 2871 3423 1224 2872 3424 1245 2873 3425 1995 2874 3426 1245 2875 3427 1226 2876 3428 1248 2877 3429 1228 2878 3430 1230 2879 3431 1243 2880 3432 1233 2881 3433 1229 2882 3434 1269 2883 3435 1232 2884 3436 1234 2885 3437 1246 2886 3438 1243 2887 3439 1229 2888 3440 1253 2889 3441 1249 2890 3442 1231 2891 3443 1267 2892 3444 1254 2893 3445 1232 2894 3446 1269 2895 3447 1267 2896 3448 1232 2897 3449 1239 2898 3450 1235 2899 3451 1233 2900 3452 1270 2901 3453 1234 2902 3454 1236 2903 3455 1241 2904 3456 1239 2905 3457 1233 2906 3458 1243 2907 3459 1241 2908 3460 1233 2909 3461 1270 2910 3462 1269 2911 3463 1234 2912 3464 1996 2913 3465 1238 2914 3466 1240 2915 3467 1276 2916 3468 1270 2917 3469 1236 2918 3470 1992 2919 3471 1277 2920 3472 1237 2921 3473 1996 2922 3474 1993 2923 3475 1238 2924 3476 1244 2925 3477 1240 2926 3478 1242 2927 3479 1994 2928 3480 1240 2929 3481 1244 2930 3482 1996 2931 3483 1240 2932 3484 1994 2933 3485 1253 2934 3486 1250 2935 3487 1249 2936 3488 1260 2937 3489 1249 2938 3490 1250 2939 3491 1262 2940 3492 1251 2941 3493 1254 2942 3494 1307 2943 3495 1261 2944 3496 1252 2945 3497 1307 2946 3498 1252 2947 3499 1263 2948 3500 2129 2949 3501 2125 2949 3502 2119 2949 3503 1264 2950 3504 1262 2951 3505 1254 2952 3506 1267 2953 3507 1264 2954 3508 1254 2955 3509 1300 2956 3510 1258 2957 3511 1261 2958 3512 1302 2959 3513 1300 2960 3514 1261 2961 3515 1307 2962 3516 1302 2963 3517 1261 2964 3518 1307 2965 3519 1263 2966 3520 1265 2967 3521 1314 1229 3522 1266 1229 3523 1268 1229 3524 1313 2968 3525 1307 2969 3526 1265 2970 3527 1278 2971 3528 1267 2972 3529 1269 2973 3530 1314 2974 3531 1268 2974 3532 1280 2974 3533 1285 2975 3534 1269 2976 3535 1270 2977 3536 1281 2978 3537 1278 2979 3538 1269 2980 3539 1283 2981 3540 1281 2982 3541 1269 2983 3542 1285 2984 3543 1283 2985 3544 1269 2986 3545 1276 2987 3546 1272 2988 3547 1270 2989 3548 1691 2990 3549 1271 2991 3550 1273 2992 3551 1287 2993 3552 1285 2994 3553 1270 2995 3554 1298 2996 3555 1287 2997 3556 1270 2998 3557 1691 2999 3558 1299 3000 3559 1271 3001 3560 1992 3002 3561 1275 3003 3562 1277 3004 3563 1988 3005 3564 1692 3006 3565 1274 3007 3566 1992 3008 3567 1989 3009 3568 1275 3010 3569 1310 3011 3570 1279 3012 3571 1282 3013 3572 1314 1229 3573 1280 1229 3574 1312 1229 3575 1703 3014 3576 1282 3015 3577 1284 3016 3578 1703 3017 3579 1310 3018 3580 1282 3019 3581 1705 3020 3582 1284 3021 3583 1286 3022 3584 1705 3023 3585 1703 3024 3586 1284 3025 3587 1705 3026 3588 1286 3027 3589 1288 3028 3590 1298 3029 3591 1289 3030 3592 1287 3031 3593 1705 3032 3594 1288 3033 3595 1291 3034 3596 1298 3035 3597 1292 3036 3598 1289 3037 3599 1323 3038 3600 1290 3038 3601 1293 3038 3602 1705 3039 3603 1291 3040 3604 1324 3041 3605 1298 3042 3606 1294 3043 3607 1292 3044 3608 1694 3045 3609 1293 3045 3610 1297 3045 3611 1694 3038 3612 1323 3038 3613 1293 3038 3614 1691 3046 3615 1295 3047 3616 1299 3048 3617 1691 3049 3618 1685 3050 3619 1295 3051 3620 1697 3052 3621 1296 3053 3622 1686 3054 3623 1697 3055 3624 1693 3056 3625 1296 3057 3626 1331 3058 3627 1304 3059 3628 1308 3060 3629 1923 3061 3630 2129 3061 3631 2121 3061 3632 1331 3062 3633 1308 3063 3634 1329 3064 3635 1704 3065 3636 1329 3066 3637 1308 3067 3638 1313 3068 3639 1309 3069 3640 1307 3070 3641 1704 3071 3642 1308 3072 3643 1311 3073 3644 1326 3074 3645 1317 3075 3646 1315 3076 3647 1341 3077 3648 1316 3078 3649 1318 3079 3650 1328 3080 3651 1326 3081 3652 1315 3082 3653 1330 3083 3654 1328 3084 3655 1315 3085 3656 1341 3086 3657 1339 3087 3658 1316 3088 3659 1322 3089 3660 1319 3090 3661 1317 3091 3662 1332 3092 3663 1318 3093 3664 1320 3094 3665 1326 3095 3666 1322 3096 3667 1317 3097 3668 1341 3098 3669 1318 3099 3670 1332 3100 3671 1699 3038 3672 1321 3038 3673 1323 3038 3674 1334 3101 3675 1332 3102 3676 1320 3103 3677 1336 3104 3678 1334 3105 3679 1320 3106 3680 1699 3038 3681 1338 3038 3682 1321 3038 3683 1706 3107 3684 1325 3108 3685 1327 3109 3686 1699 3038 3687 1323 3038 3688 1694 3038 3689 1706 3110 3690 1327 3111 3691 1329 3112 3692 1706 3113 3693 1329 3114 3694 1704 3115 3695 1363 3116 3696 1333 3117 3697 1335 3118 3698 1363 3119 3699 1342 3120 3700 1333 3121 3701 1363 3122 3702 1335 3123 3703 1337 3124 3704 2129 3125 3705 2119 3125 3706 2121 3125 3707 2125 0 3708 2122 0 3709 2117 0 3710 1363 3126 3711 1345 3127 3712 1343 3128 3713 1363 3129 3714 1349 3130 3715 1345 3131 3716 1355 3132 3717 1351 3133 3718 1349 3134 3719 1378 3135 3720 1350 3136 3721 1352 3137 3722 1357 3138 3723 1355 3139 3724 1349 3140 3725 1361 3141 3726 1357 3142 3727 1349 3143 3728 1363 3144 3729 1361 3145 3730 1349 3146 3731 1378 3147 3732 1376 3148 3733 1350 3149 3734 1387 3150 3735 1354 3151 3736 1356 3152 3737 1381 3153 3738 1378 3154 3739 1352 3155 3740 1385 3156 3741 1382 3157 3742 1353 3158 3743 1387 3159 3744 1386 3160 3745 1354 3161 3746 1387 3162 3747 1356 3163 3748 1358 3164 3749 1400 3165 3750 1360 3166 3751 1362 3167 3752 1399 3168 3753 1388 3169 3754 1359 3170 3755 1370 3171 3756 1361 3172 3757 1363 3173 3758 1400 3174 3759 1362 3175 3760 1371 3176 3761 1337 3177 3762 1364 3178 3763 1363 3179 3764 1370 3180 3765 1363 3181 3766 1364 3182 3767 1699 3038 3768 1365 3038 3769 1338 3038 3770 1710 3183 3771 1371 3184 3772 1367 3185 3773 1707 3186 3774 1366 3187 3775 1700 3188 3776 1709 3189 3777 1366 3190 3778 1707 3191 3779 1710 3192 3780 1400 3193 3781 1371 3194 3782 1385 3195 3783 1380 3196 3784 1382 3197 3785 1385 3198 3786 1384 3199 3787 1380 3200 3788 1399 3201 3789 1397 3202 3790 1388 3203 3791 1413 3204 3792 1394 3205 3793 1396 3206 3794 1411 3207 3795 1396 3208 3796 1398 3209 3797 1413 3210 3798 1396 3211 3799 1411 3212 3800 1710 3213 3801 1398 3214 3802 1400 3215 3803 1710 3216 3804 1411 3217 3805 1398 3218 3806 1418 301 3807 1405 301 3808 1401 301 3809 1712 3219 3810 1403 3220 3811 1408 3221 3812 1428 3222 3813 1419 3223 3814 1402 3224 3815 1718 3225 3816 1429 3226 3817 1404 3227 3818 1717 3228 3819 1403 3229 3820 1712 3230 3821 1418 301 3822 1409 301 3823 1405 301 3824 1709 3231 3825 1406 3232 3826 1410 3233 3827 1709 3234 3828 1707 3235 3829 1406 3236 3830 1711 3237 3831 1407 3238 3832 1708 3239 3833 1418 3240 3834 1412 3240 3835 1409 3240 3836 1418 3241 3837 1414 3241 3838 1412 3241 3839 2006 3242 3840 1415 3243 3841 1421 3244 3842 2007 3245 3843 1415 3246 3844 2006 3247 3845 2011 3248 3846 1416 3249 3847 2008 3250 3848 2012 3251 3849 1416 3252 3850 2011 3253 3851 1430 3254 3852 1419 3255 3853 1428 3256 3854 2003 3257 3855 1420 3258 3856 1431 3259 3857 2005 3260 3858 1420 3261 3859 2003 3262 3860 1430 3263 3861 1425 3264 3862 1422 3265 3863 1446 3266 3864 1423 3266 3865 1426 3266 3866 1440 3267 3867 1431 3268 3868 1424 3269 3869 1446 3270 3870 1439 3270 3871 1423 3270 3872 1430 3271 3873 1428 3272 3874 1425 3273 3875 1720 3274 3876 1427 3275 3877 1429 3276 3878 2125 3277 3879 2117 3277 3880 2119 3277 3881 1446 3278 3882 1426 3278 3883 1437 3278 3884 1720 3279 3885 1438 3280 3886 1427 3281 3887 1720 3282 3888 1429 3283 3889 1718 3284 3890 2122 3285 3891 2115 3285 3892 2117 3285 3893 2003 3286 3894 1431 3287 3895 1440 3288 3896 1446 3289 3897 1437 3289 3898 1434 3289 3899 1462 3290 3900 1436 3291 3901 1438 3292 3902 1450 663 3903 1446 663 3904 1434 663 3905 1461 3293 3906 1451 3294 3907 1435 3295 3908 1719 3296 3909 1462 3297 3910 1438 3298 3911 1720 3299 3912 1719 3300 3913 1438 3301 3914 1446 3302 3915 1441 3302 3916 1439 3302 3917 2003 3303 3918 1440 3304 3919 1442 3305 3920 1446 663 3921 1443 663 3922 1441 663 3923 2004 3306 3924 1442 3307 3925 1445 3308 3926 2004 3309 3927 2003 3310 3928 1442 3311 3929 1527 3312 3930 1444 3313 3931 1449 3314 3932 1529 3315 3933 1444 3316 3934 1527 3317 3935 1999 3318 3936 1444 3319 3937 1529 3320 3938 2004 3321 3939 1445 3322 3940 2000 3323 3941 1507 3324 3942 1447 3325 3943 1453 3326 3944 1512 3327 3945 1447 3328 3946 1507 3329 3947 1526 3330 3948 1448 3331 3949 1513 3332 3950 1463 3333 3951 1451 3334 3952 1461 3335 3953 1502 3336 3954 1452 3337 3955 1464 3338 3956 1506 3339 3957 1452 3340 3958 1502 3341 3959 1463 3342 3960 1457 3343 3961 1454 3344 3962 1473 3345 3963 1455 3345 3964 1458 3345 3965 1466 3346 3966 1464 3347 3967 1456 3348 3968 1473 3349 3969 1465 3349 3970 1455 3349 3971 1463 3350 3972 1461 3351 3973 1457 3352 3974 1719 3353 3975 1460 3354 3976 1462 3355 3977 1489 740 3978 1473 740 3979 1458 740 3980 1492 740 3981 1489 740 3982 1458 740 3983 1498 740 3984 1492 740 3985 1458 740 3986 1717 3356 3987 1500 3357 3988 1459 3358 3989 1719 3359 3990 1718 3360 3991 1460 3361 3992 1502 3362 3993 1464 3363 3994 1466 3364 3995 1470 740 3996 1467 740 3997 1465 740 3998 1503 3365 3999 1466 3366 4000 1468 3367 4001 1473 3368 4002 1470 3368 4003 1465 3368 4004 1503 3369 4005 1502 3370 4006 1466 3371 4007 1540 3372 4008 1469 3373 4009 1471 3374 4010 1504 3375 4011 1503 3376 4012 1468 3377 4013 1540 3378 4014 1505 3379 4015 1469 3380 4016 1548 3381 4017 1472 3382 4018 1474 3383 4019 1548 3384 4020 1541 3385 4021 1472 3386 4022 1489 3387 4023 1475 3387 4024 1473 3387 4025 1548 3388 4026 1474 3389 4027 1476 3390 4028 1489 740 4029 1478 740 4030 1475 740 4031 1825 3391 4032 1477 3392 4033 1479 3393 4034 1825 3394 4035 1549 3395 4036 1477 3396 4037 1484 740 4038 1480 740 4039 1478 740 4040 1825 3397 4041 1479 3398 4042 1483 3399 4043 1487 740 4044 1484 740 4045 1478 740 4046 1489 740 4047 1487 740 4048 1478 740 4049 1814 3400 4050 1482 3401 4051 1486 3402 4052 1823 3403 4053 1482 3404 4054 1814 3405 4055 1824 3406 4056 1481 3407 4057 1822 3408 4058 1806 3409 4059 1485 3410 4060 1488 3411 4061 1813 3412 4062 1485 3413 4063 1806 3414 4064 1806 3415 4065 1488 3416 4066 1491 3417 4067 1804 3418 4068 1490 3419 4069 1493 3420 4070 1805 3421 4071 1490 3422 4072 1804 3423 4073 1498 3424 4074 1494 3424 4075 1492 3424 4076 1738 3425 4077 1493 3426 4078 1497 3427 4079 1804 3428 4080 1493 3429 4081 1738 3430 4082 1716 3431 4083 1495 3432 4084 1501 3433 4085 1723 3434 4086 1495 3435 4087 1716 3436 4088 1737 3437 4089 1496 3438 4090 1724 3439 4091 1713 3440 4092 1499 3441 4093 1711 3442 4094 1717 3443 4095 1712 3444 4096 1500 3445 4097 1714 3446 4098 1499 3447 4099 1713 3448 4100 1715 3449 4101 1499 3450 4102 1714 3451 4103 1506 3452 4104 1502 3453 4105 1503 3454 4106 1506 3455 4107 1503 3456 4108 1504 3457 4109 1508 3458 4110 1506 3459 4111 1504 3460 4112 1537 3461 4113 1511 3462 4114 1505 3463 4115 1540 3464 4116 1537 3465 4117 1505 3466 4118 1514 3467 4119 1507 3468 4120 1509 3469 4121 1514 3470 4122 1512 3471 4123 1507 3472 4124 1516 3473 4125 1514 3474 4126 1509 3475 4127 1533 1229 4128 1519 1229 4129 1510 1229 4130 1536 1229 4131 1533 1229 4132 1510 1229 4133 1524 3476 4134 1513 3477 4135 1515 3478 4136 1525 3479 4137 1513 3480 4138 1524 3481 4139 1526 3482 4140 1513 3483 4141 1525 3484 4142 1524 3485 4143 1515 3486 4144 1517 3487 4145 1524 3488 4146 1517 3489 4147 1520 3490 4148 1530 3491 4149 1521 3492 4150 1518 3493 4151 1532 3494 4152 1530 3495 4153 1518 3496 4154 1528 3497 4155 1526 3498 4156 1525 3499 4157 1556 3500 4158 1531 3501 4159 1535 3502 4160 1543 3503 4161 1534 3504 4162 1539 3505 4163 1550 3506 4164 1534 3507 4165 1543 3508 4166 1553 3509 4167 1535 3510 4168 1551 3511 4169 1556 3512 4170 1535 3513 4171 1553 3514 4172 1542 3515 4173 1538 3516 4174 1541 3517 4175 1544 3518 4176 1542 3519 4177 1541 3520 4178 1548 3521 4179 1544 3522 4180 1541 3523 4181 1550 3524 4182 1543 3525 4183 1545 3526 4184 1831 3527 4185 1546 3528 4186 1549 3529 4187 1552 3530 4188 1550 3531 4189 1545 3532 4190 1832 3533 4191 1555 3534 4192 1547 3535 4193 1827 3536 4194 1549 3537 4195 1825 3538 4196 1831 3539 4197 1549 3540 4198 1827 3541 4199 1572 3542 4200 1557 3543 4201 1554 3544 4202 1795 3545 4203 1573 3546 4204 1555 3547 4205 1795 3548 4206 1555 3549 4207 1793 3550 4208 1821 3551 4209 1793 3552 4210 1555 3553 4211 1821 3554 4212 1555 3555 4213 1819 3556 4214 1830 3557 4215 1819 3558 4216 1555 3559 4217 1830 3560 4218 1555 3561 4219 1828 3562 4220 1832 3563 4221 1828 3564 4222 1555 3565 4223 1574 3566 4224 1559 3567 4225 1561 3568 4226 1833 3569 4227 1562 3570 4228 1565 3571 4229 1576 3572 4230 1574 3573 4231 1561 3574 4232 1580 3575 4233 1576 3576 4234 1561 3577 4235 1886 3578 4236 1581 3579 4237 1563 3580 4238 1886 3581 4239 1563 3582 4240 1834 3583 4241 1852 3584 4242 1565 3585 4243 1567 3586 4244 1837 3587 4245 1833 3588 4246 1565 3589 4247 1839 3590 4248 1837 3591 4249 1565 3592 4250 1842 3593 4251 1839 3594 4252 1565 3595 4253 1844 3596 4254 1842 3597 4255 1565 3598 4256 1847 3599 4257 1844 3600 4258 1565 3601 4259 1849 3602 4260 1847 3603 4261 1565 3604 4262 1852 3605 4263 1849 3606 4264 1565 3607 4265 1870 3608 4266 1567 3609 4267 1569 3610 4268 1854 3611 4269 1852 3612 4270 1567 3613 4271 1856 3614 4272 1854 3615 4273 1567 3616 4274 1859 3617 4275 1856 3618 4276 1567 3619 4277 1862 3620 4278 1859 3621 4279 1567 3622 4280 1864 3623 4281 1862 3624 4282 1567 3625 4283 1866 3626 4284 1864 3627 4285 1567 3628 4286 1868 3629 4287 1866 3630 4288 1567 3631 4289 1870 3632 4290 1868 3633 4291 1567 3634 4292 1873 3635 4293 1569 3636 4294 1571 3637 4295 1873 3638 4296 1870 3639 4297 1569 3640 4298 1878 3641 4299 1571 3642 4300 1573 3643 4301 1875 3644 4302 1873 3645 4303 1571 3646 4304 1878 3647 4305 1875 3648 4306 1571 3649 4307 1802 3650 4308 1776 3651 4309 1573 3652 4310 1884 3653 4311 1573 3654 4312 1776 3655 4313 1802 3656 4314 1573 3657 4315 1795 3658 4316 1880 3659 4317 1878 3660 4318 1573 3661 4319 1882 3662 4320 1880 3663 4321 1573 3664 4322 1884 3665 4323 1882 3666 4324 1573 3667 4325 1582 3668 4326 1575 3669 4327 1577 3670 4328 1608 3671 4329 1579 3672 4330 1581 3673 4331 1990 0 4332 2112 0 4333 1305 0 4334 1586 3674 4335 1582 3675 4336 1577 3676 4337 1606 301 4338 1589 301 4339 1578 301 4340 1886 3677 4341 1608 3678 4342 1581 3679 4343 1305 0 4344 2112 0 4345 2122 0 4346 1594 3680 4347 1591 3681 4348 1583 3682 4349 1594 3683 4350 1583 3684 4351 1587 3685 4352 1604 3686 4353 1595 3687 4354 1588 3688 4355 1604 3689 4356 1588 3690 4357 1596 3691 4358 1606 301 4359 1597 301 4360 1589 301 4361 1592 3692 4362 1590 3693 4363 1591 3694 4364 1594 3695 4365 1592 3696 4366 1591 3697 4367 1604 3698 4368 1593 3699 4369 1595 3700 4370 1604 3701 4371 1600 3702 4372 1593 3703 4373 1997 3704 4374 1605 3705 4375 1599 3706 4376 1616 3707 4377 1598 3708 4378 1607 3709 4379 1618 3710 4380 1598 3711 4381 1616 3712 4382 1997 3713 4383 1599 3714 4384 1619 3715 4385 1664 3716 4386 1603 3717 4387 1605 3718 4388 1663 3719 4389 1658 3720 4390 1601 3721 4391 1668 663 4392 1602 663 4393 1659 663 4394 1668 663 4395 1665 663 4396 1602 663 4397 1998 3722 4398 1664 3723 4399 1605 3724 4400 1998 3725 4401 1605 3726 4402 1997 3727 4403 1888 3728 4404 1617 3729 4405 1609 3730 4406 1888 3731 4407 1609 3732 4408 1887 3733 4409 1618 3734 4410 1613 3735 4411 1610 3736 4412 1624 740 4413 1611 740 4414 1614 740 4415 1654 3737 4416 1619 3738 4417 1612 3739 4418 1653 740 4419 1611 740 4420 1624 740 4421 1618 3740 4422 1616 3741 4423 1613 3742 4424 1652 3743 4425 1615 3744 4426 1617 3745 4427 1651 740 4428 1624 740 4429 1614 740 4430 1652 3746 4431 1617 3747 4432 1649 3748 4433 1888 3749 4434 1649 3750 4435 1617 3751 4436 1997 3752 4437 1619 3753 4438 1654 3754 4439 1655 740 4440 1624 740 4441 1620 740 4442 1981 3755 4443 1622 3756 4444 1627 3757 4445 1661 3758 4446 1656 3759 4447 1621 3344 4448 1985 3760 4449 1662 3761 4450 1623 3762 4451 1984 3763 4452 1622 3764 4453 1981 3765 4454 1632 740 4455 1628 740 4456 1624 740 4457 1723 3766 4458 1625 3767 4459 1629 3768 4460 1634 3769 4461 1632 3769 4462 1624 3769 4463 1637 740 4464 1634 740 4465 1624 740 4466 1639 740 4467 1637 740 4468 1624 740 4469 1642 740 4470 1639 740 4471 1624 740 4472 1646 3770 4473 1642 3770 4474 1624 3770 4475 1648 3771 4476 1646 3771 4477 1624 3771 4478 1651 740 4479 1648 740 4480 1624 740 4481 1655 740 4482 1653 740 4483 1624 740 4484 1721 3772 4485 1625 3773 4486 1716 3774 4487 1723 3775 4488 1716 3776 4489 1625 3777 4490 1983 3778 4491 1626 3779 4492 1722 3780 4493 1982 3781 4494 1980 3782 4495 1626 3783 4496 1983 3784 4497 1982 3785 4498 1626 3786 4499 1919 3787 4500 1631 3788 4501 1633 3789 4502 1732 3790 4503 1724 3791 4504 1630 3792 4505 1919 3793 4506 1733 3794 4507 1631 3795 4508 1909 3796 4509 1633 3797 4510 1636 3798 4511 1919 3799 4512 1633 3800 4513 1909 3801 4514 1901 3802 4515 1635 3803 4516 1638 3804 4517 1901 3805 4518 1896 3806 4519 1635 3807 4520 1908 3808 4521 1635 3809 4522 1896 3810 4523 1901 3811 4524 1638 3812 4525 1641 3813 4526 1893 3814 4527 1640 3815 4528 1645 3816 4529 1900 3817 4530 1640 3818 4531 1893 3819 4532 1889 3820 4533 1643 3821 4534 1647 3822 4535 1890 3823 4536 1643 3824 4537 1889 3825 4538 1892 3826 4539 1644 3827 4540 1891 3828 4541 1889 3829 4542 1647 3830 4543 1650 3831 4544 1998 3832 4545 1654 3833 4546 1657 3834 4547 1998 3835 4548 1997 3836 4549 1654 3837 4550 1663 3351 4551 1656 3838 4552 1661 3839 4553 1998 3840 4554 1657 3841 4555 1664 3842 4556 1663 3843 4557 1661 3844 4558 1658 3845 4559 1987 3846 4560 1660 3847 4561 1662 3848 4562 1987 3849 4563 1669 3850 4564 1660 3851 4565 1987 3852 4566 1662 3853 4567 1985 3854 4568 1675 3855 4569 1667 3856 4570 1669 3857 4571 1986 3858 4572 1675 3859 4573 1669 3860 4574 1987 3861 4575 1986 3862 4576 1669 3863 4577 1986 3864 4578 1673 3865 4579 1675 3866 4580 1681 1229 4581 1678 1229 4582 1671 1229 4583 1984 3867 4584 1684 3868 4585 1672 3869 4586 1986 3870 4587 1985 3871 4588 1673 3872 4589 1685 3873 4590 1677 3874 4591 1679 3875 4592 1697 3876 4593 1680 3877 4594 1682 3878 4595 1697 3879 4596 1686 3880 4597 1680 3881 4598 1982 3882 4599 1698 3883 4600 1683 3884 4601 1982 3885 4602 1683 3886 4603 1980 3887 4604 1984 3888 4605 1981 3889 4606 1684 3890 4607 1689 3891 4608 1687 3892 4609 1685 3893 4610 1691 3894 4611 1689 3895 4612 1685 3896 4613 1988 3897 4614 1690 3898 4615 1692 3899 4616 1522 0 4617 1584 0 4618 1782 0 4619 1722 3900 4620 1696 3901 4621 1698 3902 4622 1721 3903 4623 1702 3904 4624 1695 3905 4625 1983 3906 4626 1722 3907 4627 1698 3908 4628 1983 3909 4629 1698 3910 4630 1982 3911 4631 1714 3912 4632 1708 3913 4633 1701 3914 4634 1715 3915 4635 1714 3916 4636 1701 3917 4637 1721 3918 4638 1716 3919 4639 1702 3920 4640 1713 3921 4641 1711 3922 4642 1708 3923 4643 1714 3924 4644 1713 3925 4645 1708 3926 4646 1720 3927 4647 1718 3928 4648 1719 3929 4649 1734 3930 4650 1724 3931 4651 1732 3932 4652 1737 3933 4653 1724 3934 4654 1734 3935 4655 1734 3936 4656 1727 3937 4657 1725 3938 4658 1752 3939 4659 1726 3940 4660 1728 3941 4661 1737 3942 4662 1734 3943 4663 1725 3944 4664 1737 3945 4665 1725 3946 4666 1735 3947 4667 1750 3948 4668 1736 3949 4669 1726 3950 4670 1752 3951 4671 1750 3952 4672 1726 3953 4673 1734 3954 4674 1729 3955 4675 1727 3956 4676 1752 3957 4677 1728 3958 4678 1730 3959 4679 1734 3960 4680 1732 3961 4681 1729 3962 4682 1767 3963 4683 1731 3964 4684 1733 3965 4685 1754 3966 4686 1752 3967 4687 1730 3968 4688 1766 3969 4689 1754 3970 4690 1730 3971 4691 1767 3972 4692 1733 3973 4693 1765 3974 4694 1920 3975 4695 1765 3976 4696 1733 3977 4697 1920 3978 4698 1733 3979 4699 1919 3980 4700 1739 3981 4701 1737 3982 4702 1735 3983 4703 1750 3984 4704 1740 3985 4705 1736 3986 4706 1803 3987 4707 1738 3988 4708 1741 3989 4709 1804 3990 4710 1738 3991 4711 1803 3992 4712 1768 3993 4713 1740 3994 4714 1750 3995 4715 1803 3996 4716 1741 3997 4717 1769 3998 4718 1770 3999 4719 1746 4000 4720 1742 4001 4721 1780 4002 4722 1743 4003 4723 1747 4004 4724 1800 4005 4725 1771 4006 4726 1745 4007 4727 1780 4008 4728 1772 4009 4729 1743 4010 4730 1799 4011 4731 1744 4012 4732 1773 4013 4733 1768 4014 4734 1750 4015 4735 1746 4016 4736 1947 4017 4737 1748 4018 4738 1751 4019 4739 1770 4020 4740 1768 4021 4741 1746 4022 4742 1948 4023 4743 1781 4024 4744 1749 4025 4745 1953 4026 4746 1751 4027 4747 1753 4028 4748 1949 4029 4749 1947 4030 4750 1751 4031 4751 1951 4032 4752 1949 4033 4753 1751 4034 4754 1953 4035 4755 1951 4036 4756 1751 4037 4757 1955 4038 4758 1753 4039 4759 1755 4040 4760 1954 4041 4761 1953 4042 4762 1753 4043 4763 1955 4044 4764 1954 4045 4765 1753 4046 4766 1760 4047 4767 1756 4048 4768 1754 4049 4769 1930 4050 4770 1755 4051 4771 1759 4052 4772 1764 4053 4773 1760 4054 4774 1754 4055 4775 1766 4056 4776 1764 4057 4777 1754 4058 4778 1955 4059 4779 1755 4060 4780 1930 4061 4781 1913 4062 4782 1757 4063 4783 1763 4064 4784 1921 4065 4785 1757 4066 4786 1913 4067 4787 1944 4068 4788 1758 4069 4789 1922 4070 4790 1928 4071 4791 1759 4072 4792 1926 4073 4793 1944 4074 4794 1925 4075 4795 1758 4076 4796 1930 4077 4797 1759 4078 4798 1928 4079 4799 1920 4080 4800 1762 4081 4801 1765 4082 4802 1914 4083 4803 1912 4084 4804 1761 4085 4805 1917 4086 4806 1914 4087 4807 1761 4088 4808 1920 4089 4809 1918 4090 4810 1762 4091 4811 1803 4092 4812 1769 4093 4813 1771 4094 4814 1800 4095 4815 1798 4096 4816 1771 4097 4817 1803 4098 4818 1771 4099 4819 1798 4100 4820 1777 4101 4821 1774 4102 4822 1772 4103 4823 1794 4104 4824 1773 4105 4825 1775 4106 4826 1780 4107 4827 1777 4108 4828 1772 4109 4829 2122 0 4830 2112 0 4831 2115 0 4832 1796 4110 4833 1773 4111 4834 1794 4112 4835 1799 4113 4836 1773 4114 4837 1796 4115 4838 1884 4116 4839 1776 4117 4840 1778 4118 4841 1801 4119 4842 1794 4120 4843 1775 4121 4844 1970 4122 4845 1779 4123 4846 1781 4124 4847 1970 4125 4848 1885 4126 4849 1779 4127 4850 164 0 4851 1782 0 4852 2109 0 4853 1970 4128 4854 1781 4129 4855 1948 4130 4856 1797 4131 4857 1789 4132 4858 1785 4133 4859 1812 4134 4860 1788 4135 4861 1790 4136 4862 1803 4137 4863 1798 4138 4864 1786 4139 4865 1804 4140 4866 1803 4141 4867 1786 4142 4868 1805 4143 4869 1804 4144 4870 1786 4145 4871 1811 4146 4872 1806 4147 4873 1787 4148 4874 1796 4149 4875 1791 4150 4876 1789 4151 4877 1820 4152 4878 1790 4153 4879 1792 4154 4880 1797 4155 4881 1796 4156 4882 1789 4157 4883 1815 4158 4884 1812 4159 4885 1790 4160 4886 1817 4161 4887 1815 4162 4888 1790 4163 4889 1820 4164 4890 1817 4165 4891 1790 4166 4892 1796 4167 4893 1794 4168 4894 1791 4169 4895 1799 4170 4896 1796 4171 4897 1797 4172 4898 1811 4173 4899 1807 4174 4900 1806 4175 4901 1813 4176 4902 1806 4177 4903 1807 4178 4904 1815 4179 4905 1808 4180 4906 1812 4181 4907 1823 4182 4908 1814 4183 4909 1810 4184 4910 1822 4185 4911 1809 4186 4912 1816 4187 4913 1829 4188 4914 1816 4189 4915 1818 4190 4916 1824 4191 4917 1822 4192 4918 1816 4193 4919 1826 4194 4920 1824 4195 4921 1816 4196 4922 1829 4197 4923 1826 4198 4924 1816 4199 4925 1890 4200 4926 1836 4201 4927 1838 4202 4928 1888 4203 4929 1887 4204 4930 1835 4205 4931 1890 4206 4932 1889 4207 4933 1836 4208 4934 1890 4209 4935 1838 4210 4936 1840 4211 4937 1898 4212 4938 1841 4213 4939 1843 4214 4940 1898 4215 4941 1891 4216 4942 1841 4217 4943 1898 4218 4944 1843 4219 4945 1845 4220 4946 1910 4221 4947 1846 4222 4948 1848 4223 4949 1910 4224 4950 1899 4225 4951 1846 4226 4952 1910 4227 4953 1848 4228 4954 1850 4229 4955 1914 4230 4956 1851 4231 4957 1853 4232 4958 1914 4233 4959 1911 4234 4960 1851 4235 4961 1912 4236 4962 1853 4237 4963 1855 4238 4964 1914 4239 4965 1853 4240 4966 1912 4241 4967 1912 4242 4968 1855 4243 4969 1857 4244 4970 1921 4245 4971 1858 4246 4972 1860 4247 4973 1921 4248 4974 1913 4249 4975 1858 4250 4976 1922 4251 4977 1861 4252 4978 1863 4253 4979 1944 4254 4980 1863 4255 4981 1865 4256 4982 1944 4257 4983 1922 4258 4984 1863 4259 4985 1943 4260 4986 1865 4261 4987 1867 4262 4988 1944 4263 4989 1865 4264 4990 1943 4265 4991 1942 4266 4992 1867 4267 4993 1869 4268 4994 1943 4269 4995 1867 4270 4996 1942 4271 4997 1941 4272 4998 1869 4273 4999 1871 4274 5000 1942 4275 5001 1869 4276 5002 1941 4277 5003 1977 4278 5004 1872 4279 5005 1874 4280 5006 1945 4281 5007 1941 4282 5008 1871 4283 5009 1977 4284 5010 1946 4285 5011 1872 4286 5012 1977 4287 5013 1874 4288 5014 1877 4289 5015 1976 4290 5016 1876 4291 5017 1879 4292 5018 1972 4293 5019 1879 4294 5020 1881 4295 5021 1973 4296 5022 1879 4297 5023 1972 4298 5024 1974 4299 5025 1879 4300 5026 1973 4301 5027 1976 4302 5028 1879 4303 5029 1974 4304 5030 1971 4305 5031 1881 4306 5032 1883 4307 5033 1972 4308 5034 1881 4309 5035 1971 4310 5036 1971 4311 5037 1883 4312 5038 1885 4313 5039 1971 4314 5040 1885 4315 5041 1970 4316 5042 1894 4317 5043 1892 4318 5044 1891 4319 5045 1898 4320 5046 1894 4321 5047 1891 4322 5048 1900 4323 5049 1893 4324 5050 1895 4325 5051 1907 4326 5052 1897 4327 5053 1899 4328 5054 1908 4329 5055 1896 4330 5056 1906 4331 5057 1907 4332 5058 1899 4333 5059 1903 4334 5060 1910 4335 5061 1903 4336 5062 1899 4337 5063 1908 4338 5064 1906 4339 5065 1902 4340 5066 1919 4341 5067 1909 4342 5068 1905 4343 5069 1915 4344 5070 1904 4345 5071 1911 4346 5072 1920 4347 5073 1905 4348 5074 1916 4349 5075 1920 4350 5076 1919 4351 5077 1905 4352 5078 1915 4353 5079 1911 4354 5080 1914 4355 5081 1782 0 5082 1923 0 5083 2109 0 5084 1917 4356 5085 1915 4357 5086 1914 4358 5087 1920 4359 5088 1916 4360 5089 1918 4361 5090 1923 0 5091 2121 0 5092 2109 0 5093 1944 4362 5094 1927 4363 5095 1925 4364 5096 1943 4365 5097 1929 4366 5098 1927 4367 5099 1944 4368 5100 1943 4369 5101 1927 4370 5102 1934 4371 5103 1930 4372 5104 1932 4373 5105 1943 4374 5106 1931 4375 5107 1929 4376 5108 1936 4377 5109 1930 4378 5110 1934 4379 5111 1955 4380 5112 1930 4381 5113 1936 4382 5114 1942 4383 5115 1933 4384 5116 1931 4385 5117 1943 4386 5118 1942 4387 5119 1931 4388 5120 1939 4389 5121 1935 4390 5122 1933 4391 5123 1941 4392 5124 1939 4393 5125 1933 4394 5126 1942 4395 5127 1941 4396 5128 1933 4397 5129 1978 4398 5130 1937 4399 5131 1940 4400 5132 1968 4401 5133 1955 4402 5134 1936 4403 5135 1979 740 5136 1969 740 5137 1938 740 5138 1945 4404 5139 1939 4405 5140 1941 4406 5141 1975 4407 5142 1940 4408 5143 1946 4409 5144 1975 4410 5145 1962 4411 5146 1940 4412 5147 1978 4413 5148 1940 4414 5149 1962 4415 5150 1977 4416 5151 1975 4417 5152 1946 4418 5153 1970 4419 5154 1948 4420 5155 1950 4421 5156 1970 4422 5157 1950 4423 5158 1952 4424 5159 1956 4425 5160 1951 4426 5161 1953 4427 5162 1971 4428 5163 1952 4429 5164 1957 4430 5165 1971 4431 5166 1970 4432 5167 1952 4433 5168 1964 4434 5169 1953 4435 5170 1954 4436 5171 1958 4437 5172 1956 4438 5173 1953 4439 5174 1960 4440 5175 1958 4441 5176 1953 4442 5177 1964 4443 5178 1960 4444 5179 1953 4445 5180 1968 4446 5181 1954 4447 5182 1955 4448 5183 1966 4449 5184 1964 4450 5185 1954 4451 5186 1968 4452 5187 1966 4453 5188 1954 4454 5189 1972 4455 5190 1957 4456 5191 1959 4457 5192 1972 4458 5193 1971 4459 5194 1957 4460 5195 1973 4461 5196 1959 4462 5197 1961 4463 5198 1973 4464 5199 1972 4465 5200 1959 4466 5201 1967 4467 5202 1963 4467 5203 1965 4467 5204 1979 4468 5205 1963 4468 5206 1967 4468 5207 1974 4469 5208 1973 4470 5209 1961 4471 5210 1979 740 5211 1967 740 5212 1969 740 5213 1987 4472 5214 1985 4473 5215 1986 4474 5216 2004 4475 5217 2000 4476 5218 2002 4477 5219 2005 4478 5220 2004 4479 5221 2002 4480 5222 2005 4481 5223 2003 4482 5224 2004 4483 5225 2043 0 5226 2033 0 5227 2021 0 5228 2045 0 5229 2043 0 5230 2021 0 5231 2062 0 5232 2045 0 5233 2021 0 5234 2034 0 5235 2024 0 5236 2027 0 5237 2054 0 5238 2024 0 5239 2034 0 5240 2056 0 5241 2024 0 5242 2054 0 5243 2034 4484 5244 2027 4484 5245 2029 4484 5246 2037 4485 5247 2029 4485 5248 2031 4485 5249 2037 0 5250 2034 0 5251 2029 0 5252 2041 4486 5253 2031 4486 5254 2033 4486 5255 2041 4487 5256 2037 4487 5257 2031 4487 5258 2043 3061 5259 2041 3061 5260 2033 3061 5261 2041 0 5262 2039 0 5263 2037 0 5264 2060 0 5265 2048 0 5266 2045 0 5267 2062 2612 5268 2060 2612 5269 2045 2612 5270 2052 0 5271 2050 0 5272 2048 0 5273 2058 2543 5274 2052 2543 5275 2048 2543 5276 2060 2557 5277 2058 2557 5278 2048 2557 5279 2056 0 5280 2054 0 5281 2052 0 5282 2058 4488 5283 2056 4488 5284 2052 4488 5285 2087 0 5286 2077 0 5287 2065 0 5288 2089 0 5289 2087 0 5290 2065 0 5291 2106 0 5292 2089 0 5293 2065 0 5294 2078 0 5295 2068 0 5296 2071 0 5297 2098 0 5298 2068 0 5299 2078 0 5300 2100 0 5301 2068 0 5302 2098 0 5303 2078 4489 5304 2071 4489 5305 2073 4489 5306 2081 4490 5307 2073 4490 5308 2075 4490 5309 2081 0 5310 2078 0 5311 2073 0 5312 2085 3125 5313 2075 3125 5314 2077 3125 5315 2085 4487 5316 2081 4487 5317 2075 4487 5318 2087 4491 5319 2085 4491 5320 2077 4491 5321 2085 0 5322 2083 0 5323 2081 0 5324 2104 0 5325 2092 0 5326 2089 0 5327 2106 2612 5328 2104 2612 5329 2089 2612 5330 2096 0 5331 2094 0 5332 2092 0 5333 2102 2543 5334 2096 2543 5335 2092 2543 5336 2104 4492 5337 2102 4492 5338 2092 4492 5339 2100 0 5340 2098 0 5341 2096 0 5342 2102 4488 5343 2100 4488 5344 2096 4488 5345</p>
        </triangles>
      </mesh>
    </geometry>
  </library_geometries>
  <library_visual_scenes>
    <visual_scene id="Scene" name="Scene">
      <node id="imetro_finger_v2_m_vis" name="imetro_finger_v2_m_vis" type="NODE">
        <matrix sid="transform">1 0 0 0 0 1 0 0 0 0 1 0 0 0 0 1</matrix>
        <instance_geometry url="#imetro_finger_v2_m_vis-mesh" name="imetro_finger_v2_m_vis">
          <bind_material>
            <technique_common>
              <instance_material symbol="MTL0-material" target="#MTL0-material">
                <bind_vertex_input semantic="UVMap" input_semantic="TEXCOORD" input_set="0"/>
              </instance_material>
            </technique_common>
          </bind_material>
        </instance_geometry>
      </node>
    </visual_scene>
  </library_visual_scenes>
  <scene>
    <instance_visual_scene url="#Scene"/>
  </scene>
</COLLADA>